#! /usr/bin/vvp
:ivl_version "12.0 (stable)";
:ivl_delay_selection "TYPICAL";
:vpi_time_precision + 0;
:vpi_module "/usr/lib/x86_64-linux-gnu/ivl/system.vpi";
:vpi_module "/usr/lib/x86_64-linux-gnu/ivl/vhdl_sys.vpi";
:vpi_module "/usr/lib/x86_64-linux-gnu/ivl/vhdl_textio.vpi";
:vpi_module "/usr/lib/x86_64-linux-gnu/ivl/v2005_math.vpi";
:vpi_module "/usr/lib/x86_64-linux-gnu/ivl/va_math.vpi";
:vpi_module "/usr/lib/x86_64-linux-gnu/ivl/v2009.vpi";
S_0x5749a3259300 .scope package, "$unit" "$unit" 2 1;
 .timescale 0 0;
S_0x5749a325a8d0 .scope module, "counter" "counter" 3 1;
 .timescale 0 0;
    .port_info 0 /INPUT 1 "clk";
    .port_info 1 /INPUT 1 "reset";
    .port_info 2 /OUTPUT 32 "count";
P_0x5749a325ac70 .param/l "STEP" 0 3 1, +C4<00000000000000000000000000000001>;
P_0x5749a325acb0 .param/l "WIDTH" 0 3 1, +C4<00000000000000000000000000100000>;
o0x76e44d4ed018 .functor BUFZ 1, C4<z>; HiZ drive
v0x5749a31a4d40_0 .net "clk", 0 0, o0x76e44d4ed018;  0 drivers
v0x5749a31cb5e0_0 .var "count", 31 0;
o0x76e44d4ed078 .functor BUFZ 1, C4<z>; HiZ drive
v0x5749a32e73c0_0 .net "reset", 0 0, o0x76e44d4ed078;  0 drivers
E_0x5749a323aa90 .event posedge, v0x5749a31a4d40_0;
S_0x5749a31615e0 .scope module, "register" "register" 4 1;
 .timescale 0 0;
    .port_info 0 /INPUT 1 "clk";
    .port_info 1 /INPUT 1 "reset";
    .port_info 2 /INPUT 32 "d";
    .port_info 3 /OUTPUT 32 "q";
P_0x5749a3161770 .param/l "WIDTH" 0 4 1, +C4<00000000000000000000000000100000>;
o0x76e44d4ed138 .functor BUFZ 1, C4<z>; HiZ drive
v0x5749a32e7530_0 .net "clk", 0 0, o0x76e44d4ed138;  0 drivers
o0x76e44d4ed168 .functor BUFZ 32, C4<zzzzzzzzzzzzzzzzzzzzzzzzzzzzzzzz>; HiZ drive
v0x5749a32e7610_0 .net "d", 31 0, o0x76e44d4ed168;  0 drivers
v0x5749a32e76f0_0 .var "q", 31 0;
o0x76e44d4ed1c8 .functor BUFZ 1, C4<z>; HiZ drive
v0x5749a32e77e0_0 .net "reset", 0 0, o0x76e44d4ed1c8;  0 drivers
E_0x5749a323a950 .event posedge, v0x5749a32e7530_0;
S_0x5749a31618a0 .scope module, "tb" "tb" 5 1;
 .timescale 0 0;
v0x5749a32ef890_0 .var "clk", 0 0;
v0x5749a32ef980_0 .net "current_instr", 31 0, L_0x5749a31aa800;  1 drivers
v0x5749a32efa40_0 .var/i "cycles", 31 0;
v0x5749a32efb00_0 .net "halted", 0 0, v0x5749a32ee4a0_0;  1 drivers
v0x5749a32efba0_0 .net/s "last_result", 31 0, L_0x5749a33016d0;  1 drivers
v0x5749a32efc90_0 .net "pc", 31 0, v0x5749a32ee880_0;  1 drivers
v0x5749a32efda0_0 .var/i "r", 31 0;
v0x5749a32efe80_0 .var "reset", 0 0;
S_0x5749a32e7950 .scope module, "dut" "cpu" 5 7, 6 1 0, S_0x5749a31618a0;
 .timescale 0 0;
    .port_info 0 /INPUT 1 "clk";
    .port_info 1 /INPUT 1 "reset";
    .port_info 2 /OUTPUT 32 "pc";
    .port_info 3 /OUTPUT 32 "current_instr";
    .port_info 4 /OUTPUT 32 "last_result";
    .port_info 5 /OUTPUT 1 "halted";
L_0x5749a3301490 .functor AND 1, v0x5749a32e9c00_0, L_0x5749a33018a0, C4<1>, C4<1>;
L_0x5749a3301ac0 .functor AND 1, v0x5749a32e9ca0_0, L_0x5749a33019e0, C4<1>, C4<1>;
L_0x5749a3301bd0 .functor OR 1, L_0x5749a3301490, L_0x5749a3301ac0, C4<0>, C4<0>;
L_0x5749a3301dd0 .functor AND 1, v0x5749a32ea5d0_0, L_0x5749a3301ce0, C4<1>, C4<1>;
L_0x5749a3302020 .functor AND 1, L_0x5749a3301dd0, L_0x5749a3301ee0, C4<1>, C4<1>;
L_0x5749a3302220 .functor AND 1, L_0x5749a3302020, L_0x5749a3302130, C4<1>, C4<1>;
v0x5749a32ed240_0 .net *"_ivl_12", 0 0, L_0x5749a33018a0;  1 drivers
v0x5749a32ed320_0 .net *"_ivl_15", 0 0, L_0x5749a3301490;  1 drivers
v0x5749a32ed3e0_0 .net *"_ivl_16", 0 0, L_0x5749a33019e0;  1 drivers
v0x5749a32ed4b0_0 .net *"_ivl_19", 0 0, L_0x5749a3301ac0;  1 drivers
v0x5749a32ed570_0 .net *"_ivl_23", 0 0, L_0x5749a3301ce0;  1 drivers
v0x5749a32ed630_0 .net *"_ivl_25", 0 0, L_0x5749a3301dd0;  1 drivers
v0x5749a32ed6f0_0 .net *"_ivl_27", 0 0, L_0x5749a3301ee0;  1 drivers
v0x5749a32ed7b0_0 .net *"_ivl_29", 0 0, L_0x5749a3302020;  1 drivers
v0x5749a32ed870_0 .net *"_ivl_31", 0 0, L_0x5749a3302130;  1 drivers
L_0x76e44d4a4330 .functor BUFT 1, C4<00000000000000000000000000000100>, C4<0>, C4<0>, C4<0>;
v0x5749a32ed930_0 .net/2u *"_ivl_4", 31 0, L_0x76e44d4a4330;  1 drivers
v0x5749a32eda10_0 .net *"_ivl_6", 31 0, L_0x5749a33013f0;  1 drivers
v0x5749a32edaf0_0 .net *"_ivl_8", 31 0, L_0x5749a3301590;  1 drivers
v0x5749a32edbd0_0 .net/s "alu_b", 31 0, L_0x5749a33010d0;  1 drivers
v0x5749a32edc90_0 .net "alu_op", 3 0, v0x5749a32e9af0_0;  1 drivers
v0x5749a32edd30_0 .net/s "alu_result", 31 0, v0x5749a32e94c0_0;  1 drivers
v0x5749a32eddf0_0 .net "branch_eq", 0 0, v0x5749a32e9c00_0;  1 drivers
v0x5749a32edec0_0 .net "branch_ne", 0 0, v0x5749a32e9ca0_0;  1 drivers
v0x5749a32ee0a0_0 .net "clk", 0 0, v0x5749a32ef890_0;  1 drivers
v0x5749a32ee170_0 .net "current_instr", 31 0, L_0x5749a31aa800;  alias, 1 drivers
v0x5749a32ee260_0 .net "dot_pred", 0 0, v0x5749a32e8290_0;  1 drivers
v0x5749a32ee300_0 .net/s "dot_result", 31 0, v0x5749a32e7fe0_0;  1 drivers
v0x5749a32ee3d0_0 .net "halt_dec", 0 0, v0x5749a32e9f80_0;  1 drivers
v0x5749a32ee4a0_0 .var "halted", 0 0;
v0x5749a32ee540_0 .net/s "imm", 31 0, v0x5749a32ea040_0;  1 drivers
v0x5749a32ee610_0 .net "is_dot", 0 0, v0x5749a32ea200_0;  1 drivers
v0x5749a32ee6e0_0 .net "jump", 0 0, v0x5749a32ea350_0;  1 drivers
v0x5749a32ee7b0_0 .net/s "last_result", 31 0, L_0x5749a33016d0;  alias, 1 drivers
v0x5749a32ee880_0 .var "pc", 31 0;
v0x5749a32ee950_0 .net "rd", 4 0, v0x5749a32ea4f0_0;  1 drivers
v0x5749a32eea40_0 .net "reg_write", 0 0, v0x5749a32ea5d0_0;  1 drivers
v0x5749a32eeae0_0 .net "reset", 0 0, v0x5749a32efe80_0;  1 drivers
v0x5749a32eeb80_0 .net "rf_we", 0 0, L_0x5749a3302220;  1 drivers
v0x5749a32eec50_0 .net "rs1", 4 0, v0x5749a32ea690_0;  1 drivers
v0x5749a32eef50_0 .net "rs2", 4 0, v0x5749a32ea770_0;  1 drivers
v0x5749a32ef040_0 .net/s "rv1", 31 0, L_0x5749a3300840;  1 drivers
v0x5749a32ef0e0_0 .net "rv1_u", 31 0, L_0x5749a3300840;  alias, 1 drivers
v0x5749a32ef180_0 .net/s "rv2", 31 0, L_0x5749a3300f40;  1 drivers
v0x5749a32ef220_0 .net "rv2_u", 31 0, L_0x5749a3300f40;  alias, 1 drivers
v0x5749a32ef2c0_0 .net "take_branch", 0 0, L_0x5749a3301bd0;  1 drivers
v0x5749a32ef380_0 .net "use_imm", 0 0, v0x5749a32ea850_0;  1 drivers
v0x5749a32ef420_0 .net "write_data", 31 0, L_0x5749a33016d0;  alias, 1 drivers
v0x5749a32ef510_0 .net "zero", 0 0, L_0x5749a3301260;  1 drivers
L_0x5749a33010d0 .functor MUXZ 32, L_0x5749a3300f40, v0x5749a32ea040_0, v0x5749a32ea850_0, C4<>;
L_0x5749a33013f0 .arith/sum 32, v0x5749a32ee880_0, L_0x76e44d4a4330;
L_0x5749a3301590 .functor MUXZ 32, v0x5749a32e94c0_0, v0x5749a32e7fe0_0, v0x5749a32ea200_0, C4<>;
L_0x5749a33016d0 .functor MUXZ 32, L_0x5749a3301590, L_0x5749a33013f0, v0x5749a32ea350_0, C4<>;
L_0x5749a33018a0 .cmp/eq 32, L_0x5749a3300840, L_0x5749a3300f40;
L_0x5749a33019e0 .cmp/ne 32, L_0x5749a3300840, L_0x5749a3300f40;
L_0x5749a3301ce0 .reduce/nor v0x5749a32efe80_0;
L_0x5749a3301ee0 .reduce/nor v0x5749a32ee4a0_0;
L_0x5749a3302130 .reduce/nor v0x5749a32e9f80_0;
S_0x5749a32e7bf0 .scope module, "acc" "ai_accelerator" 6 40, 7 1 0, S_0x5749a32e7950;
 .timescale 0 0;
    .port_info 0 /INPUT 32 "packed_x";
    .port_info 1 /INPUT 32 "packed_w";
    .port_info 2 /INPUT 32 "bias";
    .port_info 3 /OUTPUT 32 "dot";
    .port_info 4 /OUTPUT 1 "prediction";
L_0x76e44d4a42e8 .functor BUFT 1, C4<00000000000000000000000000000000>, C4<0>, C4<0>, C4<0>;
v0x5749a32e7ee0_0 .net/s "bias", 31 0, L_0x76e44d4a42e8;  1 drivers
v0x5749a32e7fe0_0 .var/s "dot", 31 0;
v0x5749a32e80c0_0 .net "packed_w", 31 0, L_0x5749a3300f40;  alias, 1 drivers
v0x5749a32e81b0_0 .net "packed_x", 31 0, L_0x5749a3300840;  alias, 1 drivers
v0x5749a32e8290_0 .var "prediction", 0 0;
v0x5749a32e83a0_0 .var/s "w0", 7 0;
v0x5749a32e8480_0 .var/s "w1", 7 0;
v0x5749a32e8560_0 .var/s "w2", 7 0;
v0x5749a32e8640_0 .var/s "w3", 7 0;
v0x5749a32e8720_0 .var/s "x0", 7 0;
v0x5749a32e8800_0 .var/s "x1", 7 0;
v0x5749a32e88e0_0 .var/s "x2", 7 0;
v0x5749a32e89c0_0 .var/s "x3", 7 0;
E_0x5749a32cc2d0/0 .event anyedge, v0x5749a32e81b0_0, v0x5749a32e81b0_0, v0x5749a32e81b0_0, v0x5749a32e81b0_0;
E_0x5749a32cc2d0/1 .event anyedge, v0x5749a32e80c0_0, v0x5749a32e80c0_0, v0x5749a32e80c0_0, v0x5749a32e80c0_0;
E_0x5749a32cc2d0/2 .event anyedge, v0x5749a32e7ee0_0;
E_0x5749a32cc2d0 .event/or E_0x5749a32cc2d0/0, E_0x5749a32cc2d0/1, E_0x5749a32cc2d0/2;
S_0x5749a32e8b40 .scope module, "alu0" "alu" 6 39, 8 1 0, S_0x5749a32e7950;
 .timescale 0 0;
    .port_info 0 /INPUT 32 "a";
    .port_info 1 /INPUT 32 "b";
    .port_info 2 /INPUT 4 "op";
    .port_info 3 /OUTPUT 32 "result";
    .port_info 4 /OUTPUT 1 "zero";
P_0x5749a31d3cf0 .param/l "ALU_ADD" 1 8 8, C4<0000>;
P_0x5749a31d3d30 .param/l "ALU_AND" 1 8 10, C4<0010>;
P_0x5749a31d3d70 .param/l "ALU_MUL" 1 8 13, C4<0101>;
P_0x5749a31d3db0 .param/l "ALU_OR" 1 8 11, C4<0011>;
P_0x5749a31d3df0 .param/l "ALU_SLT" 1 8 14, C4<0110>;
P_0x5749a31d3e30 .param/l "ALU_SRA" 1 8 15, C4<0111>;
P_0x5749a31d3e70 .param/l "ALU_SUB" 1 8 9, C4<0001>;
P_0x5749a31d3eb0 .param/l "ALU_XOR" 1 8 12, C4<0100>;
L_0x76e44d4a42a0 .functor BUFT 1, C4<00000000000000000000000000000000>, C4<0>, C4<0>, C4<0>;
v0x5749a32e9120_0 .net/2s *"_ivl_0", 31 0, L_0x76e44d4a42a0;  1 drivers
v0x5749a32e9220_0 .net/s "a", 31 0, L_0x5749a3300840;  alias, 1 drivers
v0x5749a32e9310_0 .net/s "b", 31 0, L_0x5749a33010d0;  alias, 1 drivers
v0x5749a32e93e0_0 .net "op", 3 0, v0x5749a32e9af0_0;  alias, 1 drivers
v0x5749a32e94c0_0 .var/s "result", 31 0;
v0x5749a32e95f0_0 .net "zero", 0 0, L_0x5749a3301260;  alias, 1 drivers
E_0x5749a32cc240 .event anyedge, v0x5749a32e93e0_0, v0x5749a32e81b0_0, v0x5749a32e9310_0, v0x5749a32e9310_0;
L_0x5749a3301260 .cmp/eq 32, v0x5749a32e94c0_0, L_0x76e44d4a42a0;
S_0x5749a32e9750 .scope module, "dec" "decoder" 6 22, 9 1 0, S_0x5749a32e7950;
 .timescale 0 0;
    .port_info 0 /INPUT 32 "instr";
    .port_info 1 /OUTPUT 5 "rs1";
    .port_info 2 /OUTPUT 5 "rs2";
    .port_info 3 /OUTPUT 5 "rd";
    .port_info 4 /OUTPUT 4 "alu_op";
    .port_info 5 /OUTPUT 1 "use_imm";
    .port_info 6 /OUTPUT 1 "reg_write";
    .port_info 7 /OUTPUT 1 "is_dot";
    .port_info 8 /OUTPUT 1 "branch_eq";
    .port_info 9 /OUTPUT 1 "branch_ne";
    .port_info 10 /OUTPUT 1 "jump";
    .port_info 11 /OUTPUT 1 "halt";
    .port_info 12 /OUTPUT 32 "imm";
v0x5749a32e9af0_0 .var "alu_op", 3 0;
v0x5749a32e9c00_0 .var "branch_eq", 0 0;
v0x5749a32e9ca0_0 .var "branch_ne", 0 0;
v0x5749a32e9d70_0 .var "funct3", 2 0;
v0x5749a32e9e50_0 .var "funct7", 6 0;
v0x5749a32e9f80_0 .var "halt", 0 0;
v0x5749a32ea040_0 .var/s "imm", 31 0;
v0x5749a32ea120_0 .net "instr", 31 0, L_0x5749a31aa800;  alias, 1 drivers
v0x5749a32ea200_0 .var "is_dot", 0 0;
v0x5749a32ea350_0 .var "jump", 0 0;
v0x5749a32ea410_0 .var "opcode", 6 0;
v0x5749a32ea4f0_0 .var "rd", 4 0;
v0x5749a32ea5d0_0 .var "reg_write", 0 0;
v0x5749a32ea690_0 .var "rs1", 4 0;
v0x5749a32ea770_0 .var "rs2", 4 0;
v0x5749a32ea850_0 .var "use_imm", 0 0;
E_0x5749a32cc3d0/0 .event anyedge, v0x5749a32ea120_0, v0x5749a32ea120_0, v0x5749a32ea120_0, v0x5749a32ea120_0;
E_0x5749a32cc3d0/1 .event anyedge, v0x5749a32ea120_0, v0x5749a32ea120_0, v0x5749a32ea120_0, v0x5749a32ea120_0;
E_0x5749a32cc3d0/2 .event anyedge, v0x5749a32ea120_0, v0x5749a32ea120_0, v0x5749a32ea120_0, v0x5749a32ea120_0;
E_0x5749a32cc3d0/3 .event anyedge, v0x5749a32ea120_0, v0x5749a32ea120_0, v0x5749a32ea120_0;
E_0x5749a32cc3d0 .event/or E_0x5749a32cc3d0/0, E_0x5749a32cc3d0/1, E_0x5749a32cc3d0/2, E_0x5749a32cc3d0/3;
S_0x5749a32eab20 .scope module, "imem" "instruction_memory" 6 20, 10 1 0, S_0x5749a32e7950;
 .timescale 0 0;
    .port_info 0 /INPUT 32 "addr";
    .port_info 1 /OUTPUT 32 "instr";
P_0x5749a32eacb0 .param/l "DEPTH" 0 10 2, +C4<00000000000000000000010000000000>;
P_0x5749a32eacf0 .param/l "INDEX_BITS" 1 10 7, +C4<00000000000000000000000000001010>;
L_0x5749a31aa800 .functor BUFZ 32, L_0x5749a32eff20, C4<00000000000000000000000000000000>, C4<00000000000000000000000000000000>, C4<00000000000000000000000000000000>;
v0x5749a32eaf00_0 .net *"_ivl_0", 31 0, L_0x5749a32eff20;  1 drivers
v0x5749a32eb000_0 .net *"_ivl_3", 9 0, L_0x5749a32effc0;  1 drivers
v0x5749a32eb0e0_0 .net *"_ivl_4", 11 0, L_0x5749a32f0090;  1 drivers
L_0x76e44d4a4018 .functor BUFT 1, C4<00>, C4<0>, C4<0>, C4<0>;
v0x5749a32eb1d0_0 .net *"_ivl_7", 1 0, L_0x76e44d4a4018;  1 drivers
v0x5749a32eb2b0_0 .net "addr", 31 0, v0x5749a32ee880_0;  alias, 1 drivers
v0x5749a32eb3e0_0 .var/i "i", 31 0;
v0x5749a32eb4c0_0 .net "instr", 31 0, L_0x5749a31aa800;  alias, 1 drivers
v0x5749a32eb580 .array "mem", 1023 0, 31 0;
L_0x5749a32eff20 .array/port v0x5749a32eb580, L_0x5749a32f0090;
L_0x5749a32effc0 .part v0x5749a32ee880_0, 2, 10;
L_0x5749a32f0090 .concat [ 10 2 0 0], L_0x5749a32effc0, L_0x76e44d4a4018;
S_0x5749a32eb680 .scope module, "rf" "register_file" 6 30, 11 1 0, S_0x5749a32e7950;
 .timescale 0 0;
    .port_info 0 /INPUT 1 "clk";
    .port_info 1 /INPUT 1 "we";
    .port_info 2 /INPUT 5 "rs1";
    .port_info 3 /INPUT 5 "rs2";
    .port_info 4 /INPUT 5 "rd";
    .port_info 5 /INPUT 32 "wd";
    .port_info 6 /OUTPUT 32 "rv1";
    .port_info 7 /OUTPUT 32 "rv2";
v0x5749a32eba30_0 .net *"_ivl_0", 31 0, L_0x5749a32f02b0;  1 drivers
v0x5749a32ebb30_0 .net *"_ivl_10", 31 0, L_0x5749a3300570;  1 drivers
v0x5749a32ebc10_0 .net *"_ivl_12", 6 0, L_0x5749a3300640;  1 drivers
L_0x76e44d4a4138 .functor BUFT 1, C4<00>, C4<0>, C4<0>, C4<0>;
v0x5749a32ebcd0_0 .net *"_ivl_15", 1 0, L_0x76e44d4a4138;  1 drivers
v0x5749a32ebdb0_0 .net *"_ivl_18", 31 0, L_0x5749a33009d0;  1 drivers
L_0x76e44d4a4180 .functor BUFT 1, C4<000000000000000000000000000>, C4<0>, C4<0>, C4<0>;
v0x5749a32ebee0_0 .net *"_ivl_21", 26 0, L_0x76e44d4a4180;  1 drivers
L_0x76e44d4a41c8 .functor BUFT 1, C4<00000000000000000000000000000000>, C4<0>, C4<0>, C4<0>;
v0x5749a32ebfc0_0 .net/2u *"_ivl_22", 31 0, L_0x76e44d4a41c8;  1 drivers
v0x5749a32ec0a0_0 .net *"_ivl_24", 0 0, L_0x5749a3300b00;  1 drivers
L_0x76e44d4a4210 .functor BUFT 1, C4<00000000000000000000000000000000>, C4<0>, C4<0>, C4<0>;
v0x5749a32ec160_0 .net/2u *"_ivl_26", 31 0, L_0x76e44d4a4210;  1 drivers
v0x5749a32ec240_0 .net *"_ivl_28", 31 0, L_0x5749a3300c40;  1 drivers
L_0x76e44d4a4060 .functor BUFT 1, C4<000000000000000000000000000>, C4<0>, C4<0>, C4<0>;
v0x5749a32ec320_0 .net *"_ivl_3", 26 0, L_0x76e44d4a4060;  1 drivers
v0x5749a32ec400_0 .net *"_ivl_30", 6 0, L_0x5749a3300d30;  1 drivers
L_0x76e44d4a4258 .functor BUFT 1, C4<00>, C4<0>, C4<0>, C4<0>;
v0x5749a32ec4e0_0 .net *"_ivl_33", 1 0, L_0x76e44d4a4258;  1 drivers
L_0x76e44d4a40a8 .functor BUFT 1, C4<00000000000000000000000000000000>, C4<0>, C4<0>, C4<0>;
v0x5749a32ec5c0_0 .net/2u *"_ivl_4", 31 0, L_0x76e44d4a40a8;  1 drivers
v0x5749a32ec6a0_0 .net *"_ivl_6", 0 0, L_0x5749a3300400;  1 drivers
L_0x76e44d4a40f0 .functor BUFT 1, C4<00000000000000000000000000000000>, C4<0>, C4<0>, C4<0>;
v0x5749a32ec760_0 .net/2u *"_ivl_8", 31 0, L_0x76e44d4a40f0;  1 drivers
v0x5749a32ec840_0 .net "clk", 0 0, v0x5749a32ef890_0;  alias, 1 drivers
v0x5749a32eca10_0 .var/i "i", 31 0;
v0x5749a32ecaf0_0 .net "rd", 4 0, v0x5749a32ea4f0_0;  alias, 1 drivers
v0x5749a32ecbb0 .array "regs", 31 0, 31 0;
v0x5749a32ecc50_0 .net "rs1", 4 0, v0x5749a32ea690_0;  alias, 1 drivers
v0x5749a32ecd40_0 .net "rs2", 4 0, v0x5749a32ea770_0;  alias, 1 drivers
v0x5749a32ece10_0 .net "rv1", 31 0, L_0x5749a3300840;  alias, 1 drivers
v0x5749a32eceb0_0 .net "rv2", 31 0, L_0x5749a3300f40;  alias, 1 drivers
v0x5749a32ecf70_0 .net "wd", 31 0, L_0x5749a33016d0;  alias, 1 drivers
v0x5749a32ed030_0 .net "we", 0 0, L_0x5749a3302220;  alias, 1 drivers
E_0x5749a32eb9d0 .event posedge, v0x5749a32ec840_0;
L_0x5749a32f02b0 .concat [ 5 27 0 0], v0x5749a32ea690_0, L_0x76e44d4a4060;
L_0x5749a3300400 .cmp/eq 32, L_0x5749a32f02b0, L_0x76e44d4a40a8;
L_0x5749a3300570 .array/port v0x5749a32ecbb0, L_0x5749a3300640;
L_0x5749a3300640 .concat [ 5 2 0 0], v0x5749a32ea690_0, L_0x76e44d4a4138;
L_0x5749a3300840 .functor MUXZ 32, L_0x5749a3300570, L_0x76e44d4a40f0, L_0x5749a3300400, C4<>;
L_0x5749a33009d0 .concat [ 5 27 0 0], v0x5749a32ea770_0, L_0x76e44d4a4180;
L_0x5749a3300b00 .cmp/eq 32, L_0x5749a33009d0, L_0x76e44d4a41c8;
L_0x5749a3300c40 .array/port v0x5749a32ecbb0, L_0x5749a3300d30;
L_0x5749a3300d30 .concat [ 5 2 0 0], v0x5749a32ea770_0, L_0x76e44d4a4258;
L_0x5749a3300f40 .functor MUXZ 32, L_0x5749a3300c40, L_0x76e44d4a4210, L_0x5749a3300b00, C4<>;
S_0x5749a32ef690 .scope task, "tick" "tick" 5 8, 5 8 0, S_0x5749a31618a0;
 .timescale 0 0;
TD_tb.tick ;
    %delay 1, 0;
    %pushi/vec4 1, 0, 1;
    %store/vec4 v0x5749a32ef890_0, 0, 1;
    %delay 1, 0;
    %pushi/vec4 0, 0, 1;
    %store/vec4 v0x5749a32ef890_0, 0, 1;
    %delay 1, 0;
    %load/vec4 v0x5749a32efa40_0;
    %addi 1, 0, 32;
    %store/vec4 v0x5749a32efa40_0, 0, 32;
    %end;
    .scope S_0x5749a325a8d0;
T_1 ;
    %wait E_0x5749a323aa90;
    %load/vec4 v0x5749a32e73c0_0;
    %flag_set/vec4 8;
    %jmp/0xz  T_1.0, 8;
    %pushi/vec4 0, 0, 32;
    %assign/vec4 v0x5749a31cb5e0_0, 0;
    %jmp T_1.1;
T_1.0 ;
    %load/vec4 v0x5749a31cb5e0_0;
    %addi 1, 0, 32;
    %assign/vec4 v0x5749a31cb5e0_0, 0;
T_1.1 ;
    %jmp T_1;
    .thread T_1;
    .scope S_0x5749a31615e0;
T_2 ;
    %wait E_0x5749a323a950;
    %load/vec4 v0x5749a32e77e0_0;
    %flag_set/vec4 8;
    %jmp/0xz  T_2.0, 8;
    %pushi/vec4 0, 0, 32;
    %assign/vec4 v0x5749a32e76f0_0, 0;
    %jmp T_2.1;
T_2.0 ;
    %load/vec4 v0x5749a32e7610_0;
    %assign/vec4 v0x5749a32e76f0_0, 0;
T_2.1 ;
    %jmp T_2;
    .thread T_2;
    .scope S_0x5749a32eab20;
T_3 ;
    %pushi/vec4 0, 0, 32;
    %store/vec4 v0x5749a32eb3e0_0, 0, 32;
T_3.0 ;
    %load/vec4 v0x5749a32eb3e0_0;
    %cmpi/s 1024, 0, 32;
    %jmp/0xz T_3.1, 5;
    %pushi/vec4 19, 0, 32;
    %ix/getv/s 4, v0x5749a32eb3e0_0;
    %store/vec4a v0x5749a32eb580, 4, 0;
    %load/vec4 v0x5749a32eb3e0_0;
    %addi 1, 0, 32;
    %store/vec4 v0x5749a32eb3e0_0, 0, 32;
    %jmp T_3.0;
T_3.1 ;
    %end;
    .thread T_3;
    .scope S_0x5749a32e9750;
T_4 ;
Ewait_0 .event/or E_0x5749a32cc3d0, E_0x0;
    %wait Ewait_0;
    %load/vec4 v0x5749a32ea120_0;
    %parti/s 7, 0, 2;
    %store/vec4 v0x5749a32ea410_0, 0, 7;
    %load/vec4 v0x5749a32ea120_0;
    %parti/s 5, 7, 4;
    %store/vec4 v0x5749a32ea4f0_0, 0, 5;
    %load/vec4 v0x5749a32ea120_0;
    %parti/s 3, 12, 5;
    %store/vec4 v0x5749a32e9d70_0, 0, 3;
    %load/vec4 v0x5749a32ea120_0;
    %parti/s 5, 15, 5;
    %store/vec4 v0x5749a32ea690_0, 0, 5;
    %load/vec4 v0x5749a32ea120_0;
    %parti/s 5, 20, 6;
    %store/vec4 v0x5749a32ea770_0, 0, 5;
    %load/vec4 v0x5749a32ea120_0;
    %parti/s 7, 25, 6;
    %store/vec4 v0x5749a32e9e50_0, 0, 7;
    %pushi/vec4 0, 0, 4;
    %store/vec4 v0x5749a32e9af0_0, 0, 4;
    %pushi/vec4 0, 0, 1;
    %store/vec4 v0x5749a32ea850_0, 0, 1;
    %pushi/vec4 0, 0, 1;
    %store/vec4 v0x5749a32ea5d0_0, 0, 1;
    %pushi/vec4 0, 0, 1;
    %store/vec4 v0x5749a32ea200_0, 0, 1;
    %pushi/vec4 0, 0, 1;
    %store/vec4 v0x5749a32e9c00_0, 0, 1;
    %pushi/vec4 0, 0, 1;
    %store/vec4 v0x5749a32e9ca0_0, 0, 1;
    %pushi/vec4 0, 0, 1;
    %store/vec4 v0x5749a32ea350_0, 0, 1;
    %pushi/vec4 0, 0, 1;
    %store/vec4 v0x5749a32e9f80_0, 0, 1;
    %pushi/vec4 0, 0, 32;
    %store/vec4 v0x5749a32ea040_0, 0, 32;
    %load/vec4 v0x5749a32ea120_0;
    %cmpi/e 4294967295, 0, 32;
    %jmp/0xz  T_4.0, 4;
    %pushi/vec4 1, 0, 1;
    %store/vec4 v0x5749a32e9f80_0, 0, 1;
    %jmp T_4.1;
T_4.0 ;
    %load/vec4 v0x5749a32ea410_0;
    %dup/vec4;
    %pushi/vec4 51, 0, 7;
    %cmp/u;
    %jmp/1 T_4.2, 6;
    %dup/vec4;
    %pushi/vec4 19, 0, 7;
    %cmp/u;
    %jmp/1 T_4.3, 6;
    %dup/vec4;
    %pushi/vec4 99, 0, 7;
    %cmp/u;
    %jmp/1 T_4.4, 6;
    %dup/vec4;
    %pushi/vec4 111, 0, 7;
    %cmp/u;
    %jmp/1 T_4.5, 6;
    %dup/vec4;
    %pushi/vec4 11, 0, 7;
    %cmp/u;
    %jmp/1 T_4.6, 6;
    %jmp T_4.8;
T_4.2 ;
    %pushi/vec4 1, 0, 1;
    %store/vec4 v0x5749a32ea5d0_0, 0, 1;
    %load/vec4 v0x5749a32e9e50_0;
    %load/vec4 v0x5749a32e9d70_0;
    %concat/vec4; draw_concat_vec4
    %dup/vec4;
    %pushi/vec4 0, 0, 10;
    %cmp/u;
    %jmp/1 T_4.9, 6;
    %dup/vec4;
    %pushi/vec4 256, 0, 10;
    %cmp/u;
    %jmp/1 T_4.10, 6;
    %dup/vec4;
    %pushi/vec4 7, 0, 10;
    %cmp/u;
    %jmp/1 T_4.11, 6;
    %dup/vec4;
    %pushi/vec4 6, 0, 10;
    %cmp/u;
    %jmp/1 T_4.12, 6;
    %dup/vec4;
    %pushi/vec4 4, 0, 10;
    %cmp/u;
    %jmp/1 T_4.13, 6;
    %dup/vec4;
    %pushi/vec4 8, 0, 10;
    %cmp/u;
    %jmp/1 T_4.14, 6;
    %pushi/vec4 0, 0, 4;
    %store/vec4 v0x5749a32e9af0_0, 0, 4;
    %pushi/vec4 0, 0, 1;
    %store/vec4 v0x5749a32ea5d0_0, 0, 1;
    %jmp T_4.16;
T_4.9 ;
    %pushi/vec4 0, 0, 4;
    %store/vec4 v0x5749a32e9af0_0, 0, 4;
    %jmp T_4.16;
T_4.10 ;
    %pushi/vec4 1, 0, 4;
    %store/vec4 v0x5749a32e9af0_0, 0, 4;
    %jmp T_4.16;
T_4.11 ;
    %pushi/vec4 2, 0, 4;
    %store/vec4 v0x5749a32e9af0_0, 0, 4;
    %jmp T_4.16;
T_4.12 ;
    %pushi/vec4 3, 0, 4;
    %store/vec4 v0x5749a32e9af0_0, 0, 4;
    %jmp T_4.16;
T_4.13 ;
    %pushi/vec4 4, 0, 4;
    %store/vec4 v0x5749a32e9af0_0, 0, 4;
    %jmp T_4.16;
T_4.14 ;
    %pushi/vec4 5, 0, 4;
    %store/vec4 v0x5749a32e9af0_0, 0, 4;
    %jmp T_4.16;
T_4.16 ;
    %pop/vec4 1;
    %jmp T_4.8;
T_4.3 ;
    %load/vec4 v0x5749a32ea120_0;
    %parti/s 1, 31, 6;
    %replicate 20;
    %load/vec4 v0x5749a32ea120_0;
    %parti/s 12, 20, 6;
    %concat/vec4; draw_concat_vec4
    %store/vec4 v0x5749a32ea040_0, 0, 32;
    %load/vec4 v0x5749a32e9d70_0;
    %dup/vec4;
    %pushi/vec4 0, 0, 3;
    %cmp/u;
    %jmp/1 T_4.17, 6;
    %dup/vec4;
    %pushi/vec4 2, 0, 3;
    %cmp/u;
    %jmp/1 T_4.18, 6;
    %dup/vec4;
    %pushi/vec4 5, 0, 3;
    %cmp/u;
    %jmp/1 T_4.19, 6;
    %jmp T_4.21;
T_4.17 ;
    %pushi/vec4 0, 0, 4;
    %store/vec4 v0x5749a32e9af0_0, 0, 4;
    %pushi/vec4 1, 0, 1;
    %store/vec4 v0x5749a32ea850_0, 0, 1;
    %pushi/vec4 1, 0, 1;
    %store/vec4 v0x5749a32ea5d0_0, 0, 1;
    %jmp T_4.21;
T_4.18 ;
    %pushi/vec4 6, 0, 4;
    %store/vec4 v0x5749a32e9af0_0, 0, 4;
    %pushi/vec4 1, 0, 1;
    %store/vec4 v0x5749a32ea850_0, 0, 1;
    %pushi/vec4 1, 0, 1;
    %store/vec4 v0x5749a32ea5d0_0, 0, 1;
    %jmp T_4.21;
T_4.19 ;
    %pushi/vec4 7, 0, 4;
    %store/vec4 v0x5749a32e9af0_0, 0, 4;
    %pushi/vec4 1, 0, 1;
    %store/vec4 v0x5749a32ea850_0, 0, 1;
    %pushi/vec4 1, 0, 1;
    %store/vec4 v0x5749a32ea5d0_0, 0, 1;
    %pushi/vec4 0, 0, 27;
    %load/vec4 v0x5749a32ea120_0;
    %parti/s 5, 20, 6;
    %concat/vec4; draw_concat_vec4
    %store/vec4 v0x5749a32ea040_0, 0, 32;
    %jmp T_4.21;
T_4.21 ;
    %pop/vec4 1;
    %jmp T_4.8;
T_4.4 ;
    %load/vec4 v0x5749a32ea120_0;
    %parti/s 1, 31, 6;
    %replicate 19;
    %load/vec4 v0x5749a32ea120_0;
    %parti/s 1, 31, 6;
    %concat/vec4; draw_concat_vec4
    %load/vec4 v0x5749a32ea120_0;
    %parti/s 1, 7, 4;
    %concat/vec4; draw_concat_vec4
    %load/vec4 v0x5749a32ea120_0;
    %parti/s 6, 25, 6;
    %concat/vec4; draw_concat_vec4
    %load/vec4 v0x5749a32ea120_0;
    %parti/s 4, 8, 5;
    %concat/vec4; draw_concat_vec4
    %concati/vec4 0, 0, 1;
    %store/vec4 v0x5749a32ea040_0, 0, 32;
    %load/vec4 v0x5749a32e9d70_0;
    %dup/vec4;
    %pushi/vec4 0, 0, 3;
    %cmp/u;
    %jmp/1 T_4.22, 6;
    %dup/vec4;
    %pushi/vec4 1, 0, 3;
    %cmp/u;
    %jmp/1 T_4.23, 6;
    %jmp T_4.25;
T_4.22 ;
    %pushi/vec4 1, 0, 1;
    %store/vec4 v0x5749a32e9c00_0, 0, 1;
    %jmp T_4.25;
T_4.23 ;
    %pushi/vec4 1, 0, 1;
    %store/vec4 v0x5749a32e9ca0_0, 0, 1;
    %jmp T_4.25;
T_4.25 ;
    %pop/vec4 1;
    %jmp T_4.8;
T_4.5 ;
    %load/vec4 v0x5749a32ea120_0;
    %parti/s 1, 31, 6;
    %replicate 11;
    %load/vec4 v0x5749a32ea120_0;
    %parti/s 1, 31, 6;
    %concat/vec4; draw_concat_vec4
    %load/vec4 v0x5749a32ea120_0;
    %parti/s 8, 12, 5;
    %concat/vec4; draw_concat_vec4
    %load/vec4 v0x5749a32ea120_0;
    %parti/s 1, 20, 6;
    %concat/vec4; draw_concat_vec4
    %load/vec4 v0x5749a32ea120_0;
    %parti/s 10, 21, 6;
    %concat/vec4; draw_concat_vec4
    %concati/vec4 0, 0, 1;
    %store/vec4 v0x5749a32ea040_0, 0, 32;
    %pushi/vec4 1, 0, 1;
    %store/vec4 v0x5749a32ea350_0, 0, 1;
    %load/vec4 v0x5749a32ea4f0_0;
    %pushi/vec4 0, 0, 5;
    %cmp/ne;
    %flag_get/vec4 4;
    %store/vec4 v0x5749a32ea5d0_0, 0, 1;
    %jmp T_4.8;
T_4.6 ;
    %pushi/vec4 1, 0, 1;
    %store/vec4 v0x5749a32ea200_0, 0, 1;
    %pushi/vec4 1, 0, 1;
    %store/vec4 v0x5749a32ea5d0_0, 0, 1;
    %jmp T_4.8;
T_4.8 ;
    %pop/vec4 1;
T_4.1 ;
    %jmp T_4;
    .thread T_4, $push;
    .scope S_0x5749a32eb680;
T_5 ;
    %pushi/vec4 0, 0, 32;
    %store/vec4 v0x5749a32eca10_0, 0, 32;
T_5.0 ;
    %load/vec4 v0x5749a32eca10_0;
    %cmpi/s 32, 0, 32;
    %jmp/0xz T_5.1, 5;
    %pushi/vec4 0, 0, 32;
    %ix/getv/s 4, v0x5749a32eca10_0;
    %store/vec4a v0x5749a32ecbb0, 4, 0;
    %load/vec4 v0x5749a32eca10_0;
    %addi 1, 0, 32;
    %store/vec4 v0x5749a32eca10_0, 0, 32;
    %jmp T_5.0;
T_5.1 ;
    %end;
    .thread T_5;
    .scope S_0x5749a32eb680;
T_6 ;
    %wait E_0x5749a32eb9d0;
    %load/vec4 v0x5749a32ed030_0;
    %flag_set/vec4 9;
    %flag_get/vec4 9;
    %jmp/0 T_6.2, 9;
    %load/vec4 v0x5749a32ecaf0_0;
    %pad/u 32;
    %pushi/vec4 0, 0, 32;
    %cmp/ne;
    %flag_get/vec4 4;
    %and;
T_6.2;
    %flag_set/vec4 8;
    %jmp/0xz  T_6.0, 8;
    %load/vec4 v0x5749a32ecf70_0;
    %load/vec4 v0x5749a32ecaf0_0;
    %pad/u 7;
    %ix/vec4 3;
    %ix/load 4, 0, 0; Constant delay
    %assign/vec4/a/d v0x5749a32ecbb0, 0, 4;
T_6.0 ;
    %pushi/vec4 0, 0, 32;
    %ix/load 3, 0, 0;
    %flag_set/imm 4, 0;
    %ix/load 4, 0, 0; Constant delay
    %assign/vec4/a/d v0x5749a32ecbb0, 0, 4;
    %jmp T_6;
    .thread T_6;
    .scope S_0x5749a32e8b40;
T_7 ;
Ewait_1 .event/or E_0x5749a32cc240, E_0x0;
    %wait Ewait_1;
    %load/vec4 v0x5749a32e93e0_0;
    %dup/vec4;
    %pushi/vec4 0, 0, 4;
    %cmp/u;
    %jmp/1 T_7.0, 6;
    %dup/vec4;
    %pushi/vec4 1, 0, 4;
    %cmp/u;
    %jmp/1 T_7.1, 6;
    %dup/vec4;
    %pushi/vec4 2, 0, 4;
    %cmp/u;
    %jmp/1 T_7.2, 6;
    %dup/vec4;
    %pushi/vec4 3, 0, 4;
    %cmp/u;
    %jmp/1 T_7.3, 6;
    %dup/vec4;
    %pushi/vec4 4, 0, 4;
    %cmp/u;
    %jmp/1 T_7.4, 6;
    %dup/vec4;
    %pushi/vec4 5, 0, 4;
    %cmp/u;
    %jmp/1 T_7.5, 6;
    %dup/vec4;
    %pushi/vec4 6, 0, 4;
    %cmp/u;
    %jmp/1 T_7.6, 6;
    %dup/vec4;
    %pushi/vec4 7, 0, 4;
    %cmp/u;
    %jmp/1 T_7.7, 6;
    %pushi/vec4 0, 0, 32;
    %store/vec4 v0x5749a32e94c0_0, 0, 32;
    %jmp T_7.9;
T_7.0 ;
    %load/vec4 v0x5749a32e9220_0;
    %load/vec4 v0x5749a32e9310_0;
    %add;
    %store/vec4 v0x5749a32e94c0_0, 0, 32;
    %jmp T_7.9;
T_7.1 ;
    %load/vec4 v0x5749a32e9220_0;
    %load/vec4 v0x5749a32e9310_0;
    %sub;
    %store/vec4 v0x5749a32e94c0_0, 0, 32;
    %jmp T_7.9;
T_7.2 ;
    %load/vec4 v0x5749a32e9220_0;
    %load/vec4 v0x5749a32e9310_0;
    %and;
    %store/vec4 v0x5749a32e94c0_0, 0, 32;
    %jmp T_7.9;
T_7.3 ;
    %load/vec4 v0x5749a32e9220_0;
    %load/vec4 v0x5749a32e9310_0;
    %or;
    %store/vec4 v0x5749a32e94c0_0, 0, 32;
    %jmp T_7.9;
T_7.4 ;
    %load/vec4 v0x5749a32e9220_0;
    %load/vec4 v0x5749a32e9310_0;
    %xor;
    %store/vec4 v0x5749a32e94c0_0, 0, 32;
    %jmp T_7.9;
T_7.5 ;
    %load/vec4 v0x5749a32e9220_0;
    %load/vec4 v0x5749a32e9310_0;
    %mul;
    %store/vec4 v0x5749a32e94c0_0, 0, 32;
    %jmp T_7.9;
T_7.6 ;
    %load/vec4 v0x5749a32e9220_0;
    %load/vec4 v0x5749a32e9310_0;
    %cmp/s;
    %flag_mov 8, 5;
    %jmp/0 T_7.10, 8;
    %pushi/vec4 1, 0, 32;
    %jmp/1 T_7.11, 8;
T_7.10 ; End of true expr.
    %pushi/vec4 0, 0, 32;
    %jmp/0 T_7.11, 8;
 ; End of false expr.
    %blend;
T_7.11;
    %store/vec4 v0x5749a32e94c0_0, 0, 32;
    %jmp T_7.9;
T_7.7 ;
    %load/vec4 v0x5749a32e9220_0;
    %load/vec4 v0x5749a32e9310_0;
    %parti/s 5, 0, 2;
    %ix/vec4 4;
    %shiftr/s 4;
    %store/vec4 v0x5749a32e94c0_0, 0, 32;
    %jmp T_7.9;
T_7.9 ;
    %pop/vec4 1;
    %jmp T_7;
    .thread T_7, $push;
    .scope S_0x5749a32e7bf0;
T_8 ;
Ewait_2 .event/or E_0x5749a32cc2d0, E_0x0;
    %wait Ewait_2;
    %load/vec4 v0x5749a32e81b0_0;
    %parti/s 8, 0, 2;
    %store/vec4 v0x5749a32e8720_0, 0, 8;
    %load/vec4 v0x5749a32e81b0_0;
    %parti/s 8, 8, 5;
    %store/vec4 v0x5749a32e8800_0, 0, 8;
    %load/vec4 v0x5749a32e81b0_0;
    %parti/s 8, 16, 6;
    %store/vec4 v0x5749a32e88e0_0, 0, 8;
    %load/vec4 v0x5749a32e81b0_0;
    %parti/s 8, 24, 6;
    %store/vec4 v0x5749a32e89c0_0, 0, 8;
    %load/vec4 v0x5749a32e80c0_0;
    %parti/s 8, 0, 2;
    %store/vec4 v0x5749a32e83a0_0, 0, 8;
    %load/vec4 v0x5749a32e80c0_0;
    %parti/s 8, 8, 5;
    %store/vec4 v0x5749a32e8480_0, 0, 8;
    %load/vec4 v0x5749a32e80c0_0;
    %parti/s 8, 16, 6;
    %store/vec4 v0x5749a32e8560_0, 0, 8;
    %load/vec4 v0x5749a32e80c0_0;
    %parti/s 8, 24, 6;
    %store/vec4 v0x5749a32e8640_0, 0, 8;
    %load/vec4 v0x5749a32e8720_0;
    %pad/s 32;
    %load/vec4 v0x5749a32e83a0_0;
    %pad/s 32;
    %mul;
    %load/vec4 v0x5749a32e8800_0;
    %pad/s 32;
    %load/vec4 v0x5749a32e8480_0;
    %pad/s 32;
    %mul;
    %add;
    %load/vec4 v0x5749a32e88e0_0;
    %pad/s 32;
    %load/vec4 v0x5749a32e8560_0;
    %pad/s 32;
    %mul;
    %add;
    %load/vec4 v0x5749a32e89c0_0;
    %pad/s 32;
    %load/vec4 v0x5749a32e8640_0;
    %pad/s 32;
    %mul;
    %add;
    %load/vec4 v0x5749a32e7ee0_0;
    %add;
    %store/vec4 v0x5749a32e7fe0_0, 0, 32;
    %pushi/vec4 0, 0, 32;
    %load/vec4 v0x5749a32e7fe0_0;
    %cmp/s;
    %flag_get/vec4 4;
    %flag_get/vec4 5;
    %or;
    %store/vec4 v0x5749a32e8290_0, 0, 1;
    %jmp T_8;
    .thread T_8, $push;
    .scope S_0x5749a32e7950;
T_9 ;
    %wait E_0x5749a32eb9d0;
    %load/vec4 v0x5749a32eeae0_0;
    %flag_set/vec4 8;
    %jmp/0xz  T_9.0, 8;
    %pushi/vec4 0, 0, 32;
    %assign/vec4 v0x5749a32ee880_0, 0;
    %pushi/vec4 0, 0, 1;
    %assign/vec4 v0x5749a32ee4a0_0, 0;
    %jmp T_9.1;
T_9.0 ;
    %load/vec4 v0x5749a32ee4a0_0;
    %nor/r;
    %flag_set/vec4 8;
    %jmp/0xz  T_9.2, 8;
    %load/vec4 v0x5749a32ee3d0_0;
    %flag_set/vec4 8;
    %jmp/0xz  T_9.4, 8;
    %pushi/vec4 1, 0, 1;
    %assign/vec4 v0x5749a32ee4a0_0, 0;
    %load/vec4 v0x5749a32ee880_0;
    %assign/vec4 v0x5749a32ee880_0, 0;
    %jmp T_9.5;
T_9.4 ;
    %load/vec4 v0x5749a32ee6e0_0;
    %flag_set/vec4 8;
    %jmp/0xz  T_9.6, 8;
    %load/vec4 v0x5749a32ee880_0;
    %load/vec4 v0x5749a32ee540_0;
    %add;
    %assign/vec4 v0x5749a32ee880_0, 0;
    %jmp T_9.7;
T_9.6 ;
    %load/vec4 v0x5749a32ef2c0_0;
    %flag_set/vec4 8;
    %jmp/0xz  T_9.8, 8;
    %load/vec4 v0x5749a32ee880_0;
    %load/vec4 v0x5749a32ee540_0;
    %add;
    %assign/vec4 v0x5749a32ee880_0, 0;
    %jmp T_9.9;
T_9.8 ;
    %load/vec4 v0x5749a32ee880_0;
    %addi 4, 0, 32;
    %assign/vec4 v0x5749a32ee880_0, 0;
T_9.9 ;
T_9.7 ;
T_9.5 ;
T_9.2 ;
T_9.1 ;
    %jmp T_9;
    .thread T_9;
    .scope S_0x5749a31618a0;
T_10 ;
    %pushi/vec4 0, 0, 1;
    %store/vec4 v0x5749a32ef890_0, 0, 1;
    %pushi/vec4 1, 0, 1;
    %store/vec4 v0x5749a32efe80_0, 0, 1;
    %pushi/vec4 0, 0, 32;
    %store/vec4 v0x5749a32efa40_0, 0, 32;
    %end;
    .thread T_10, $init;
    .scope S_0x5749a31618a0;
T_11 ;
    %pushi/vec4 9437331, 0, 32;
    %ix/load 4, 0, 0;
    %flag_set/imm 4, 0;
    %store/vec4a v0x5749a32eb580, 4, 0;
    %pushi/vec4 4229955859, 0, 32;
    %ix/load 4, 1, 0;
    %flag_set/imm 4, 0;
    %store/vec4a v0x5749a32eb580, 4, 0;
    %pushi/vec4 4276093331, 0, 32;
    %ix/load 4, 2, 0;
    %flag_set/imm 4, 0;
    %store/vec4a v0x5749a32eb580, 4, 0;
    %pushi/vec4 59769363, 0, 32;
    %ix/load 4, 3, 0;
    %flag_set/imm 4, 0;
    %store/vec4a v0x5749a32eb580, 4, 0;
    %pushi/vec4 4190110355, 0, 32;
    %ix/load 4, 4, 0;
    %flag_set/imm 4, 0;
    %store/vec4a v0x5749a32eb580, 4, 0;
    %pushi/vec4 20972307, 0, 32;
    %ix/load 4, 5, 0;
    %flag_set/imm 4, 0;
    %store/vec4a v0x5749a32eb580, 4, 0;
    %pushi/vec4 23069587, 0, 32;
    %ix/load 4, 6, 0;
    %flag_set/imm 4, 0;
    %store/vec4a v0x5749a32eb580, 4, 0;
    %pushi/vec4 5243923, 0, 32;
    %ix/load 4, 7, 0;
    %flag_set/imm 4, 0;
    %store/vec4a v0x5749a32eb580, 4, 0;
    %pushi/vec4 4037020179, 0, 32;
    %ix/load 4, 8, 0;
    %flag_set/imm 4, 0;
    %store/vec4a v0x5749a32eb580, 4, 0;
    %pushi/vec4 1299, 0, 32;
    %ix/load 4, 9, 0;
    %flag_set/imm 4, 0;
    %store/vec4a v0x5749a32eb580, 4, 0;
    %pushi/vec4 38831539, 0, 32;
    %ix/load 4, 10, 0;
    %flag_set/imm 4, 0;
    %store/vec4a v0x5749a32eb580, 4, 0;
    %pushi/vec4 11863347, 0, 32;
    %ix/load 4, 11, 0;
    %flag_set/imm 4, 0;
    %store/vec4a v0x5749a32eb580, 4, 0;
    %pushi/vec4 39912883, 0, 32;
    %ix/load 4, 12, 0;
    %flag_set/imm 4, 0;
    %store/vec4a v0x5749a32eb580, 4, 0;
    %pushi/vec4 11863347, 0, 32;
    %ix/load 4, 13, 0;
    %flag_set/imm 4, 0;
    %store/vec4a v0x5749a32eb580, 4, 0;
    %pushi/vec4 40994227, 0, 32;
    %ix/load 4, 14, 0;
    %flag_set/imm 4, 0;
    %store/vec4a v0x5749a32eb580, 4, 0;
    %pushi/vec4 11863347, 0, 32;
    %ix/load 4, 15, 0;
    %flag_set/imm 4, 0;
    %store/vec4a v0x5749a32eb580, 4, 0;
    %pushi/vec4 42075571, 0, 32;
    %ix/load 4, 16, 0;
    %flag_set/imm 4, 0;
    %store/vec4a v0x5749a32eb580, 4, 0;
    %pushi/vec4 11863347, 0, 32;
    %ix/load 4, 17, 0;
    %flag_set/imm 4, 0;
    %store/vec4a v0x5749a32eb580, 4, 0;
    %pushi/vec4 21300531, 0, 32;
    %ix/load 4, 18, 0;
    %flag_set/imm 4, 0;
    %store/vec4a v0x5749a32eb580, 4, 0;
    %pushi/vec4 339731, 0, 32;
    %ix/load 4, 19, 0;
    %flag_set/imm 4, 0;
    %store/vec4a v0x5749a32eb580, 4, 0;
    %pushi/vec4 988771, 0, 32;
    %ix/load 4, 20, 0;
    %flag_set/imm 4, 0;
    %store/vec4a v0x5749a32eb580, 4, 0;
    %pushi/vec4 1052563, 0, 32;
    %ix/load 4, 21, 0;
    %flag_set/imm 4, 0;
    %store/vec4a v0x5749a32eb580, 4, 0;
    %pushi/vec4 8388719, 0, 32;
    %ix/load 4, 22, 0;
    %flag_set/imm 4, 0;
    %store/vec4a v0x5749a32eb580, 4, 0;
    %pushi/vec4 3987, 0, 32;
    %ix/load 4, 23, 0;
    %flag_set/imm 4, 0;
    %store/vec4a v0x5749a32eb580, 4, 0;
    %pushi/vec4 4294967295, 0, 32;
    %ix/load 4, 24, 0;
    %flag_set/imm 4, 0;
    %store/vec4a v0x5749a32eb580, 4, 0;
    %pushi/vec4 0, 0, 32;
    %store/vec4 v0x5749a32efda0_0, 0, 32;
T_11.0 ;
    %load/vec4 v0x5749a32efda0_0;
    %cmpi/s 32, 0, 32;
    %jmp/0xz T_11.1, 5;
    %pushi/vec4 0, 0, 32;
    %ix/getv/s 4, v0x5749a32efda0_0;
    %store/vec4a v0x5749a32ecbb0, 4, 0;
    %load/vec4 v0x5749a32efda0_0;
    %addi 1, 0, 32;
    %store/vec4 v0x5749a32efda0_0, 0, 32;
    %jmp T_11.0;
T_11.1 ;
    %pushi/vec4 9437331, 0, 32;
    %ix/load 4, 0, 0;
    %flag_set/imm 4, 0;
    %store/vec4a v0x5749a32eb580, 4, 0;
    %pushi/vec4 4229955859, 0, 32;
    %ix/load 4, 1, 0;
    %flag_set/imm 4, 0;
    %store/vec4a v0x5749a32eb580, 4, 0;
    %pushi/vec4 4276093331, 0, 32;
    %ix/load 4, 2, 0;
    %flag_set/imm 4, 0;
    %store/vec4a v0x5749a32eb580, 4, 0;
    %pushi/vec4 59769363, 0, 32;
    %ix/load 4, 3, 0;
    %flag_set/imm 4, 0;
    %store/vec4a v0x5749a32eb580, 4, 0;
    %pushi/vec4 1, 0, 1;
    %store/vec4 v0x5749a32efe80_0, 0, 1;
    %fork TD_tb.tick, S_0x5749a32ef690;
    %join;
    %pushi/vec4 0, 0, 1;
    %store/vec4 v0x5749a32efe80_0, 0, 1;
    %pushi/vec4 0, 0, 32;
    %store/vec4 v0x5749a32efa40_0, 0, 32;
T_11.2 ;
    %load/vec4 v0x5749a32efb00_0;
    %nor/r;
    %flag_set/vec4 9;
    %flag_get/vec4 9;
    %jmp/0 T_11.4, 9;
    %load/vec4 v0x5749a32efa40_0;
    %cmpi/s 5000, 0, 32;
    %flag_get/vec4 5;
    %and;
T_11.4;
    %flag_set/vec4 8;
    %jmp/0xz T_11.3, 8;
    %fork TD_tb.tick, S_0x5749a32ef690;
    %join;
    %jmp T_11.2;
T_11.3 ;
    %vpi_call/w 5 43 "$display", "BATCH_RESULT idx=0 prediction=%0d cycles=%0d halted=%0d", &A<v0x5749a32ecbb0, 31>, v0x5749a32efa40_0, v0x5749a32efb00_0 {0 0 0};
    %pushi/vec4 0, 0, 32;
    %store/vec4 v0x5749a32efda0_0, 0, 32;
T_11.5 ;
    %load/vec4 v0x5749a32efda0_0;
    %cmpi/s 32, 0, 32;
    %jmp/0xz T_11.6, 5;
    %pushi/vec4 0, 0, 32;
    %ix/getv/s 4, v0x5749a32efda0_0;
    %store/vec4a v0x5749a32ecbb0, 4, 0;
    %load/vec4 v0x5749a32efda0_0;
    %addi 1, 0, 32;
    %store/vec4 v0x5749a32efda0_0, 0, 32;
    %jmp T_11.5;
T_11.6 ;
    %pushi/vec4 39846035, 0, 32;
    %ix/load 4, 0, 0;
    %flag_set/imm 4, 0;
    %store/vec4a v0x5749a32eb580, 4, 0;
    %pushi/vec4 4260364563, 0, 32;
    %ix/load 4, 1, 0;
    %flag_set/imm 4, 0;
    %store/vec4a v0x5749a32eb580, 4, 0;
    %pushi/vec4 4261413267, 0, 32;
    %ix/load 4, 2, 0;
    %flag_set/imm 4, 0;
    %store/vec4a v0x5749a32eb580, 4, 0;
    %pushi/vec4 36700691, 0, 32;
    %ix/load 4, 3, 0;
    %flag_set/imm 4, 0;
    %store/vec4a v0x5749a32eb580, 4, 0;
    %pushi/vec4 1, 0, 1;
    %store/vec4 v0x5749a32efe80_0, 0, 1;
    %fork TD_tb.tick, S_0x5749a32ef690;
    %join;
    %pushi/vec4 0, 0, 1;
    %store/vec4 v0x5749a32efe80_0, 0, 1;
    %pushi/vec4 0, 0, 32;
    %store/vec4 v0x5749a32efa40_0, 0, 32;
T_11.7 ;
    %load/vec4 v0x5749a32efb00_0;
    %nor/r;
    %flag_set/vec4 9;
    %flag_get/vec4 9;
    %jmp/0 T_11.9, 9;
    %load/vec4 v0x5749a32efa40_0;
    %cmpi/s 5000, 0, 32;
    %flag_get/vec4 5;
    %and;
T_11.9;
    %flag_set/vec4 8;
    %jmp/0xz T_11.8, 8;
    %fork TD_tb.tick, S_0x5749a32ef690;
    %join;
    %jmp T_11.7;
T_11.8 ;
    %vpi_call/w 5 52 "$display", "BATCH_RESULT idx=1 prediction=%0d cycles=%0d halted=%0d", &A<v0x5749a32ecbb0, 31>, v0x5749a32efa40_0, v0x5749a32efb00_0 {0 0 0};
    %pushi/vec4 0, 0, 32;
    %store/vec4 v0x5749a32efda0_0, 0, 32;
T_11.10 ;
    %load/vec4 v0x5749a32efda0_0;
    %cmpi/s 32, 0, 32;
    %jmp/0xz T_11.11, 5;
    %pushi/vec4 0, 0, 32;
    %ix/getv/s 4, v0x5749a32efda0_0;
    %store/vec4a v0x5749a32ecbb0, 4, 0;
    %load/vec4 v0x5749a32efda0_0;
    %addi 1, 0, 32;
    %store/vec4 v0x5749a32efda0_0, 0, 32;
    %jmp T_11.10;
T_11.11 ;
    %pushi/vec4 26214547, 0, 32;
    %ix/load 4, 0, 0;
    %flag_set/imm 4, 0;
    %store/vec4a v0x5749a32eb580, 4, 0;
    %pushi/vec4 4251975955, 0, 32;
    %ix/load 4, 1, 0;
    %flag_set/imm 4, 0;
    %store/vec4a v0x5749a32eb580, 4, 0;
    %pushi/vec4 4271899027, 0, 32;
    %ix/load 4, 2, 0;
    %flag_set/imm 4, 0;
    %store/vec4a v0x5749a32eb580, 4, 0;
    %pushi/vec4 38797843, 0, 32;
    %ix/load 4, 3, 0;
    %flag_set/imm 4, 0;
    %store/vec4a v0x5749a32eb580, 4, 0;
    %pushi/vec4 1, 0, 1;
    %store/vec4 v0x5749a32efe80_0, 0, 1;
    %fork TD_tb.tick, S_0x5749a32ef690;
    %join;
    %pushi/vec4 0, 0, 1;
    %store/vec4 v0x5749a32efe80_0, 0, 1;
    %pushi/vec4 0, 0, 32;
    %store/vec4 v0x5749a32efa40_0, 0, 32;
T_11.12 ;
    %load/vec4 v0x5749a32efb00_0;
    %nor/r;
    %flag_set/vec4 9;
    %flag_get/vec4 9;
    %jmp/0 T_11.14, 9;
    %load/vec4 v0x5749a32efa40_0;
    %cmpi/s 5000, 0, 32;
    %flag_get/vec4 5;
    %and;
T_11.14;
    %flag_set/vec4 8;
    %jmp/0xz T_11.13, 8;
    %fork TD_tb.tick, S_0x5749a32ef690;
    %join;
    %jmp T_11.12;
T_11.13 ;
    %vpi_call/w 5 61 "$display", "BATCH_RESULT idx=2 prediction=%0d cycles=%0d halted=%0d", &A<v0x5749a32ecbb0, 31>, v0x5749a32efa40_0, v0x5749a32efb00_0 {0 0 0};
    %pushi/vec4 0, 0, 32;
    %store/vec4 v0x5749a32efda0_0, 0, 32;
T_11.15 ;
    %load/vec4 v0x5749a32efda0_0;
    %cmpi/s 32, 0, 32;
    %jmp/0xz T_11.16, 5;
    %pushi/vec4 0, 0, 32;
    %ix/getv/s 4, v0x5749a32efda0_0;
    %store/vec4a v0x5749a32ecbb0, 4, 0;
    %load/vec4 v0x5749a32efda0_0;
    %addi 1, 0, 32;
    %store/vec4 v0x5749a32efda0_0, 0, 32;
    %jmp T_11.15;
T_11.16 ;
    %pushi/vec4 45088915, 0, 32;
    %ix/load 4, 0, 0;
    %flag_set/imm 4, 0;
    %store/vec4a v0x5749a32eb580, 4, 0;
    %pushi/vec4 4265607443, 0, 32;
    %ix/load 4, 1, 0;
    %flag_set/imm 4, 0;
    %store/vec4a v0x5749a32eb580, 4, 0;
    %pushi/vec4 4263510419, 0, 32;
    %ix/load 4, 2, 0;
    %flag_set/imm 4, 0;
    %store/vec4a v0x5749a32eb580, 4, 0;
    %pushi/vec4 25166355, 0, 32;
    %ix/load 4, 3, 0;
    %flag_set/imm 4, 0;
    %store/vec4a v0x5749a32eb580, 4, 0;
    %pushi/vec4 1, 0, 1;
    %store/vec4 v0x5749a32efe80_0, 0, 1;
    %fork TD_tb.tick, S_0x5749a32ef690;
    %join;
    %pushi/vec4 0, 0, 1;
    %store/vec4 v0x5749a32efe80_0, 0, 1;
    %pushi/vec4 0, 0, 32;
    %store/vec4 v0x5749a32efa40_0, 0, 32;
T_11.17 ;
    %load/vec4 v0x5749a32efb00_0;
    %nor/r;
    %flag_set/vec4 9;
    %flag_get/vec4 9;
    %jmp/0 T_11.19, 9;
    %load/vec4 v0x5749a32efa40_0;
    %cmpi/s 5000, 0, 32;
    %flag_get/vec4 5;
    %and;
T_11.19;
    %flag_set/vec4 8;
    %jmp/0xz T_11.18, 8;
    %fork TD_tb.tick, S_0x5749a32ef690;
    %join;
    %jmp T_11.17;
T_11.18 ;
    %vpi_call/w 5 70 "$display", "BATCH_RESULT idx=3 prediction=%0d cycles=%0d halted=%0d", &A<v0x5749a32ecbb0, 31>, v0x5749a32efa40_0, v0x5749a32efb00_0 {0 0 0};
    %pushi/vec4 0, 0, 32;
    %store/vec4 v0x5749a32efda0_0, 0, 32;
T_11.20 ;
    %load/vec4 v0x5749a32efda0_0;
    %cmpi/s 32, 0, 32;
    %jmp/0xz T_11.21, 5;
    %pushi/vec4 0, 0, 32;
    %ix/getv/s 4, v0x5749a32efda0_0;
    %store/vec4a v0x5749a32ecbb0, 4, 0;
    %load/vec4 v0x5749a32efda0_0;
    %addi 1, 0, 32;
    %store/vec4 v0x5749a32efda0_0, 0, 32;
    %jmp T_11.20;
T_11.21 ;
    %pushi/vec4 15728787, 0, 32;
    %ix/load 4, 0, 0;
    %flag_set/imm 4, 0;
    %store/vec4a v0x5749a32eb580, 4, 0;
    %pushi/vec4 4279238931, 0, 32;
    %ix/load 4, 1, 0;
    %flag_set/imm 4, 0;
    %store/vec4a v0x5749a32eb580, 4, 0;
    %pushi/vec4 4247781779, 0, 32;
    %ix/load 4, 2, 0;
    %flag_set/imm 4, 0;
    %store/vec4a v0x5749a32eb580, 4, 0;
    %pushi/vec4 4266656275, 0, 32;
    %ix/load 4, 3, 0;
    %flag_set/imm 4, 0;
    %store/vec4a v0x5749a32eb580, 4, 0;
    %pushi/vec4 1, 0, 1;
    %store/vec4 v0x5749a32efe80_0, 0, 1;
    %fork TD_tb.tick, S_0x5749a32ef690;
    %join;
    %pushi/vec4 0, 0, 1;
    %store/vec4 v0x5749a32efe80_0, 0, 1;
    %pushi/vec4 0, 0, 32;
    %store/vec4 v0x5749a32efa40_0, 0, 32;
T_11.22 ;
    %load/vec4 v0x5749a32efb00_0;
    %nor/r;
    %flag_set/vec4 9;
    %flag_get/vec4 9;
    %jmp/0 T_11.24, 9;
    %load/vec4 v0x5749a32efa40_0;
    %cmpi/s 5000, 0, 32;
    %flag_get/vec4 5;
    %and;
T_11.24;
    %flag_set/vec4 8;
    %jmp/0xz T_11.23, 8;
    %fork TD_tb.tick, S_0x5749a32ef690;
    %join;
    %jmp T_11.22;
T_11.23 ;
    %vpi_call/w 5 79 "$display", "BATCH_RESULT idx=4 prediction=%0d cycles=%0d halted=%0d", &A<v0x5749a32ecbb0, 31>, v0x5749a32efa40_0, v0x5749a32efb00_0 {0 0 0};
    %pushi/vec4 0, 0, 32;
    %store/vec4 v0x5749a32efda0_0, 0, 32;
T_11.25 ;
    %load/vec4 v0x5749a32efda0_0;
    %cmpi/s 32, 0, 32;
    %jmp/0xz T_11.26, 5;
    %pushi/vec4 0, 0, 32;
    %ix/getv/s 4, v0x5749a32efda0_0;
    %store/vec4a v0x5749a32ecbb0, 4, 0;
    %load/vec4 v0x5749a32efda0_0;
    %addi 1, 0, 32;
    %store/vec4 v0x5749a32efda0_0, 0, 32;
    %jmp T_11.25;
T_11.26 ;
    %pushi/vec4 41943187, 0, 32;
    %ix/load 4, 0, 0;
    %flag_set/imm 4, 0;
    %store/vec4a v0x5749a32eb580, 4, 0;
    %pushi/vec4 4264558867, 0, 32;
    %ix/load 4, 1, 0;
    %flag_set/imm 4, 0;
    %store/vec4a v0x5749a32eb580, 4, 0;
    %pushi/vec4 4254073235, 0, 32;
    %ix/load 4, 2, 0;
    %flag_set/imm 4, 0;
    %store/vec4a v0x5749a32eb580, 4, 0;
    %pushi/vec4 4259316243, 0, 32;
    %ix/load 4, 3, 0;
    %flag_set/imm 4, 0;
    %store/vec4a v0x5749a32eb580, 4, 0;
    %pushi/vec4 1, 0, 1;
    %store/vec4 v0x5749a32efe80_0, 0, 1;
    %fork TD_tb.tick, S_0x5749a32ef690;
    %join;
    %pushi/vec4 0, 0, 1;
    %store/vec4 v0x5749a32efe80_0, 0, 1;
    %pushi/vec4 0, 0, 32;
    %store/vec4 v0x5749a32efa40_0, 0, 32;
T_11.27 ;
    %load/vec4 v0x5749a32efb00_0;
    %nor/r;
    %flag_set/vec4 9;
    %flag_get/vec4 9;
    %jmp/0 T_11.29, 9;
    %load/vec4 v0x5749a32efa40_0;
    %cmpi/s 5000, 0, 32;
    %flag_get/vec4 5;
    %and;
T_11.29;
    %flag_set/vec4 8;
    %jmp/0xz T_11.28, 8;
    %fork TD_tb.tick, S_0x5749a32ef690;
    %join;
    %jmp T_11.27;
T_11.28 ;
    %vpi_call/w 5 88 "$display", "BATCH_RESULT idx=5 prediction=%0d cycles=%0d halted=%0d", &A<v0x5749a32ecbb0, 31>, v0x5749a32efa40_0, v0x5749a32efb00_0 {0 0 0};
    %pushi/vec4 0, 0, 32;
    %store/vec4 v0x5749a32efda0_0, 0, 32;
T_11.30 ;
    %load/vec4 v0x5749a32efda0_0;
    %cmpi/s 32, 0, 32;
    %jmp/0xz T_11.31, 5;
    %pushi/vec4 0, 0, 32;
    %ix/getv/s 4, v0x5749a32efda0_0;
    %store/vec4a v0x5749a32ecbb0, 4, 0;
    %load/vec4 v0x5749a32efda0_0;
    %addi 1, 0, 32;
    %store/vec4 v0x5749a32efda0_0, 0, 32;
    %jmp T_11.30;
T_11.31 ;
    %pushi/vec4 27263123, 0, 32;
    %ix/load 4, 0, 0;
    %flag_set/imm 4, 0;
    %store/vec4a v0x5749a32eb580, 4, 0;
    %pushi/vec4 1048851, 0, 32;
    %ix/load 4, 1, 0;
    %flag_set/imm 4, 0;
    %store/vec4a v0x5749a32eb580, 4, 0;
    %pushi/vec4 4247781779, 0, 32;
    %ix/load 4, 2, 0;
    %flag_set/imm 4, 0;
    %store/vec4a v0x5749a32eb580, 4, 0;
    %pushi/vec4 30409235, 0, 32;
    %ix/load 4, 3, 0;
    %flag_set/imm 4, 0;
    %store/vec4a v0x5749a32eb580, 4, 0;
    %pushi/vec4 1, 0, 1;
    %store/vec4 v0x5749a32efe80_0, 0, 1;
    %fork TD_tb.tick, S_0x5749a32ef690;
    %join;
    %pushi/vec4 0, 0, 1;
    %store/vec4 v0x5749a32efe80_0, 0, 1;
    %pushi/vec4 0, 0, 32;
    %store/vec4 v0x5749a32efa40_0, 0, 32;
T_11.32 ;
    %load/vec4 v0x5749a32efb00_0;
    %nor/r;
    %flag_set/vec4 9;
    %flag_get/vec4 9;
    %jmp/0 T_11.34, 9;
    %load/vec4 v0x5749a32efa40_0;
    %cmpi/s 5000, 0, 32;
    %flag_get/vec4 5;
    %and;
T_11.34;
    %flag_set/vec4 8;
    %jmp/0xz T_11.33, 8;
    %fork TD_tb.tick, S_0x5749a32ef690;
    %join;
    %jmp T_11.32;
T_11.33 ;
    %vpi_call/w 5 97 "$display", "BATCH_RESULT idx=6 prediction=%0d cycles=%0d halted=%0d", &A<v0x5749a32ecbb0, 31>, v0x5749a32efa40_0, v0x5749a32efb00_0 {0 0 0};
    %pushi/vec4 0, 0, 32;
    %store/vec4 v0x5749a32efda0_0, 0, 32;
T_11.35 ;
    %load/vec4 v0x5749a32efda0_0;
    %cmpi/s 32, 0, 32;
    %jmp/0xz T_11.36, 5;
    %pushi/vec4 0, 0, 32;
    %ix/getv/s 4, v0x5749a32efda0_0;
    %store/vec4a v0x5749a32ecbb0, 4, 0;
    %load/vec4 v0x5749a32efda0_0;
    %addi 1, 0, 32;
    %store/vec4 v0x5749a32efda0_0, 0, 32;
    %jmp T_11.35;
T_11.36 ;
    %pushi/vec4 38797459, 0, 32;
    %ix/load 4, 0, 0;
    %flag_set/imm 4, 0;
    %store/vec4a v0x5749a32eb580, 4, 0;
    %pushi/vec4 4233101587, 0, 32;
    %ix/load 4, 1, 0;
    %flag_set/imm 4, 0;
    %store/vec4a v0x5749a32eb580, 4, 0;
    %pushi/vec4 4283433363, 0, 32;
    %ix/load 4, 2, 0;
    %flag_set/imm 4, 0;
    %store/vec4a v0x5749a32eb580, 4, 0;
    %pushi/vec4 37749267, 0, 32;
    %ix/load 4, 3, 0;
    %flag_set/imm 4, 0;
    %store/vec4a v0x5749a32eb580, 4, 0;
    %pushi/vec4 1, 0, 1;
    %store/vec4 v0x5749a32efe80_0, 0, 1;
    %fork TD_tb.tick, S_0x5749a32ef690;
    %join;
    %pushi/vec4 0, 0, 1;
    %store/vec4 v0x5749a32efe80_0, 0, 1;
    %pushi/vec4 0, 0, 32;
    %store/vec4 v0x5749a32efa40_0, 0, 32;
T_11.37 ;
    %load/vec4 v0x5749a32efb00_0;
    %nor/r;
    %flag_set/vec4 9;
    %flag_get/vec4 9;
    %jmp/0 T_11.39, 9;
    %load/vec4 v0x5749a32efa40_0;
    %cmpi/s 5000, 0, 32;
    %flag_get/vec4 5;
    %and;
T_11.39;
    %flag_set/vec4 8;
    %jmp/0xz T_11.38, 8;
    %fork TD_tb.tick, S_0x5749a32ef690;
    %join;
    %jmp T_11.37;
T_11.38 ;
    %vpi_call/w 5 106 "$display", "BATCH_RESULT idx=7 prediction=%0d cycles=%0d halted=%0d", &A<v0x5749a32ecbb0, 31>, v0x5749a32efa40_0, v0x5749a32efb00_0 {0 0 0};
    %pushi/vec4 0, 0, 32;
    %store/vec4 v0x5749a32efda0_0, 0, 32;
T_11.40 ;
    %load/vec4 v0x5749a32efda0_0;
    %cmpi/s 32, 0, 32;
    %jmp/0xz T_11.41, 5;
    %pushi/vec4 0, 0, 32;
    %ix/getv/s 4, v0x5749a32efda0_0;
    %store/vec4a v0x5749a32ecbb0, 4, 0;
    %load/vec4 v0x5749a32efda0_0;
    %addi 1, 0, 32;
    %store/vec4 v0x5749a32efda0_0, 0, 32;
    %jmp T_11.40;
T_11.41 ;
    %pushi/vec4 13631635, 0, 32;
    %ix/load 4, 0, 0;
    %flag_set/imm 4, 0;
    %store/vec4a v0x5749a32eb580, 4, 0;
    %pushi/vec4 275, 0, 32;
    %ix/load 4, 1, 0;
    %flag_set/imm 4, 0;
    %store/vec4a v0x5749a32eb580, 4, 0;
    %pushi/vec4 4259316115, 0, 32;
    %ix/load 4, 2, 0;
    %flag_set/imm 4, 0;
    %store/vec4a v0x5749a32eb580, 4, 0;
    %pushi/vec4 4273996307, 0, 32;
    %ix/load 4, 3, 0;
    %flag_set/imm 4, 0;
    %store/vec4a v0x5749a32eb580, 4, 0;
    %pushi/vec4 1, 0, 1;
    %store/vec4 v0x5749a32efe80_0, 0, 1;
    %fork TD_tb.tick, S_0x5749a32ef690;
    %join;
    %pushi/vec4 0, 0, 1;
    %store/vec4 v0x5749a32efe80_0, 0, 1;
    %pushi/vec4 0, 0, 32;
    %store/vec4 v0x5749a32efa40_0, 0, 32;
T_11.42 ;
    %load/vec4 v0x5749a32efb00_0;
    %nor/r;
    %flag_set/vec4 9;
    %flag_get/vec4 9;
    %jmp/0 T_11.44, 9;
    %load/vec4 v0x5749a32efa40_0;
    %cmpi/s 5000, 0, 32;
    %flag_get/vec4 5;
    %and;
T_11.44;
    %flag_set/vec4 8;
    %jmp/0xz T_11.43, 8;
    %fork TD_tb.tick, S_0x5749a32ef690;
    %join;
    %jmp T_11.42;
T_11.43 ;
    %vpi_call/w 5 115 "$display", "BATCH_RESULT idx=8 prediction=%0d cycles=%0d halted=%0d", &A<v0x5749a32ecbb0, 31>, v0x5749a32efa40_0, v0x5749a32efb00_0 {0 0 0};
    %pushi/vec4 0, 0, 32;
    %store/vec4 v0x5749a32efda0_0, 0, 32;
T_11.45 ;
    %load/vec4 v0x5749a32efda0_0;
    %cmpi/s 32, 0, 32;
    %jmp/0xz T_11.46, 5;
    %pushi/vec4 0, 0, 32;
    %ix/getv/s 4, v0x5749a32efda0_0;
    %store/vec4a v0x5749a32ecbb0, 4, 0;
    %load/vec4 v0x5749a32efda0_0;
    %addi 1, 0, 32;
    %store/vec4 v0x5749a32efda0_0, 0, 32;
    %jmp T_11.45;
T_11.46 ;
    %pushi/vec4 17825939, 0, 32;
    %ix/load 4, 0, 0;
    %flag_set/imm 4, 0;
    %store/vec4a v0x5749a32eb580, 4, 0;
    %pushi/vec4 4278190355, 0, 32;
    %ix/load 4, 1, 0;
    %flag_set/imm 4, 0;
    %store/vec4a v0x5749a32eb580, 4, 0;
    %pushi/vec4 4258267539, 0, 32;
    %ix/load 4, 2, 0;
    %flag_set/imm 4, 0;
    %store/vec4a v0x5749a32eb580, 4, 0;
    %pushi/vec4 4267704851, 0, 32;
    %ix/load 4, 3, 0;
    %flag_set/imm 4, 0;
    %store/vec4a v0x5749a32eb580, 4, 0;
    %pushi/vec4 1, 0, 1;
    %store/vec4 v0x5749a32efe80_0, 0, 1;
    %fork TD_tb.tick, S_0x5749a32ef690;
    %join;
    %pushi/vec4 0, 0, 1;
    %store/vec4 v0x5749a32efe80_0, 0, 1;
    %pushi/vec4 0, 0, 32;
    %store/vec4 v0x5749a32efa40_0, 0, 32;
T_11.47 ;
    %load/vec4 v0x5749a32efb00_0;
    %nor/r;
    %flag_set/vec4 9;
    %flag_get/vec4 9;
    %jmp/0 T_11.49, 9;
    %load/vec4 v0x5749a32efa40_0;
    %cmpi/s 5000, 0, 32;
    %flag_get/vec4 5;
    %and;
T_11.49;
    %flag_set/vec4 8;
    %jmp/0xz T_11.48, 8;
    %fork TD_tb.tick, S_0x5749a32ef690;
    %join;
    %jmp T_11.47;
T_11.48 ;
    %vpi_call/w 5 124 "$display", "BATCH_RESULT idx=9 prediction=%0d cycles=%0d halted=%0d", &A<v0x5749a32ecbb0, 31>, v0x5749a32efa40_0, v0x5749a32efb00_0 {0 0 0};
    %pushi/vec4 0, 0, 32;
    %store/vec4 v0x5749a32efda0_0, 0, 32;
T_11.50 ;
    %load/vec4 v0x5749a32efda0_0;
    %cmpi/s 32, 0, 32;
    %jmp/0xz T_11.51, 5;
    %pushi/vec4 0, 0, 32;
    %ix/getv/s 4, v0x5749a32efda0_0;
    %store/vec4a v0x5749a32ecbb0, 4, 0;
    %load/vec4 v0x5749a32efda0_0;
    %addi 1, 0, 32;
    %store/vec4 v0x5749a32efda0_0, 0, 32;
    %jmp T_11.50;
T_11.51 ;
    %pushi/vec4 37748883, 0, 32;
    %ix/load 4, 0, 0;
    %flag_set/imm 4, 0;
    %store/vec4a v0x5749a32eb580, 4, 0;
    %pushi/vec4 4261413139, 0, 32;
    %ix/load 4, 1, 0;
    %flag_set/imm 4, 0;
    %store/vec4a v0x5749a32eb580, 4, 0;
    %pushi/vec4 4260364691, 0, 32;
    %ix/load 4, 2, 0;
    %flag_set/imm 4, 0;
    %store/vec4a v0x5749a32eb580, 4, 0;
    %pushi/vec4 31457811, 0, 32;
    %ix/load 4, 3, 0;
    %flag_set/imm 4, 0;
    %store/vec4a v0x5749a32eb580, 4, 0;
    %pushi/vec4 1, 0, 1;
    %store/vec4 v0x5749a32efe80_0, 0, 1;
    %fork TD_tb.tick, S_0x5749a32ef690;
    %join;
    %pushi/vec4 0, 0, 1;
    %store/vec4 v0x5749a32efe80_0, 0, 1;
    %pushi/vec4 0, 0, 32;
    %store/vec4 v0x5749a32efa40_0, 0, 32;
T_11.52 ;
    %load/vec4 v0x5749a32efb00_0;
    %nor/r;
    %flag_set/vec4 9;
    %flag_get/vec4 9;
    %jmp/0 T_11.54, 9;
    %load/vec4 v0x5749a32efa40_0;
    %cmpi/s 5000, 0, 32;
    %flag_get/vec4 5;
    %and;
T_11.54;
    %flag_set/vec4 8;
    %jmp/0xz T_11.53, 8;
    %fork TD_tb.tick, S_0x5749a32ef690;
    %join;
    %jmp T_11.52;
T_11.53 ;
    %vpi_call/w 5 133 "$display", "BATCH_RESULT idx=10 prediction=%0d cycles=%0d halted=%0d", &A<v0x5749a32ecbb0, 31>, v0x5749a32efa40_0, v0x5749a32efb00_0 {0 0 0};
    %pushi/vec4 0, 0, 32;
    %store/vec4 v0x5749a32efda0_0, 0, 32;
T_11.55 ;
    %load/vec4 v0x5749a32efda0_0;
    %cmpi/s 32, 0, 32;
    %jmp/0xz T_11.56, 5;
    %pushi/vec4 0, 0, 32;
    %ix/getv/s 4, v0x5749a32efda0_0;
    %store/vec4a v0x5749a32ecbb0, 4, 0;
    %load/vec4 v0x5749a32efda0_0;
    %addi 1, 0, 32;
    %store/vec4 v0x5749a32efda0_0, 0, 32;
    %jmp T_11.55;
T_11.56 ;
    %pushi/vec4 31457427, 0, 32;
    %ix/load 4, 0, 0;
    %flag_set/imm 4, 0;
    %store/vec4a v0x5749a32eb580, 4, 0;
    %pushi/vec4 4246733075, 0, 32;
    %ix/load 4, 1, 0;
    %flag_set/imm 4, 0;
    %store/vec4a v0x5749a32eb580, 4, 0;
    %pushi/vec4 4276093331, 0, 32;
    %ix/load 4, 2, 0;
    %flag_set/imm 4, 0;
    %store/vec4a v0x5749a32eb580, 4, 0;
    %pushi/vec4 4282384915, 0, 32;
    %ix/load 4, 3, 0;
    %flag_set/imm 4, 0;
    %store/vec4a v0x5749a32eb580, 4, 0;
    %pushi/vec4 1, 0, 1;
    %store/vec4 v0x5749a32efe80_0, 0, 1;
    %fork TD_tb.tick, S_0x5749a32ef690;
    %join;
    %pushi/vec4 0, 0, 1;
    %store/vec4 v0x5749a32efe80_0, 0, 1;
    %pushi/vec4 0, 0, 32;
    %store/vec4 v0x5749a32efa40_0, 0, 32;
T_11.57 ;
    %load/vec4 v0x5749a32efb00_0;
    %nor/r;
    %flag_set/vec4 9;
    %flag_get/vec4 9;
    %jmp/0 T_11.59, 9;
    %load/vec4 v0x5749a32efa40_0;
    %cmpi/s 5000, 0, 32;
    %flag_get/vec4 5;
    %and;
T_11.59;
    %flag_set/vec4 8;
    %jmp/0xz T_11.58, 8;
    %fork TD_tb.tick, S_0x5749a32ef690;
    %join;
    %jmp T_11.57;
T_11.58 ;
    %vpi_call/w 5 142 "$display", "BATCH_RESULT idx=11 prediction=%0d cycles=%0d halted=%0d", &A<v0x5749a32ecbb0, 31>, v0x5749a32efa40_0, v0x5749a32efb00_0 {0 0 0};
    %pushi/vec4 0, 0, 32;
    %store/vec4 v0x5749a32efda0_0, 0, 32;
T_11.60 ;
    %load/vec4 v0x5749a32efda0_0;
    %cmpi/s 32, 0, 32;
    %jmp/0xz T_11.61, 5;
    %pushi/vec4 0, 0, 32;
    %ix/getv/s 4, v0x5749a32efda0_0;
    %store/vec4a v0x5749a32ecbb0, 4, 0;
    %load/vec4 v0x5749a32efda0_0;
    %addi 1, 0, 32;
    %store/vec4 v0x5749a32efda0_0, 0, 32;
    %jmp T_11.60;
T_11.61 ;
    %pushi/vec4 57671827, 0, 32;
    %ix/load 4, 0, 0;
    %flag_set/imm 4, 0;
    %store/vec4a v0x5749a32eb580, 4, 0;
    %pushi/vec4 4233101587, 0, 32;
    %ix/load 4, 1, 0;
    %flag_set/imm 4, 0;
    %store/vec4a v0x5749a32eb580, 4, 0;
    %pushi/vec4 4283433363, 0, 32;
    %ix/load 4, 2, 0;
    %flag_set/imm 4, 0;
    %store/vec4a v0x5749a32eb580, 4, 0;
    %pushi/vec4 4246733331, 0, 32;
    %ix/load 4, 3, 0;
    %flag_set/imm 4, 0;
    %store/vec4a v0x5749a32eb580, 4, 0;
    %pushi/vec4 1, 0, 1;
    %store/vec4 v0x5749a32efe80_0, 0, 1;
    %fork TD_tb.tick, S_0x5749a32ef690;
    %join;
    %pushi/vec4 0, 0, 1;
    %store/vec4 v0x5749a32efe80_0, 0, 1;
    %pushi/vec4 0, 0, 32;
    %store/vec4 v0x5749a32efa40_0, 0, 32;
T_11.62 ;
    %load/vec4 v0x5749a32efb00_0;
    %nor/r;
    %flag_set/vec4 9;
    %flag_get/vec4 9;
    %jmp/0 T_11.64, 9;
    %load/vec4 v0x5749a32efa40_0;
    %cmpi/s 5000, 0, 32;
    %flag_get/vec4 5;
    %and;
T_11.64;
    %flag_set/vec4 8;
    %jmp/0xz T_11.63, 8;
    %fork TD_tb.tick, S_0x5749a32ef690;
    %join;
    %jmp T_11.62;
T_11.63 ;
    %vpi_call/w 5 151 "$display", "BATCH_RESULT idx=12 prediction=%0d cycles=%0d halted=%0d", &A<v0x5749a32ecbb0, 31>, v0x5749a32efa40_0, v0x5749a32efb00_0 {0 0 0};
    %pushi/vec4 0, 0, 32;
    %store/vec4 v0x5749a32efda0_0, 0, 32;
T_11.65 ;
    %load/vec4 v0x5749a32efda0_0;
    %cmpi/s 32, 0, 32;
    %jmp/0xz T_11.66, 5;
    %pushi/vec4 0, 0, 32;
    %ix/getv/s 4, v0x5749a32efda0_0;
    %store/vec4a v0x5749a32ecbb0, 4, 0;
    %load/vec4 v0x5749a32efda0_0;
    %addi 1, 0, 32;
    %store/vec4 v0x5749a32efda0_0, 0, 32;
    %jmp T_11.65;
T_11.66 ;
    %pushi/vec4 39846035, 0, 32;
    %ix/load 4, 0, 0;
    %flag_set/imm 4, 0;
    %store/vec4a v0x5749a32eb580, 4, 0;
    %pushi/vec4 4263510291, 0, 32;
    %ix/load 4, 1, 0;
    %flag_set/imm 4, 0;
    %store/vec4a v0x5749a32eb580, 4, 0;
    %pushi/vec4 4267704723, 0, 32;
    %ix/load 4, 2, 0;
    %flag_set/imm 4, 0;
    %store/vec4a v0x5749a32eb580, 4, 0;
    %pushi/vec4 4266656275, 0, 32;
    %ix/load 4, 3, 0;
    %flag_set/imm 4, 0;
    %store/vec4a v0x5749a32eb580, 4, 0;
    %pushi/vec4 1, 0, 1;
    %store/vec4 v0x5749a32efe80_0, 0, 1;
    %fork TD_tb.tick, S_0x5749a32ef690;
    %join;
    %pushi/vec4 0, 0, 1;
    %store/vec4 v0x5749a32efe80_0, 0, 1;
    %pushi/vec4 0, 0, 32;
    %store/vec4 v0x5749a32efa40_0, 0, 32;
T_11.67 ;
    %load/vec4 v0x5749a32efb00_0;
    %nor/r;
    %flag_set/vec4 9;
    %flag_get/vec4 9;
    %jmp/0 T_11.69, 9;
    %load/vec4 v0x5749a32efa40_0;
    %cmpi/s 5000, 0, 32;
    %flag_get/vec4 5;
    %and;
T_11.69;
    %flag_set/vec4 8;
    %jmp/0xz T_11.68, 8;
    %fork TD_tb.tick, S_0x5749a32ef690;
    %join;
    %jmp T_11.67;
T_11.68 ;
    %vpi_call/w 5 160 "$display", "BATCH_RESULT idx=13 prediction=%0d cycles=%0d halted=%0d", &A<v0x5749a32ecbb0, 31>, v0x5749a32efa40_0, v0x5749a32efb00_0 {0 0 0};
    %pushi/vec4 0, 0, 32;
    %store/vec4 v0x5749a32efda0_0, 0, 32;
T_11.70 ;
    %load/vec4 v0x5749a32efda0_0;
    %cmpi/s 32, 0, 32;
    %jmp/0xz T_11.71, 5;
    %pushi/vec4 0, 0, 32;
    %ix/getv/s 4, v0x5749a32efda0_0;
    %store/vec4a v0x5749a32ecbb0, 4, 0;
    %load/vec4 v0x5749a32efda0_0;
    %addi 1, 0, 32;
    %store/vec4 v0x5749a32efda0_0, 0, 32;
    %jmp T_11.70;
T_11.71 ;
    %pushi/vec4 46137491, 0, 32;
    %ix/load 4, 0, 0;
    %flag_set/imm 4, 0;
    %store/vec4a v0x5749a32eb580, 4, 0;
    %pushi/vec4 4235198739, 0, 32;
    %ix/load 4, 1, 0;
    %flag_set/imm 4, 0;
    %store/vec4a v0x5749a32eb580, 4, 0;
    %pushi/vec4 4285530515, 0, 32;
    %ix/load 4, 2, 0;
    %flag_set/imm 4, 0;
    %store/vec4a v0x5749a32eb580, 4, 0;
    %pushi/vec4 4253024787, 0, 32;
    %ix/load 4, 3, 0;
    %flag_set/imm 4, 0;
    %store/vec4a v0x5749a32eb580, 4, 0;
    %pushi/vec4 1, 0, 1;
    %store/vec4 v0x5749a32efe80_0, 0, 1;
    %fork TD_tb.tick, S_0x5749a32ef690;
    %join;
    %pushi/vec4 0, 0, 1;
    %store/vec4 v0x5749a32efe80_0, 0, 1;
    %pushi/vec4 0, 0, 32;
    %store/vec4 v0x5749a32efa40_0, 0, 32;
T_11.72 ;
    %load/vec4 v0x5749a32efb00_0;
    %nor/r;
    %flag_set/vec4 9;
    %flag_get/vec4 9;
    %jmp/0 T_11.74, 9;
    %load/vec4 v0x5749a32efa40_0;
    %cmpi/s 5000, 0, 32;
    %flag_get/vec4 5;
    %and;
T_11.74;
    %flag_set/vec4 8;
    %jmp/0xz T_11.73, 8;
    %fork TD_tb.tick, S_0x5749a32ef690;
    %join;
    %jmp T_11.72;
T_11.73 ;
    %vpi_call/w 5 169 "$display", "BATCH_RESULT idx=14 prediction=%0d cycles=%0d halted=%0d", &A<v0x5749a32ecbb0, 31>, v0x5749a32efa40_0, v0x5749a32efb00_0 {0 0 0};
    %pushi/vec4 0, 0, 32;
    %store/vec4 v0x5749a32efda0_0, 0, 32;
T_11.75 ;
    %load/vec4 v0x5749a32efda0_0;
    %cmpi/s 32, 0, 32;
    %jmp/0xz T_11.76, 5;
    %pushi/vec4 0, 0, 32;
    %ix/getv/s 4, v0x5749a32efda0_0;
    %store/vec4a v0x5749a32ecbb0, 4, 0;
    %load/vec4 v0x5749a32efda0_0;
    %addi 1, 0, 32;
    %store/vec4 v0x5749a32efda0_0, 0, 32;
    %jmp T_11.75;
T_11.76 ;
    %pushi/vec4 15728787, 0, 32;
    %ix/load 4, 0, 0;
    %flag_set/imm 4, 0;
    %store/vec4a v0x5749a32eb580, 4, 0;
    %pushi/vec4 3146003, 0, 32;
    %ix/load 4, 1, 0;
    %flag_set/imm 4, 0;
    %store/vec4a v0x5749a32eb580, 4, 0;
    %pushi/vec4 4248830355, 0, 32;
    %ix/load 4, 2, 0;
    %flag_set/imm 4, 0;
    %store/vec4a v0x5749a32eb580, 4, 0;
    %pushi/vec4 4269802003, 0, 32;
    %ix/load 4, 3, 0;
    %flag_set/imm 4, 0;
    %store/vec4a v0x5749a32eb580, 4, 0;
    %pushi/vec4 1, 0, 1;
    %store/vec4 v0x5749a32efe80_0, 0, 1;
    %fork TD_tb.tick, S_0x5749a32ef690;
    %join;
    %pushi/vec4 0, 0, 1;
    %store/vec4 v0x5749a32efe80_0, 0, 1;
    %pushi/vec4 0, 0, 32;
    %store/vec4 v0x5749a32efa40_0, 0, 32;
T_11.77 ;
    %load/vec4 v0x5749a32efb00_0;
    %nor/r;
    %flag_set/vec4 9;
    %flag_get/vec4 9;
    %jmp/0 T_11.79, 9;
    %load/vec4 v0x5749a32efa40_0;
    %cmpi/s 5000, 0, 32;
    %flag_get/vec4 5;
    %and;
T_11.79;
    %flag_set/vec4 8;
    %jmp/0xz T_11.78, 8;
    %fork TD_tb.tick, S_0x5749a32ef690;
    %join;
    %jmp T_11.77;
T_11.78 ;
    %vpi_call/w 5 178 "$display", "BATCH_RESULT idx=15 prediction=%0d cycles=%0d halted=%0d", &A<v0x5749a32ecbb0, 31>, v0x5749a32efa40_0, v0x5749a32efb00_0 {0 0 0};
    %pushi/vec4 0, 0, 32;
    %store/vec4 v0x5749a32efda0_0, 0, 32;
T_11.80 ;
    %load/vec4 v0x5749a32efda0_0;
    %cmpi/s 32, 0, 32;
    %jmp/0xz T_11.81, 5;
    %pushi/vec4 0, 0, 32;
    %ix/getv/s 4, v0x5749a32efda0_0;
    %store/vec4a v0x5749a32ecbb0, 4, 0;
    %load/vec4 v0x5749a32efda0_0;
    %addi 1, 0, 32;
    %store/vec4 v0x5749a32efda0_0, 0, 32;
    %jmp T_11.80;
T_11.81 ;
    %pushi/vec4 17825939, 0, 32;
    %ix/load 4, 0, 0;
    %flag_set/imm 4, 0;
    %store/vec4a v0x5749a32eb580, 4, 0;
    %pushi/vec4 4275044627, 0, 32;
    %ix/load 4, 1, 0;
    %flag_set/imm 4, 0;
    %store/vec4a v0x5749a32eb580, 4, 0;
    %pushi/vec4 4243587475, 0, 32;
    %ix/load 4, 2, 0;
    %flag_set/imm 4, 0;
    %store/vec4a v0x5749a32eb580, 4, 0;
    %pushi/vec4 48235027, 0, 32;
    %ix/load 4, 3, 0;
    %flag_set/imm 4, 0;
    %store/vec4a v0x5749a32eb580, 4, 0;
    %pushi/vec4 1, 0, 1;
    %store/vec4 v0x5749a32efe80_0, 0, 1;
    %fork TD_tb.tick, S_0x5749a32ef690;
    %join;
    %pushi/vec4 0, 0, 1;
    %store/vec4 v0x5749a32efe80_0, 0, 1;
    %pushi/vec4 0, 0, 32;
    %store/vec4 v0x5749a32efa40_0, 0, 32;
T_11.82 ;
    %load/vec4 v0x5749a32efb00_0;
    %nor/r;
    %flag_set/vec4 9;
    %flag_get/vec4 9;
    %jmp/0 T_11.84, 9;
    %load/vec4 v0x5749a32efa40_0;
    %cmpi/s 5000, 0, 32;
    %flag_get/vec4 5;
    %and;
T_11.84;
    %flag_set/vec4 8;
    %jmp/0xz T_11.83, 8;
    %fork TD_tb.tick, S_0x5749a32ef690;
    %join;
    %jmp T_11.82;
T_11.83 ;
    %vpi_call/w 5 187 "$display", "BATCH_RESULT idx=16 prediction=%0d cycles=%0d halted=%0d", &A<v0x5749a32ecbb0, 31>, v0x5749a32efa40_0, v0x5749a32efb00_0 {0 0 0};
    %pushi/vec4 0, 0, 32;
    %store/vec4 v0x5749a32efda0_0, 0, 32;
T_11.85 ;
    %load/vec4 v0x5749a32efda0_0;
    %cmpi/s 32, 0, 32;
    %jmp/0xz T_11.86, 5;
    %pushi/vec4 0, 0, 32;
    %ix/getv/s 4, v0x5749a32efda0_0;
    %store/vec4a v0x5749a32ecbb0, 4, 0;
    %load/vec4 v0x5749a32efda0_0;
    %addi 1, 0, 32;
    %store/vec4 v0x5749a32efda0_0, 0, 32;
    %jmp T_11.85;
T_11.86 ;
    %pushi/vec4 9437331, 0, 32;
    %ix/load 4, 0, 0;
    %flag_set/imm 4, 0;
    %store/vec4a v0x5749a32eb580, 4, 0;
    %pushi/vec4 4253024531, 0, 32;
    %ix/load 4, 1, 0;
    %flag_set/imm 4, 0;
    %store/vec4a v0x5749a32eb580, 4, 0;
    %pushi/vec4 4287627667, 0, 32;
    %ix/load 4, 2, 0;
    %flag_set/imm 4, 0;
    %store/vec4a v0x5749a32eb580, 4, 0;
    %pushi/vec4 33554963, 0, 32;
    %ix/load 4, 3, 0;
    %flag_set/imm 4, 0;
    %store/vec4a v0x5749a32eb580, 4, 0;
    %pushi/vec4 1, 0, 1;
    %store/vec4 v0x5749a32efe80_0, 0, 1;
    %fork TD_tb.tick, S_0x5749a32ef690;
    %join;
    %pushi/vec4 0, 0, 1;
    %store/vec4 v0x5749a32efe80_0, 0, 1;
    %pushi/vec4 0, 0, 32;
    %store/vec4 v0x5749a32efa40_0, 0, 32;
T_11.87 ;
    %load/vec4 v0x5749a32efb00_0;
    %nor/r;
    %flag_set/vec4 9;
    %flag_get/vec4 9;
    %jmp/0 T_11.89, 9;
    %load/vec4 v0x5749a32efa40_0;
    %cmpi/s 5000, 0, 32;
    %flag_get/vec4 5;
    %and;
T_11.89;
    %flag_set/vec4 8;
    %jmp/0xz T_11.88, 8;
    %fork TD_tb.tick, S_0x5749a32ef690;
    %join;
    %jmp T_11.87;
T_11.88 ;
    %vpi_call/w 5 196 "$display", "BATCH_RESULT idx=17 prediction=%0d cycles=%0d halted=%0d", &A<v0x5749a32ecbb0, 31>, v0x5749a32efa40_0, v0x5749a32efb00_0 {0 0 0};
    %pushi/vec4 0, 0, 32;
    %store/vec4 v0x5749a32efda0_0, 0, 32;
T_11.90 ;
    %load/vec4 v0x5749a32efda0_0;
    %cmpi/s 32, 0, 32;
    %jmp/0xz T_11.91, 5;
    %pushi/vec4 0, 0, 32;
    %ix/getv/s 4, v0x5749a32efda0_0;
    %store/vec4a v0x5749a32ecbb0, 4, 0;
    %load/vec4 v0x5749a32efda0_0;
    %addi 1, 0, 32;
    %store/vec4 v0x5749a32efda0_0, 0, 32;
    %jmp T_11.90;
T_11.91 ;
    %pushi/vec4 56623251, 0, 32;
    %ix/load 4, 0, 0;
    %flag_set/imm 4, 0;
    %store/vec4a v0x5749a32eb580, 4, 0;
    %pushi/vec4 4253024531, 0, 32;
    %ix/load 4, 1, 0;
    %flag_set/imm 4, 0;
    %store/vec4a v0x5749a32eb580, 4, 0;
    %pushi/vec4 4277141907, 0, 32;
    %ix/load 4, 2, 0;
    %flag_set/imm 4, 0;
    %store/vec4a v0x5749a32eb580, 4, 0;
    %pushi/vec4 4244636179, 0, 32;
    %ix/load 4, 3, 0;
    %flag_set/imm 4, 0;
    %store/vec4a v0x5749a32eb580, 4, 0;
    %pushi/vec4 1, 0, 1;
    %store/vec4 v0x5749a32efe80_0, 0, 1;
    %fork TD_tb.tick, S_0x5749a32ef690;
    %join;
    %pushi/vec4 0, 0, 1;
    %store/vec4 v0x5749a32efe80_0, 0, 1;
    %pushi/vec4 0, 0, 32;
    %store/vec4 v0x5749a32efa40_0, 0, 32;
T_11.92 ;
    %load/vec4 v0x5749a32efb00_0;
    %nor/r;
    %flag_set/vec4 9;
    %flag_get/vec4 9;
    %jmp/0 T_11.94, 9;
    %load/vec4 v0x5749a32efa40_0;
    %cmpi/s 5000, 0, 32;
    %flag_get/vec4 5;
    %and;
T_11.94;
    %flag_set/vec4 8;
    %jmp/0xz T_11.93, 8;
    %fork TD_tb.tick, S_0x5749a32ef690;
    %join;
    %jmp T_11.92;
T_11.93 ;
    %vpi_call/w 5 205 "$display", "BATCH_RESULT idx=18 prediction=%0d cycles=%0d halted=%0d", &A<v0x5749a32ecbb0, 31>, v0x5749a32efa40_0, v0x5749a32efb00_0 {0 0 0};
    %pushi/vec4 0, 0, 32;
    %store/vec4 v0x5749a32efda0_0, 0, 32;
T_11.95 ;
    %load/vec4 v0x5749a32efda0_0;
    %cmpi/s 32, 0, 32;
    %jmp/0xz T_11.96, 5;
    %pushi/vec4 0, 0, 32;
    %ix/getv/s 4, v0x5749a32efda0_0;
    %store/vec4a v0x5749a32ecbb0, 4, 0;
    %load/vec4 v0x5749a32efda0_0;
    %addi 1, 0, 32;
    %store/vec4 v0x5749a32efda0_0, 0, 32;
    %jmp T_11.95;
T_11.96 ;
    %pushi/vec4 4292870291, 0, 32;
    %ix/load 4, 0, 0;
    %flag_set/imm 4, 0;
    %store/vec4a v0x5749a32eb580, 4, 0;
    %pushi/vec4 1048851, 0, 32;
    %ix/load 4, 1, 0;
    %flag_set/imm 4, 0;
    %store/vec4a v0x5749a32eb580, 4, 0;
    %pushi/vec4 4244636051, 0, 32;
    %ix/load 4, 2, 0;
    %flag_set/imm 4, 0;
    %store/vec4a v0x5749a32eb580, 4, 0;
    %pushi/vec4 4259316243, 0, 32;
    %ix/load 4, 3, 0;
    %flag_set/imm 4, 0;
    %store/vec4a v0x5749a32eb580, 4, 0;
    %pushi/vec4 1, 0, 1;
    %store/vec4 v0x5749a32efe80_0, 0, 1;
    %fork TD_tb.tick, S_0x5749a32ef690;
    %join;
    %pushi/vec4 0, 0, 1;
    %store/vec4 v0x5749a32efe80_0, 0, 1;
    %pushi/vec4 0, 0, 32;
    %store/vec4 v0x5749a32efa40_0, 0, 32;
T_11.97 ;
    %load/vec4 v0x5749a32efb00_0;
    %nor/r;
    %flag_set/vec4 9;
    %flag_get/vec4 9;
    %jmp/0 T_11.99, 9;
    %load/vec4 v0x5749a32efa40_0;
    %cmpi/s 5000, 0, 32;
    %flag_get/vec4 5;
    %and;
T_11.99;
    %flag_set/vec4 8;
    %jmp/0xz T_11.98, 8;
    %fork TD_tb.tick, S_0x5749a32ef690;
    %join;
    %jmp T_11.97;
T_11.98 ;
    %vpi_call/w 5 214 "$display", "BATCH_RESULT idx=19 prediction=%0d cycles=%0d halted=%0d", &A<v0x5749a32ecbb0, 31>, v0x5749a32efa40_0, v0x5749a32efb00_0 {0 0 0};
    %pushi/vec4 0, 0, 32;
    %store/vec4 v0x5749a32efda0_0, 0, 32;
T_11.100 ;
    %load/vec4 v0x5749a32efda0_0;
    %cmpi/s 32, 0, 32;
    %jmp/0xz T_11.101, 5;
    %pushi/vec4 0, 0, 32;
    %ix/getv/s 4, v0x5749a32efda0_0;
    %store/vec4a v0x5749a32ecbb0, 4, 0;
    %load/vec4 v0x5749a32efda0_0;
    %addi 1, 0, 32;
    %store/vec4 v0x5749a32efda0_0, 0, 32;
    %jmp T_11.100;
T_11.101 ;
    %pushi/vec4 2097299, 0, 32;
    %ix/load 4, 0, 0;
    %flag_set/imm 4, 0;
    %store/vec4a v0x5749a32eb580, 4, 0;
    %pushi/vec4 4278190355, 0, 32;
    %ix/load 4, 1, 0;
    %flag_set/imm 4, 0;
    %store/vec4a v0x5749a32eb580, 4, 0;
    %pushi/vec4 4272947603, 0, 32;
    %ix/load 4, 2, 0;
    %flag_set/imm 4, 0;
    %store/vec4a v0x5749a32eb580, 4, 0;
    %pushi/vec4 4275044883, 0, 32;
    %ix/load 4, 3, 0;
    %flag_set/imm 4, 0;
    %store/vec4a v0x5749a32eb580, 4, 0;
    %pushi/vec4 1, 0, 1;
    %store/vec4 v0x5749a32efe80_0, 0, 1;
    %fork TD_tb.tick, S_0x5749a32ef690;
    %join;
    %pushi/vec4 0, 0, 1;
    %store/vec4 v0x5749a32efe80_0, 0, 1;
    %pushi/vec4 0, 0, 32;
    %store/vec4 v0x5749a32efa40_0, 0, 32;
T_11.102 ;
    %load/vec4 v0x5749a32efb00_0;
    %nor/r;
    %flag_set/vec4 9;
    %flag_get/vec4 9;
    %jmp/0 T_11.104, 9;
    %load/vec4 v0x5749a32efa40_0;
    %cmpi/s 5000, 0, 32;
    %flag_get/vec4 5;
    %and;
T_11.104;
    %flag_set/vec4 8;
    %jmp/0xz T_11.103, 8;
    %fork TD_tb.tick, S_0x5749a32ef690;
    %join;
    %jmp T_11.102;
T_11.103 ;
    %vpi_call/w 5 223 "$display", "BATCH_RESULT idx=20 prediction=%0d cycles=%0d halted=%0d", &A<v0x5749a32ecbb0, 31>, v0x5749a32efa40_0, v0x5749a32efb00_0 {0 0 0};
    %pushi/vec4 0, 0, 32;
    %store/vec4 v0x5749a32efda0_0, 0, 32;
T_11.105 ;
    %load/vec4 v0x5749a32efda0_0;
    %cmpi/s 32, 0, 32;
    %jmp/0xz T_11.106, 5;
    %pushi/vec4 0, 0, 32;
    %ix/getv/s 4, v0x5749a32efda0_0;
    %store/vec4a v0x5749a32ecbb0, 4, 0;
    %load/vec4 v0x5749a32efda0_0;
    %addi 1, 0, 32;
    %store/vec4 v0x5749a32efda0_0, 0, 32;
    %jmp T_11.105;
T_11.106 ;
    %pushi/vec4 53477523, 0, 32;
    %ix/load 4, 0, 0;
    %flag_set/imm 4, 0;
    %store/vec4a v0x5749a32eb580, 4, 0;
    %pushi/vec4 4251975955, 0, 32;
    %ix/load 4, 1, 0;
    %flag_set/imm 4, 0;
    %store/vec4a v0x5749a32eb580, 4, 0;
    %pushi/vec4 4269801875, 0, 32;
    %ix/load 4, 2, 0;
    %flag_set/imm 4, 0;
    %store/vec4a v0x5749a32eb580, 4, 0;
    %pushi/vec4 4242539027, 0, 32;
    %ix/load 4, 3, 0;
    %flag_set/imm 4, 0;
    %store/vec4a v0x5749a32eb580, 4, 0;
    %pushi/vec4 1, 0, 1;
    %store/vec4 v0x5749a32efe80_0, 0, 1;
    %fork TD_tb.tick, S_0x5749a32ef690;
    %join;
    %pushi/vec4 0, 0, 1;
    %store/vec4 v0x5749a32efe80_0, 0, 1;
    %pushi/vec4 0, 0, 32;
    %store/vec4 v0x5749a32efa40_0, 0, 32;
T_11.107 ;
    %load/vec4 v0x5749a32efb00_0;
    %nor/r;
    %flag_set/vec4 9;
    %flag_get/vec4 9;
    %jmp/0 T_11.109, 9;
    %load/vec4 v0x5749a32efa40_0;
    %cmpi/s 5000, 0, 32;
    %flag_get/vec4 5;
    %and;
T_11.109;
    %flag_set/vec4 8;
    %jmp/0xz T_11.108, 8;
    %fork TD_tb.tick, S_0x5749a32ef690;
    %join;
    %jmp T_11.107;
T_11.108 ;
    %vpi_call/w 5 232 "$display", "BATCH_RESULT idx=21 prediction=%0d cycles=%0d halted=%0d", &A<v0x5749a32ecbb0, 31>, v0x5749a32efa40_0, v0x5749a32efb00_0 {0 0 0};
    %pushi/vec4 0, 0, 32;
    %store/vec4 v0x5749a32efda0_0, 0, 32;
T_11.110 ;
    %load/vec4 v0x5749a32efda0_0;
    %cmpi/s 32, 0, 32;
    %jmp/0xz T_11.111, 5;
    %pushi/vec4 0, 0, 32;
    %ix/getv/s 4, v0x5749a32efda0_0;
    %store/vec4a v0x5749a32ecbb0, 4, 0;
    %load/vec4 v0x5749a32efda0_0;
    %addi 1, 0, 32;
    %store/vec4 v0x5749a32efda0_0, 0, 32;
    %jmp T_11.110;
T_11.111 ;
    %pushi/vec4 4194451, 0, 32;
    %ix/load 4, 0, 0;
    %flag_set/imm 4, 0;
    %store/vec4a v0x5749a32eb580, 4, 0;
    %pushi/vec4 8388883, 0, 32;
    %ix/load 4, 1, 0;
    %flag_set/imm 4, 0;
    %store/vec4a v0x5749a32eb580, 4, 0;
    %pushi/vec4 4244636051, 0, 32;
    %ix/load 4, 2, 0;
    %flag_set/imm 4, 0;
    %store/vec4a v0x5749a32eb580, 4, 0;
    %pushi/vec4 4269802003, 0, 32;
    %ix/load 4, 3, 0;
    %flag_set/imm 4, 0;
    %store/vec4a v0x5749a32eb580, 4, 0;
    %pushi/vec4 1, 0, 1;
    %store/vec4 v0x5749a32efe80_0, 0, 1;
    %fork TD_tb.tick, S_0x5749a32ef690;
    %join;
    %pushi/vec4 0, 0, 1;
    %store/vec4 v0x5749a32efe80_0, 0, 1;
    %pushi/vec4 0, 0, 32;
    %store/vec4 v0x5749a32efa40_0, 0, 32;
T_11.112 ;
    %load/vec4 v0x5749a32efb00_0;
    %nor/r;
    %flag_set/vec4 9;
    %flag_get/vec4 9;
    %jmp/0 T_11.114, 9;
    %load/vec4 v0x5749a32efa40_0;
    %cmpi/s 5000, 0, 32;
    %flag_get/vec4 5;
    %and;
T_11.114;
    %flag_set/vec4 8;
    %jmp/0xz T_11.113, 8;
    %fork TD_tb.tick, S_0x5749a32ef690;
    %join;
    %jmp T_11.112;
T_11.113 ;
    %vpi_call/w 5 241 "$display", "BATCH_RESULT idx=22 prediction=%0d cycles=%0d halted=%0d", &A<v0x5749a32ecbb0, 31>, v0x5749a32efa40_0, v0x5749a32efb00_0 {0 0 0};
    %pushi/vec4 0, 0, 32;
    %store/vec4 v0x5749a32efda0_0, 0, 32;
T_11.115 ;
    %load/vec4 v0x5749a32efda0_0;
    %cmpi/s 32, 0, 32;
    %jmp/0xz T_11.116, 5;
    %pushi/vec4 0, 0, 32;
    %ix/getv/s 4, v0x5749a32efda0_0;
    %store/vec4a v0x5749a32ecbb0, 4, 0;
    %load/vec4 v0x5749a32efda0_0;
    %addi 1, 0, 32;
    %store/vec4 v0x5749a32efda0_0, 0, 32;
    %jmp T_11.115;
T_11.116 ;
    %pushi/vec4 59768979, 0, 32;
    %ix/load 4, 0, 0;
    %flag_set/imm 4, 0;
    %store/vec4a v0x5749a32eb580, 4, 0;
    %pushi/vec4 4232053011, 0, 32;
    %ix/load 4, 1, 0;
    %flag_set/imm 4, 0;
    %store/vec4a v0x5749a32eb580, 4, 0;
    %pushi/vec4 4273996179, 0, 32;
    %ix/load 4, 2, 0;
    %flag_set/imm 4, 0;
    %store/vec4a v0x5749a32eb580, 4, 0;
    %pushi/vec4 45089299, 0, 32;
    %ix/load 4, 3, 0;
    %flag_set/imm 4, 0;
    %store/vec4a v0x5749a32eb580, 4, 0;
    %pushi/vec4 1, 0, 1;
    %store/vec4 v0x5749a32efe80_0, 0, 1;
    %fork TD_tb.tick, S_0x5749a32ef690;
    %join;
    %pushi/vec4 0, 0, 1;
    %store/vec4 v0x5749a32efe80_0, 0, 1;
    %pushi/vec4 0, 0, 32;
    %store/vec4 v0x5749a32efa40_0, 0, 32;
T_11.117 ;
    %load/vec4 v0x5749a32efb00_0;
    %nor/r;
    %flag_set/vec4 9;
    %flag_get/vec4 9;
    %jmp/0 T_11.119, 9;
    %load/vec4 v0x5749a32efa40_0;
    %cmpi/s 5000, 0, 32;
    %flag_get/vec4 5;
    %and;
T_11.119;
    %flag_set/vec4 8;
    %jmp/0xz T_11.118, 8;
    %fork TD_tb.tick, S_0x5749a32ef690;
    %join;
    %jmp T_11.117;
T_11.118 ;
    %vpi_call/w 5 250 "$display", "BATCH_RESULT idx=23 prediction=%0d cycles=%0d halted=%0d", &A<v0x5749a32ecbb0, 31>, v0x5749a32efa40_0, v0x5749a32efb00_0 {0 0 0};
    %pushi/vec4 0, 0, 32;
    %store/vec4 v0x5749a32efda0_0, 0, 32;
T_11.120 ;
    %load/vec4 v0x5749a32efda0_0;
    %cmpi/s 32, 0, 32;
    %jmp/0xz T_11.121, 5;
    %pushi/vec4 0, 0, 32;
    %ix/getv/s 4, v0x5749a32efda0_0;
    %store/vec4a v0x5749a32ecbb0, 4, 0;
    %load/vec4 v0x5749a32efda0_0;
    %addi 1, 0, 32;
    %store/vec4 v0x5749a32efda0_0, 0, 32;
    %jmp T_11.120;
T_11.121 ;
    %pushi/vec4 46137491, 0, 32;
    %ix/load 4, 0, 0;
    %flag_set/imm 4, 0;
    %store/vec4a v0x5749a32eb580, 4, 0;
    %pushi/vec4 4248830227, 0, 32;
    %ix/load 4, 1, 0;
    %flag_set/imm 4, 0;
    %store/vec4a v0x5749a32eb580, 4, 0;
    %pushi/vec4 4269801875, 0, 32;
    %ix/load 4, 2, 0;
    %flag_set/imm 4, 0;
    %store/vec4a v0x5749a32eb580, 4, 0;
    %pushi/vec4 4255121939, 0, 32;
    %ix/load 4, 3, 0;
    %flag_set/imm 4, 0;
    %store/vec4a v0x5749a32eb580, 4, 0;
    %pushi/vec4 1, 0, 1;
    %store/vec4 v0x5749a32efe80_0, 0, 1;
    %fork TD_tb.tick, S_0x5749a32ef690;
    %join;
    %pushi/vec4 0, 0, 1;
    %store/vec4 v0x5749a32efe80_0, 0, 1;
    %pushi/vec4 0, 0, 32;
    %store/vec4 v0x5749a32efa40_0, 0, 32;
T_11.122 ;
    %load/vec4 v0x5749a32efb00_0;
    %nor/r;
    %flag_set/vec4 9;
    %flag_get/vec4 9;
    %jmp/0 T_11.124, 9;
    %load/vec4 v0x5749a32efa40_0;
    %cmpi/s 5000, 0, 32;
    %flag_get/vec4 5;
    %and;
T_11.124;
    %flag_set/vec4 8;
    %jmp/0xz T_11.123, 8;
    %fork TD_tb.tick, S_0x5749a32ef690;
    %join;
    %jmp T_11.122;
T_11.123 ;
    %vpi_call/w 5 259 "$display", "BATCH_RESULT idx=24 prediction=%0d cycles=%0d halted=%0d", &A<v0x5749a32ecbb0, 31>, v0x5749a32efa40_0, v0x5749a32efb00_0 {0 0 0};
    %pushi/vec4 0, 0, 32;
    %store/vec4 v0x5749a32efda0_0, 0, 32;
T_11.125 ;
    %load/vec4 v0x5749a32efda0_0;
    %cmpi/s 32, 0, 32;
    %jmp/0xz T_11.126, 5;
    %pushi/vec4 0, 0, 32;
    %ix/getv/s 4, v0x5749a32efda0_0;
    %store/vec4a v0x5749a32ecbb0, 4, 0;
    %load/vec4 v0x5749a32efda0_0;
    %addi 1, 0, 32;
    %store/vec4 v0x5749a32efda0_0, 0, 32;
    %jmp T_11.125;
T_11.126 ;
    %pushi/vec4 4276093075, 0, 32;
    %ix/load 4, 0, 0;
    %flag_set/imm 4, 0;
    %store/vec4a v0x5749a32eb580, 4, 0;
    %pushi/vec4 30408979, 0, 32;
    %ix/load 4, 1, 0;
    %flag_set/imm 4, 0;
    %store/vec4a v0x5749a32eb580, 4, 0;
    %pushi/vec4 38797715, 0, 32;
    %ix/load 4, 2, 0;
    %flag_set/imm 4, 0;
    %store/vec4a v0x5749a32eb580, 4, 0;
    %pushi/vec4 4258267667, 0, 32;
    %ix/load 4, 3, 0;
    %flag_set/imm 4, 0;
    %store/vec4a v0x5749a32eb580, 4, 0;
    %pushi/vec4 1, 0, 1;
    %store/vec4 v0x5749a32efe80_0, 0, 1;
    %fork TD_tb.tick, S_0x5749a32ef690;
    %join;
    %pushi/vec4 0, 0, 1;
    %store/vec4 v0x5749a32efe80_0, 0, 1;
    %pushi/vec4 0, 0, 32;
    %store/vec4 v0x5749a32efa40_0, 0, 32;
T_11.127 ;
    %load/vec4 v0x5749a32efb00_0;
    %nor/r;
    %flag_set/vec4 9;
    %flag_get/vec4 9;
    %jmp/0 T_11.129, 9;
    %load/vec4 v0x5749a32efa40_0;
    %cmpi/s 5000, 0, 32;
    %flag_get/vec4 5;
    %and;
T_11.129;
    %flag_set/vec4 8;
    %jmp/0xz T_11.128, 8;
    %fork TD_tb.tick, S_0x5749a32ef690;
    %join;
    %jmp T_11.127;
T_11.128 ;
    %vpi_call/w 5 268 "$display", "BATCH_RESULT idx=25 prediction=%0d cycles=%0d halted=%0d", &A<v0x5749a32ecbb0, 31>, v0x5749a32efa40_0, v0x5749a32efb00_0 {0 0 0};
    %pushi/vec4 0, 0, 32;
    %store/vec4 v0x5749a32efda0_0, 0, 32;
T_11.130 ;
    %load/vec4 v0x5749a32efda0_0;
    %cmpi/s 32, 0, 32;
    %jmp/0xz T_11.131, 5;
    %pushi/vec4 0, 0, 32;
    %ix/getv/s 4, v0x5749a32efda0_0;
    %store/vec4a v0x5749a32ecbb0, 4, 0;
    %load/vec4 v0x5749a32efda0_0;
    %addi 1, 0, 32;
    %store/vec4 v0x5749a32efda0_0, 0, 32;
    %jmp T_11.130;
T_11.131 ;
    %pushi/vec4 4255121555, 0, 32;
    %ix/load 4, 0, 0;
    %flag_set/imm 4, 0;
    %store/vec4a v0x5749a32eb580, 4, 0;
    %pushi/vec4 24117523, 0, 32;
    %ix/load 4, 1, 0;
    %flag_set/imm 4, 0;
    %store/vec4a v0x5749a32eb580, 4, 0;
    %pushi/vec4 22020499, 0, 32;
    %ix/load 4, 2, 0;
    %flag_set/imm 4, 0;
    %store/vec4a v0x5749a32eb580, 4, 0;
    %pushi/vec4 4269802003, 0, 32;
    %ix/load 4, 3, 0;
    %flag_set/imm 4, 0;
    %store/vec4a v0x5749a32eb580, 4, 0;
    %pushi/vec4 1, 0, 1;
    %store/vec4 v0x5749a32efe80_0, 0, 1;
    %fork TD_tb.tick, S_0x5749a32ef690;
    %join;
    %pushi/vec4 0, 0, 1;
    %store/vec4 v0x5749a32efe80_0, 0, 1;
    %pushi/vec4 0, 0, 32;
    %store/vec4 v0x5749a32efa40_0, 0, 32;
T_11.132 ;
    %load/vec4 v0x5749a32efb00_0;
    %nor/r;
    %flag_set/vec4 9;
    %flag_get/vec4 9;
    %jmp/0 T_11.134, 9;
    %load/vec4 v0x5749a32efa40_0;
    %cmpi/s 5000, 0, 32;
    %flag_get/vec4 5;
    %and;
T_11.134;
    %flag_set/vec4 8;
    %jmp/0xz T_11.133, 8;
    %fork TD_tb.tick, S_0x5749a32ef690;
    %join;
    %jmp T_11.132;
T_11.133 ;
    %vpi_call/w 5 277 "$display", "BATCH_RESULT idx=26 prediction=%0d cycles=%0d halted=%0d", &A<v0x5749a32ecbb0, 31>, v0x5749a32efa40_0, v0x5749a32efb00_0 {0 0 0};
    %pushi/vec4 0, 0, 32;
    %store/vec4 v0x5749a32efda0_0, 0, 32;
T_11.135 ;
    %load/vec4 v0x5749a32efda0_0;
    %cmpi/s 32, 0, 32;
    %jmp/0xz T_11.136, 5;
    %pushi/vec4 0, 0, 32;
    %ix/getv/s 4, v0x5749a32efda0_0;
    %store/vec4a v0x5749a32ecbb0, 4, 0;
    %load/vec4 v0x5749a32efda0_0;
    %addi 1, 0, 32;
    %store/vec4 v0x5749a32efda0_0, 0, 32;
    %jmp T_11.135;
T_11.136 ;
    %pushi/vec4 4277141651, 0, 32;
    %ix/load 4, 0, 0;
    %flag_set/imm 4, 0;
    %store/vec4a v0x5749a32eb580, 4, 0;
    %pushi/vec4 15728915, 0, 32;
    %ix/load 4, 1, 0;
    %flag_set/imm 4, 0;
    %store/vec4a v0x5749a32eb580, 4, 0;
    %pushi/vec4 8389011, 0, 32;
    %ix/load 4, 2, 0;
    %flag_set/imm 4, 0;
    %store/vec4a v0x5749a32eb580, 4, 0;
    %pushi/vec4 4245684755, 0, 32;
    %ix/load 4, 3, 0;
    %flag_set/imm 4, 0;
    %store/vec4a v0x5749a32eb580, 4, 0;
    %pushi/vec4 1, 0, 1;
    %store/vec4 v0x5749a32efe80_0, 0, 1;
    %fork TD_tb.tick, S_0x5749a32ef690;
    %join;
    %pushi/vec4 0, 0, 1;
    %store/vec4 v0x5749a32efe80_0, 0, 1;
    %pushi/vec4 0, 0, 32;
    %store/vec4 v0x5749a32efa40_0, 0, 32;
T_11.137 ;
    %load/vec4 v0x5749a32efb00_0;
    %nor/r;
    %flag_set/vec4 9;
    %flag_get/vec4 9;
    %jmp/0 T_11.139, 9;
    %load/vec4 v0x5749a32efa40_0;
    %cmpi/s 5000, 0, 32;
    %flag_get/vec4 5;
    %and;
T_11.139;
    %flag_set/vec4 8;
    %jmp/0xz T_11.138, 8;
    %fork TD_tb.tick, S_0x5749a32ef690;
    %join;
    %jmp T_11.137;
T_11.138 ;
    %vpi_call/w 5 286 "$display", "BATCH_RESULT idx=27 prediction=%0d cycles=%0d halted=%0d", &A<v0x5749a32ecbb0, 31>, v0x5749a32efa40_0, v0x5749a32efb00_0 {0 0 0};
    %pushi/vec4 0, 0, 32;
    %store/vec4 v0x5749a32efda0_0, 0, 32;
T_11.140 ;
    %load/vec4 v0x5749a32efda0_0;
    %cmpi/s 32, 0, 32;
    %jmp/0xz T_11.141, 5;
    %pushi/vec4 0, 0, 32;
    %ix/getv/s 4, v0x5749a32efda0_0;
    %store/vec4a v0x5749a32ecbb0, 4, 0;
    %load/vec4 v0x5749a32efda0_0;
    %addi 1, 0, 32;
    %store/vec4 v0x5749a32efda0_0, 0, 32;
    %jmp T_11.140;
T_11.141 ;
    %pushi/vec4 4254072979, 0, 32;
    %ix/load 4, 0, 0;
    %flag_set/imm 4, 0;
    %store/vec4a v0x5749a32eb580, 4, 0;
    %pushi/vec4 4233101587, 0, 32;
    %ix/load 4, 1, 0;
    %flag_set/imm 4, 0;
    %store/vec4a v0x5749a32eb580, 4, 0;
    %pushi/vec4 4287627667, 0, 32;
    %ix/load 4, 2, 0;
    %flag_set/imm 4, 0;
    %store/vec4a v0x5749a32eb580, 4, 0;
    %pushi/vec4 26214931, 0, 32;
    %ix/load 4, 3, 0;
    %flag_set/imm 4, 0;
    %store/vec4a v0x5749a32eb580, 4, 0;
    %pushi/vec4 1, 0, 1;
    %store/vec4 v0x5749a32efe80_0, 0, 1;
    %fork TD_tb.tick, S_0x5749a32ef690;
    %join;
    %pushi/vec4 0, 0, 1;
    %store/vec4 v0x5749a32efe80_0, 0, 1;
    %pushi/vec4 0, 0, 32;
    %store/vec4 v0x5749a32efa40_0, 0, 32;
T_11.142 ;
    %load/vec4 v0x5749a32efb00_0;
    %nor/r;
    %flag_set/vec4 9;
    %flag_get/vec4 9;
    %jmp/0 T_11.144, 9;
    %load/vec4 v0x5749a32efa40_0;
    %cmpi/s 5000, 0, 32;
    %flag_get/vec4 5;
    %and;
T_11.144;
    %flag_set/vec4 8;
    %jmp/0xz T_11.143, 8;
    %fork TD_tb.tick, S_0x5749a32ef690;
    %join;
    %jmp T_11.142;
T_11.143 ;
    %vpi_call/w 5 295 "$display", "BATCH_RESULT idx=28 prediction=%0d cycles=%0d halted=%0d", &A<v0x5749a32ecbb0, 31>, v0x5749a32efa40_0, v0x5749a32efb00_0 {0 0 0};
    %pushi/vec4 0, 0, 32;
    %store/vec4 v0x5749a32efda0_0, 0, 32;
T_11.145 ;
    %load/vec4 v0x5749a32efda0_0;
    %cmpi/s 32, 0, 32;
    %jmp/0xz T_11.146, 5;
    %pushi/vec4 0, 0, 32;
    %ix/getv/s 4, v0x5749a32efda0_0;
    %store/vec4a v0x5749a32ecbb0, 4, 0;
    %load/vec4 v0x5749a32efda0_0;
    %addi 1, 0, 32;
    %store/vec4 v0x5749a32efda0_0, 0, 32;
    %jmp T_11.145;
T_11.146 ;
    %pushi/vec4 4275044499, 0, 32;
    %ix/load 4, 0, 0;
    %flag_set/imm 4, 0;
    %store/vec4a v0x5749a32eb580, 4, 0;
    %pushi/vec4 4266656019, 0, 32;
    %ix/load 4, 1, 0;
    %flag_set/imm 4, 0;
    %store/vec4a v0x5749a32eb580, 4, 0;
    %pushi/vec4 4276093331, 0, 32;
    %ix/load 4, 2, 0;
    %flag_set/imm 4, 0;
    %store/vec4a v0x5749a32eb580, 4, 0;
    %pushi/vec4 38797843, 0, 32;
    %ix/load 4, 3, 0;
    %flag_set/imm 4, 0;
    %store/vec4a v0x5749a32eb580, 4, 0;
    %pushi/vec4 1, 0, 1;
    %store/vec4 v0x5749a32efe80_0, 0, 1;
    %fork TD_tb.tick, S_0x5749a32ef690;
    %join;
    %pushi/vec4 0, 0, 1;
    %store/vec4 v0x5749a32efe80_0, 0, 1;
    %pushi/vec4 0, 0, 32;
    %store/vec4 v0x5749a32efa40_0, 0, 32;
T_11.147 ;
    %load/vec4 v0x5749a32efb00_0;
    %nor/r;
    %flag_set/vec4 9;
    %flag_get/vec4 9;
    %jmp/0 T_11.149, 9;
    %load/vec4 v0x5749a32efa40_0;
    %cmpi/s 5000, 0, 32;
    %flag_get/vec4 5;
    %and;
T_11.149;
    %flag_set/vec4 8;
    %jmp/0xz T_11.148, 8;
    %fork TD_tb.tick, S_0x5749a32ef690;
    %join;
    %jmp T_11.147;
T_11.148 ;
    %vpi_call/w 5 304 "$display", "BATCH_RESULT idx=29 prediction=%0d cycles=%0d halted=%0d", &A<v0x5749a32ecbb0, 31>, v0x5749a32efa40_0, v0x5749a32efb00_0 {0 0 0};
    %pushi/vec4 0, 0, 32;
    %store/vec4 v0x5749a32efda0_0, 0, 32;
T_11.150 ;
    %load/vec4 v0x5749a32efda0_0;
    %cmpi/s 32, 0, 32;
    %jmp/0xz T_11.151, 5;
    %pushi/vec4 0, 0, 32;
    %ix/getv/s 4, v0x5749a32efda0_0;
    %store/vec4a v0x5749a32ecbb0, 4, 0;
    %load/vec4 v0x5749a32efda0_0;
    %addi 1, 0, 32;
    %store/vec4 v0x5749a32efda0_0, 0, 32;
    %jmp T_11.150;
T_11.151 ;
    %pushi/vec4 4283433107, 0, 32;
    %ix/load 4, 0, 0;
    %flag_set/imm 4, 0;
    %store/vec4a v0x5749a32eb580, 4, 0;
    %pushi/vec4 16777491, 0, 32;
    %ix/load 4, 1, 0;
    %flag_set/imm 4, 0;
    %store/vec4a v0x5749a32eb580, 4, 0;
    %pushi/vec4 1048979, 0, 32;
    %ix/load 4, 2, 0;
    %flag_set/imm 4, 0;
    %store/vec4a v0x5749a32eb580, 4, 0;
    %pushi/vec4 4270850579, 0, 32;
    %ix/load 4, 3, 0;
    %flag_set/imm 4, 0;
    %store/vec4a v0x5749a32eb580, 4, 0;
    %pushi/vec4 1, 0, 1;
    %store/vec4 v0x5749a32efe80_0, 0, 1;
    %fork TD_tb.tick, S_0x5749a32ef690;
    %join;
    %pushi/vec4 0, 0, 1;
    %store/vec4 v0x5749a32efe80_0, 0, 1;
    %pushi/vec4 0, 0, 32;
    %store/vec4 v0x5749a32efa40_0, 0, 32;
T_11.152 ;
    %load/vec4 v0x5749a32efb00_0;
    %nor/r;
    %flag_set/vec4 9;
    %flag_get/vec4 9;
    %jmp/0 T_11.154, 9;
    %load/vec4 v0x5749a32efa40_0;
    %cmpi/s 5000, 0, 32;
    %flag_get/vec4 5;
    %and;
T_11.154;
    %flag_set/vec4 8;
    %jmp/0xz T_11.153, 8;
    %fork TD_tb.tick, S_0x5749a32ef690;
    %join;
    %jmp T_11.152;
T_11.153 ;
    %vpi_call/w 5 313 "$display", "BATCH_RESULT idx=30 prediction=%0d cycles=%0d halted=%0d", &A<v0x5749a32ecbb0, 31>, v0x5749a32efa40_0, v0x5749a32efb00_0 {0 0 0};
    %pushi/vec4 0, 0, 32;
    %store/vec4 v0x5749a32efda0_0, 0, 32;
T_11.155 ;
    %load/vec4 v0x5749a32efda0_0;
    %cmpi/s 32, 0, 32;
    %jmp/0xz T_11.156, 5;
    %pushi/vec4 0, 0, 32;
    %ix/getv/s 4, v0x5749a32efda0_0;
    %store/vec4a v0x5749a32ecbb0, 4, 0;
    %load/vec4 v0x5749a32efda0_0;
    %addi 1, 0, 32;
    %store/vec4 v0x5749a32efda0_0, 0, 32;
    %jmp T_11.155;
T_11.156 ;
    %pushi/vec4 4283433107, 0, 32;
    %ix/load 4, 0, 0;
    %flag_set/imm 4, 0;
    %store/vec4a v0x5749a32eb580, 4, 0;
    %pushi/vec4 31457555, 0, 32;
    %ix/load 4, 1, 0;
    %flag_set/imm 4, 0;
    %store/vec4a v0x5749a32eb580, 4, 0;
    %pushi/vec4 4259316115, 0, 32;
    %ix/load 4, 2, 0;
    %flag_set/imm 4, 0;
    %store/vec4a v0x5749a32eb580, 4, 0;
    %pushi/vec4 3146259, 0, 32;
    %ix/load 4, 3, 0;
    %flag_set/imm 4, 0;
    %store/vec4a v0x5749a32eb580, 4, 0;
    %pushi/vec4 1, 0, 1;
    %store/vec4 v0x5749a32efe80_0, 0, 1;
    %fork TD_tb.tick, S_0x5749a32ef690;
    %join;
    %pushi/vec4 0, 0, 1;
    %store/vec4 v0x5749a32efe80_0, 0, 1;
    %pushi/vec4 0, 0, 32;
    %store/vec4 v0x5749a32efa40_0, 0, 32;
T_11.157 ;
    %load/vec4 v0x5749a32efb00_0;
    %nor/r;
    %flag_set/vec4 9;
    %flag_get/vec4 9;
    %jmp/0 T_11.159, 9;
    %load/vec4 v0x5749a32efa40_0;
    %cmpi/s 5000, 0, 32;
    %flag_get/vec4 5;
    %and;
T_11.159;
    %flag_set/vec4 8;
    %jmp/0xz T_11.158, 8;
    %fork TD_tb.tick, S_0x5749a32ef690;
    %join;
    %jmp T_11.157;
T_11.158 ;
    %vpi_call/w 5 322 "$display", "BATCH_RESULT idx=31 prediction=%0d cycles=%0d halted=%0d", &A<v0x5749a32ecbb0, 31>, v0x5749a32efa40_0, v0x5749a32efb00_0 {0 0 0};
    %pushi/vec4 0, 0, 32;
    %store/vec4 v0x5749a32efda0_0, 0, 32;
T_11.160 ;
    %load/vec4 v0x5749a32efda0_0;
    %cmpi/s 32, 0, 32;
    %jmp/0xz T_11.161, 5;
    %pushi/vec4 0, 0, 32;
    %ix/getv/s 4, v0x5749a32efda0_0;
    %store/vec4a v0x5749a32ecbb0, 4, 0;
    %load/vec4 v0x5749a32efda0_0;
    %addi 1, 0, 32;
    %store/vec4 v0x5749a32efda0_0, 0, 32;
    %jmp T_11.160;
T_11.161 ;
    %pushi/vec4 4271898771, 0, 32;
    %ix/load 4, 0, 0;
    %flag_set/imm 4, 0;
    %store/vec4a v0x5749a32eb580, 4, 0;
    %pushi/vec4 23068947, 0, 32;
    %ix/load 4, 1, 0;
    %flag_set/imm 4, 0;
    %store/vec4a v0x5749a32eb580, 4, 0;
    %pushi/vec4 30409107, 0, 32;
    %ix/load 4, 2, 0;
    %flag_set/imm 4, 0;
    %store/vec4a v0x5749a32eb580, 4, 0;
    %pushi/vec4 4260364819, 0, 32;
    %ix/load 4, 3, 0;
    %flag_set/imm 4, 0;
    %store/vec4a v0x5749a32eb580, 4, 0;
    %pushi/vec4 1, 0, 1;
    %store/vec4 v0x5749a32efe80_0, 0, 1;
    %fork TD_tb.tick, S_0x5749a32ef690;
    %join;
    %pushi/vec4 0, 0, 1;
    %store/vec4 v0x5749a32efe80_0, 0, 1;
    %pushi/vec4 0, 0, 32;
    %store/vec4 v0x5749a32efa40_0, 0, 32;
T_11.162 ;
    %load/vec4 v0x5749a32efb00_0;
    %nor/r;
    %flag_set/vec4 9;
    %flag_get/vec4 9;
    %jmp/0 T_11.164, 9;
    %load/vec4 v0x5749a32efa40_0;
    %cmpi/s 5000, 0, 32;
    %flag_get/vec4 5;
    %and;
T_11.164;
    %flag_set/vec4 8;
    %jmp/0xz T_11.163, 8;
    %fork TD_tb.tick, S_0x5749a32ef690;
    %join;
    %jmp T_11.162;
T_11.163 ;
    %vpi_call/w 5 331 "$display", "BATCH_RESULT idx=32 prediction=%0d cycles=%0d halted=%0d", &A<v0x5749a32ecbb0, 31>, v0x5749a32efa40_0, v0x5749a32efb00_0 {0 0 0};
    %pushi/vec4 0, 0, 32;
    %store/vec4 v0x5749a32efda0_0, 0, 32;
T_11.165 ;
    %load/vec4 v0x5749a32efda0_0;
    %cmpi/s 32, 0, 32;
    %jmp/0xz T_11.166, 5;
    %pushi/vec4 0, 0, 32;
    %ix/getv/s 4, v0x5749a32efda0_0;
    %store/vec4a v0x5749a32ecbb0, 4, 0;
    %load/vec4 v0x5749a32efda0_0;
    %addi 1, 0, 32;
    %store/vec4 v0x5749a32efda0_0, 0, 32;
    %jmp T_11.165;
T_11.166 ;
    %pushi/vec4 4254072979, 0, 32;
    %ix/load 4, 0, 0;
    %flag_set/imm 4, 0;
    %store/vec4a v0x5749a32eb580, 4, 0;
    %pushi/vec4 4226810131, 0, 32;
    %ix/load 4, 1, 0;
    %flag_set/imm 4, 0;
    %store/vec4a v0x5749a32eb580, 4, 0;
    %pushi/vec4 4270850451, 0, 32;
    %ix/load 4, 2, 0;
    %flag_set/imm 4, 0;
    %store/vec4a v0x5749a32eb580, 4, 0;
    %pushi/vec4 46137875, 0, 32;
    %ix/load 4, 3, 0;
    %flag_set/imm 4, 0;
    %store/vec4a v0x5749a32eb580, 4, 0;
    %pushi/vec4 1, 0, 1;
    %store/vec4 v0x5749a32efe80_0, 0, 1;
    %fork TD_tb.tick, S_0x5749a32ef690;
    %join;
    %pushi/vec4 0, 0, 1;
    %store/vec4 v0x5749a32efe80_0, 0, 1;
    %pushi/vec4 0, 0, 32;
    %store/vec4 v0x5749a32efa40_0, 0, 32;
T_11.167 ;
    %load/vec4 v0x5749a32efb00_0;
    %nor/r;
    %flag_set/vec4 9;
    %flag_get/vec4 9;
    %jmp/0 T_11.169, 9;
    %load/vec4 v0x5749a32efa40_0;
    %cmpi/s 5000, 0, 32;
    %flag_get/vec4 5;
    %and;
T_11.169;
    %flag_set/vec4 8;
    %jmp/0xz T_11.168, 8;
    %fork TD_tb.tick, S_0x5749a32ef690;
    %join;
    %jmp T_11.167;
T_11.168 ;
    %vpi_call/w 5 340 "$display", "BATCH_RESULT idx=33 prediction=%0d cycles=%0d halted=%0d", &A<v0x5749a32ecbb0, 31>, v0x5749a32efa40_0, v0x5749a32efb00_0 {0 0 0};
    %pushi/vec4 0, 0, 32;
    %store/vec4 v0x5749a32efda0_0, 0, 32;
T_11.170 ;
    %load/vec4 v0x5749a32efda0_0;
    %cmpi/s 32, 0, 32;
    %jmp/0xz T_11.171, 5;
    %pushi/vec4 0, 0, 32;
    %ix/getv/s 4, v0x5749a32efda0_0;
    %store/vec4a v0x5749a32ecbb0, 4, 0;
    %load/vec4 v0x5749a32efda0_0;
    %addi 1, 0, 32;
    %store/vec4 v0x5749a32efda0_0, 0, 32;
    %jmp T_11.170;
T_11.171 ;
    %pushi/vec4 4263510163, 0, 32;
    %ix/load 4, 0, 0;
    %flag_set/imm 4, 0;
    %store/vec4a v0x5749a32eb580, 4, 0;
    %pushi/vec4 4242538771, 0, 32;
    %ix/load 4, 1, 0;
    %flag_set/imm 4, 0;
    %store/vec4a v0x5749a32eb580, 4, 0;
    %pushi/vec4 4259316115, 0, 32;
    %ix/load 4, 2, 0;
    %flag_set/imm 4, 0;
    %store/vec4a v0x5749a32eb580, 4, 0;
    %pushi/vec4 66060819, 0, 32;
    %ix/load 4, 3, 0;
    %flag_set/imm 4, 0;
    %store/vec4a v0x5749a32eb580, 4, 0;
    %pushi/vec4 1, 0, 1;
    %store/vec4 v0x5749a32efe80_0, 0, 1;
    %fork TD_tb.tick, S_0x5749a32ef690;
    %join;
    %pushi/vec4 0, 0, 1;
    %store/vec4 v0x5749a32efe80_0, 0, 1;
    %pushi/vec4 0, 0, 32;
    %store/vec4 v0x5749a32efa40_0, 0, 32;
T_11.172 ;
    %load/vec4 v0x5749a32efb00_0;
    %nor/r;
    %flag_set/vec4 9;
    %flag_get/vec4 9;
    %jmp/0 T_11.174, 9;
    %load/vec4 v0x5749a32efa40_0;
    %cmpi/s 5000, 0, 32;
    %flag_get/vec4 5;
    %and;
T_11.174;
    %flag_set/vec4 8;
    %jmp/0xz T_11.173, 8;
    %fork TD_tb.tick, S_0x5749a32ef690;
    %join;
    %jmp T_11.172;
T_11.173 ;
    %vpi_call/w 5 349 "$display", "BATCH_RESULT idx=34 prediction=%0d cycles=%0d halted=%0d", &A<v0x5749a32ecbb0, 31>, v0x5749a32efa40_0, v0x5749a32efb00_0 {0 0 0};
    %pushi/vec4 0, 0, 32;
    %store/vec4 v0x5749a32efda0_0, 0, 32;
T_11.175 ;
    %load/vec4 v0x5749a32efda0_0;
    %cmpi/s 32, 0, 32;
    %jmp/0xz T_11.176, 5;
    %pushi/vec4 0, 0, 32;
    %ix/getv/s 4, v0x5749a32efda0_0;
    %store/vec4a v0x5749a32ecbb0, 4, 0;
    %load/vec4 v0x5749a32efda0_0;
    %addi 1, 0, 32;
    %store/vec4 v0x5749a32efda0_0, 0, 32;
    %jmp T_11.175;
T_11.176 ;
    %pushi/vec4 4258267283, 0, 32;
    %ix/load 4, 0, 0;
    %flag_set/imm 4, 0;
    %store/vec4a v0x5749a32eb580, 4, 0;
    %pushi/vec4 8388883, 0, 32;
    %ix/load 4, 1, 0;
    %flag_set/imm 4, 0;
    %store/vec4a v0x5749a32eb580, 4, 0;
    %pushi/vec4 16777619, 0, 32;
    %ix/load 4, 2, 0;
    %flag_set/imm 4, 0;
    %store/vec4a v0x5749a32eb580, 4, 0;
    %pushi/vec4 4262461971, 0, 32;
    %ix/load 4, 3, 0;
    %flag_set/imm 4, 0;
    %store/vec4a v0x5749a32eb580, 4, 0;
    %pushi/vec4 1, 0, 1;
    %store/vec4 v0x5749a32efe80_0, 0, 1;
    %fork TD_tb.tick, S_0x5749a32ef690;
    %join;
    %pushi/vec4 0, 0, 1;
    %store/vec4 v0x5749a32efe80_0, 0, 1;
    %pushi/vec4 0, 0, 32;
    %store/vec4 v0x5749a32efa40_0, 0, 32;
T_11.177 ;
    %load/vec4 v0x5749a32efb00_0;
    %nor/r;
    %flag_set/vec4 9;
    %flag_get/vec4 9;
    %jmp/0 T_11.179, 9;
    %load/vec4 v0x5749a32efa40_0;
    %cmpi/s 5000, 0, 32;
    %flag_get/vec4 5;
    %and;
T_11.179;
    %flag_set/vec4 8;
    %jmp/0xz T_11.178, 8;
    %fork TD_tb.tick, S_0x5749a32ef690;
    %join;
    %jmp T_11.177;
T_11.178 ;
    %vpi_call/w 5 358 "$display", "BATCH_RESULT idx=35 prediction=%0d cycles=%0d halted=%0d", &A<v0x5749a32ecbb0, 31>, v0x5749a32efa40_0, v0x5749a32efb00_0 {0 0 0};
    %pushi/vec4 0, 0, 32;
    %store/vec4 v0x5749a32efda0_0, 0, 32;
T_11.180 ;
    %load/vec4 v0x5749a32efda0_0;
    %cmpi/s 32, 0, 32;
    %jmp/0xz T_11.181, 5;
    %pushi/vec4 0, 0, 32;
    %ix/getv/s 4, v0x5749a32efda0_0;
    %store/vec4a v0x5749a32ecbb0, 4, 0;
    %load/vec4 v0x5749a32efda0_0;
    %addi 1, 0, 32;
    %store/vec4 v0x5749a32efda0_0, 0, 32;
    %jmp T_11.180;
T_11.181 ;
    %pushi/vec4 4276093075, 0, 32;
    %ix/load 4, 0, 0;
    %flag_set/imm 4, 0;
    %store/vec4a v0x5749a32eb580, 4, 0;
    %pushi/vec4 14680339, 0, 32;
    %ix/load 4, 1, 0;
    %flag_set/imm 4, 0;
    %store/vec4a v0x5749a32eb580, 4, 0;
    %pushi/vec4 4259316115, 0, 32;
    %ix/load 4, 2, 0;
    %flag_set/imm 4, 0;
    %store/vec4a v0x5749a32eb580, 4, 0;
    %pushi/vec4 2097683, 0, 32;
    %ix/load 4, 3, 0;
    %flag_set/imm 4, 0;
    %store/vec4a v0x5749a32eb580, 4, 0;
    %pushi/vec4 1, 0, 1;
    %store/vec4 v0x5749a32efe80_0, 0, 1;
    %fork TD_tb.tick, S_0x5749a32ef690;
    %join;
    %pushi/vec4 0, 0, 1;
    %store/vec4 v0x5749a32efe80_0, 0, 1;
    %pushi/vec4 0, 0, 32;
    %store/vec4 v0x5749a32efa40_0, 0, 32;
T_11.182 ;
    %load/vec4 v0x5749a32efb00_0;
    %nor/r;
    %flag_set/vec4 9;
    %flag_get/vec4 9;
    %jmp/0 T_11.184, 9;
    %load/vec4 v0x5749a32efa40_0;
    %cmpi/s 5000, 0, 32;
    %flag_get/vec4 5;
    %and;
T_11.184;
    %flag_set/vec4 8;
    %jmp/0xz T_11.183, 8;
    %fork TD_tb.tick, S_0x5749a32ef690;
    %join;
    %jmp T_11.182;
T_11.183 ;
    %vpi_call/w 5 367 "$display", "BATCH_RESULT idx=36 prediction=%0d cycles=%0d halted=%0d", &A<v0x5749a32ecbb0, 31>, v0x5749a32efa40_0, v0x5749a32efb00_0 {0 0 0};
    %pushi/vec4 0, 0, 32;
    %store/vec4 v0x5749a32efda0_0, 0, 32;
T_11.185 ;
    %load/vec4 v0x5749a32efda0_0;
    %cmpi/s 32, 0, 32;
    %jmp/0xz T_11.186, 5;
    %pushi/vec4 0, 0, 32;
    %ix/getv/s 4, v0x5749a32efda0_0;
    %store/vec4a v0x5749a32ecbb0, 4, 0;
    %load/vec4 v0x5749a32efda0_0;
    %addi 1, 0, 32;
    %store/vec4 v0x5749a32efda0_0, 0, 32;
    %jmp T_11.185;
T_11.186 ;
    %pushi/vec4 4257218707, 0, 32;
    %ix/load 4, 0, 0;
    %flag_set/imm 4, 0;
    %store/vec4a v0x5749a32eb580, 4, 0;
    %pushi/vec4 4249878803, 0, 32;
    %ix/load 4, 1, 0;
    %flag_set/imm 4, 0;
    %store/vec4a v0x5749a32eb580, 4, 0;
    %pushi/vec4 4268753299, 0, 32;
    %ix/load 4, 2, 0;
    %flag_set/imm 4, 0;
    %store/vec4a v0x5749a32eb580, 4, 0;
    %pushi/vec4 31457811, 0, 32;
    %ix/load 4, 3, 0;
    %flag_set/imm 4, 0;
    %store/vec4a v0x5749a32eb580, 4, 0;
    %pushi/vec4 1, 0, 1;
    %store/vec4 v0x5749a32efe80_0, 0, 1;
    %fork TD_tb.tick, S_0x5749a32ef690;
    %join;
    %pushi/vec4 0, 0, 1;
    %store/vec4 v0x5749a32efe80_0, 0, 1;
    %pushi/vec4 0, 0, 32;
    %store/vec4 v0x5749a32efa40_0, 0, 32;
T_11.187 ;
    %load/vec4 v0x5749a32efb00_0;
    %nor/r;
    %flag_set/vec4 9;
    %flag_get/vec4 9;
    %jmp/0 T_11.189, 9;
    %load/vec4 v0x5749a32efa40_0;
    %cmpi/s 5000, 0, 32;
    %flag_get/vec4 5;
    %and;
T_11.189;
    %flag_set/vec4 8;
    %jmp/0xz T_11.188, 8;
    %fork TD_tb.tick, S_0x5749a32ef690;
    %join;
    %jmp T_11.187;
T_11.188 ;
    %vpi_call/w 5 376 "$display", "BATCH_RESULT idx=37 prediction=%0d cycles=%0d halted=%0d", &A<v0x5749a32ecbb0, 31>, v0x5749a32efa40_0, v0x5749a32efb00_0 {0 0 0};
    %pushi/vec4 0, 0, 32;
    %store/vec4 v0x5749a32efda0_0, 0, 32;
T_11.190 ;
    %load/vec4 v0x5749a32efda0_0;
    %cmpi/s 32, 0, 32;
    %jmp/0xz T_11.191, 5;
    %pushi/vec4 0, 0, 32;
    %ix/getv/s 4, v0x5749a32efda0_0;
    %store/vec4a v0x5749a32ecbb0, 4, 0;
    %load/vec4 v0x5749a32efda0_0;
    %addi 1, 0, 32;
    %store/vec4 v0x5749a32efda0_0, 0, 32;
    %jmp T_11.190;
T_11.191 ;
    %pushi/vec4 4272947347, 0, 32;
    %ix/load 4, 0, 0;
    %flag_set/imm 4, 0;
    %store/vec4a v0x5749a32eb580, 4, 0;
    %pushi/vec4 4275044627, 0, 32;
    %ix/load 4, 1, 0;
    %flag_set/imm 4, 0;
    %store/vec4a v0x5749a32eb580, 4, 0;
    %pushi/vec4 4278190483, 0, 32;
    %ix/load 4, 2, 0;
    %flag_set/imm 4, 0;
    %store/vec4a v0x5749a32eb580, 4, 0;
    %pushi/vec4 15729171, 0, 32;
    %ix/load 4, 3, 0;
    %flag_set/imm 4, 0;
    %store/vec4a v0x5749a32eb580, 4, 0;
    %pushi/vec4 1, 0, 1;
    %store/vec4 v0x5749a32efe80_0, 0, 1;
    %fork TD_tb.tick, S_0x5749a32ef690;
    %join;
    %pushi/vec4 0, 0, 1;
    %store/vec4 v0x5749a32efe80_0, 0, 1;
    %pushi/vec4 0, 0, 32;
    %store/vec4 v0x5749a32efa40_0, 0, 32;
T_11.192 ;
    %load/vec4 v0x5749a32efb00_0;
    %nor/r;
    %flag_set/vec4 9;
    %flag_get/vec4 9;
    %jmp/0 T_11.194, 9;
    %load/vec4 v0x5749a32efa40_0;
    %cmpi/s 5000, 0, 32;
    %flag_get/vec4 5;
    %and;
T_11.194;
    %flag_set/vec4 8;
    %jmp/0xz T_11.193, 8;
    %fork TD_tb.tick, S_0x5749a32ef690;
    %join;
    %jmp T_11.192;
T_11.193 ;
    %vpi_call/w 5 385 "$display", "BATCH_RESULT idx=38 prediction=%0d cycles=%0d halted=%0d", &A<v0x5749a32ecbb0, 31>, v0x5749a32efa40_0, v0x5749a32efb00_0 {0 0 0};
    %pushi/vec4 0, 0, 32;
    %store/vec4 v0x5749a32efda0_0, 0, 32;
T_11.195 ;
    %load/vec4 v0x5749a32efda0_0;
    %cmpi/s 32, 0, 32;
    %jmp/0xz T_11.196, 5;
    %pushi/vec4 0, 0, 32;
    %ix/getv/s 4, v0x5749a32efda0_0;
    %store/vec4a v0x5749a32ecbb0, 4, 0;
    %load/vec4 v0x5749a32efda0_0;
    %addi 1, 0, 32;
    %store/vec4 v0x5749a32efda0_0, 0, 32;
    %jmp T_11.195;
T_11.196 ;
    %pushi/vec4 4273995923, 0, 32;
    %ix/load 4, 0, 0;
    %flag_set/imm 4, 0;
    %store/vec4a v0x5749a32eb580, 4, 0;
    %pushi/vec4 4248830227, 0, 32;
    %ix/load 4, 1, 0;
    %flag_set/imm 4, 0;
    %store/vec4a v0x5749a32eb580, 4, 0;
    %pushi/vec4 4260364691, 0, 32;
    %ix/load 4, 2, 0;
    %flag_set/imm 4, 0;
    %store/vec4a v0x5749a32eb580, 4, 0;
    %pushi/vec4 66060819, 0, 32;
    %ix/load 4, 3, 0;
    %flag_set/imm 4, 0;
    %store/vec4a v0x5749a32eb580, 4, 0;
    %pushi/vec4 1, 0, 1;
    %store/vec4 v0x5749a32efe80_0, 0, 1;
    %fork TD_tb.tick, S_0x5749a32ef690;
    %join;
    %pushi/vec4 0, 0, 1;
    %store/vec4 v0x5749a32efe80_0, 0, 1;
    %pushi/vec4 0, 0, 32;
    %store/vec4 v0x5749a32efa40_0, 0, 32;
T_11.197 ;
    %load/vec4 v0x5749a32efb00_0;
    %nor/r;
    %flag_set/vec4 9;
    %flag_get/vec4 9;
    %jmp/0 T_11.199, 9;
    %load/vec4 v0x5749a32efa40_0;
    %cmpi/s 5000, 0, 32;
    %flag_get/vec4 5;
    %and;
T_11.199;
    %flag_set/vec4 8;
    %jmp/0xz T_11.198, 8;
    %fork TD_tb.tick, S_0x5749a32ef690;
    %join;
    %jmp T_11.197;
T_11.198 ;
    %vpi_call/w 5 394 "$display", "BATCH_RESULT idx=39 prediction=%0d cycles=%0d halted=%0d", &A<v0x5749a32ecbb0, 31>, v0x5749a32efa40_0, v0x5749a32efb00_0 {0 0 0};
    %pushi/vec4 0, 0, 32;
    %store/vec4 v0x5749a32efda0_0, 0, 32;
T_11.200 ;
    %load/vec4 v0x5749a32efda0_0;
    %cmpi/s 32, 0, 32;
    %jmp/0xz T_11.201, 5;
    %pushi/vec4 0, 0, 32;
    %ix/getv/s 4, v0x5749a32efda0_0;
    %store/vec4a v0x5749a32ecbb0, 4, 0;
    %load/vec4 v0x5749a32efda0_0;
    %addi 1, 0, 32;
    %store/vec4 v0x5749a32efda0_0, 0, 32;
    %jmp T_11.200;
T_11.201 ;
    %pushi/vec4 4276093075, 0, 32;
    %ix/load 4, 0, 0;
    %flag_set/imm 4, 0;
    %store/vec4a v0x5749a32eb580, 4, 0;
    %pushi/vec4 28311827, 0, 32;
    %ix/load 4, 1, 0;
    %flag_set/imm 4, 0;
    %store/vec4a v0x5749a32eb580, 4, 0;
    %pushi/vec4 25166227, 0, 32;
    %ix/load 4, 2, 0;
    %flag_set/imm 4, 0;
    %store/vec4a v0x5749a32eb580, 4, 0;
    %pushi/vec4 4260364819, 0, 32;
    %ix/load 4, 3, 0;
    %flag_set/imm 4, 0;
    %store/vec4a v0x5749a32eb580, 4, 0;
    %pushi/vec4 1, 0, 1;
    %store/vec4 v0x5749a32efe80_0, 0, 1;
    %fork TD_tb.tick, S_0x5749a32ef690;
    %join;
    %pushi/vec4 0, 0, 1;
    %store/vec4 v0x5749a32efe80_0, 0, 1;
    %pushi/vec4 0, 0, 32;
    %store/vec4 v0x5749a32efa40_0, 0, 32;
T_11.202 ;
    %load/vec4 v0x5749a32efb00_0;
    %nor/r;
    %flag_set/vec4 9;
    %flag_get/vec4 9;
    %jmp/0 T_11.204, 9;
    %load/vec4 v0x5749a32efa40_0;
    %cmpi/s 5000, 0, 32;
    %flag_get/vec4 5;
    %and;
T_11.204;
    %flag_set/vec4 8;
    %jmp/0xz T_11.203, 8;
    %fork TD_tb.tick, S_0x5749a32ef690;
    %join;
    %jmp T_11.202;
T_11.203 ;
    %vpi_call/w 5 403 "$display", "BATCH_RESULT idx=40 prediction=%0d cycles=%0d halted=%0d", &A<v0x5749a32ecbb0, 31>, v0x5749a32efa40_0, v0x5749a32efb00_0 {0 0 0};
    %pushi/vec4 0, 0, 32;
    %store/vec4 v0x5749a32efda0_0, 0, 32;
T_11.205 ;
    %load/vec4 v0x5749a32efda0_0;
    %cmpi/s 32, 0, 32;
    %jmp/0xz T_11.206, 5;
    %pushi/vec4 0, 0, 32;
    %ix/getv/s 4, v0x5749a32efda0_0;
    %store/vec4a v0x5749a32ecbb0, 4, 0;
    %load/vec4 v0x5749a32efda0_0;
    %addi 1, 0, 32;
    %store/vec4 v0x5749a32efda0_0, 0, 32;
    %jmp T_11.205;
T_11.206 ;
    %pushi/vec4 4260364435, 0, 32;
    %ix/load 4, 0, 0;
    %flag_set/imm 4, 0;
    %store/vec4a v0x5749a32eb580, 4, 0;
    %pushi/vec4 4247781651, 0, 32;
    %ix/load 4, 1, 0;
    %flag_set/imm 4, 0;
    %store/vec4a v0x5749a32eb580, 4, 0;
    %pushi/vec4 4282384787, 0, 32;
    %ix/load 4, 2, 0;
    %flag_set/imm 4, 0;
    %store/vec4a v0x5749a32eb580, 4, 0;
    %pushi/vec4 12583443, 0, 32;
    %ix/load 4, 3, 0;
    %flag_set/imm 4, 0;
    %store/vec4a v0x5749a32eb580, 4, 0;
    %pushi/vec4 1, 0, 1;
    %store/vec4 v0x5749a32efe80_0, 0, 1;
    %fork TD_tb.tick, S_0x5749a32ef690;
    %join;
    %pushi/vec4 0, 0, 1;
    %store/vec4 v0x5749a32efe80_0, 0, 1;
    %pushi/vec4 0, 0, 32;
    %store/vec4 v0x5749a32efa40_0, 0, 32;
T_11.207 ;
    %load/vec4 v0x5749a32efb00_0;
    %nor/r;
    %flag_set/vec4 9;
    %flag_get/vec4 9;
    %jmp/0 T_11.209, 9;
    %load/vec4 v0x5749a32efa40_0;
    %cmpi/s 5000, 0, 32;
    %flag_get/vec4 5;
    %and;
T_11.209;
    %flag_set/vec4 8;
    %jmp/0xz T_11.208, 8;
    %fork TD_tb.tick, S_0x5749a32ef690;
    %join;
    %jmp T_11.207;
T_11.208 ;
    %vpi_call/w 5 412 "$display", "BATCH_RESULT idx=41 prediction=%0d cycles=%0d halted=%0d", &A<v0x5749a32ecbb0, 31>, v0x5749a32efa40_0, v0x5749a32efb00_0 {0 0 0};
    %pushi/vec4 0, 0, 32;
    %store/vec4 v0x5749a32efda0_0, 0, 32;
T_11.210 ;
    %load/vec4 v0x5749a32efda0_0;
    %cmpi/s 32, 0, 32;
    %jmp/0xz T_11.211, 5;
    %pushi/vec4 0, 0, 32;
    %ix/getv/s 4, v0x5749a32efda0_0;
    %store/vec4a v0x5749a32ecbb0, 4, 0;
    %load/vec4 v0x5749a32efda0_0;
    %addi 1, 0, 32;
    %store/vec4 v0x5749a32efda0_0, 0, 32;
    %jmp T_11.210;
T_11.211 ;
    %pushi/vec4 4265607315, 0, 32;
    %ix/load 4, 0, 0;
    %flag_set/imm 4, 0;
    %store/vec4a v0x5749a32eb580, 4, 0;
    %pushi/vec4 3146003, 0, 32;
    %ix/load 4, 1, 0;
    %flag_set/imm 4, 0;
    %store/vec4a v0x5749a32eb580, 4, 0;
    %pushi/vec4 4287627667, 0, 32;
    %ix/load 4, 2, 0;
    %flag_set/imm 4, 0;
    %store/vec4a v0x5749a32eb580, 4, 0;
    %pushi/vec4 4255121939, 0, 32;
    %ix/load 4, 3, 0;
    %flag_set/imm 4, 0;
    %store/vec4a v0x5749a32eb580, 4, 0;
    %pushi/vec4 1, 0, 1;
    %store/vec4 v0x5749a32efe80_0, 0, 1;
    %fork TD_tb.tick, S_0x5749a32ef690;
    %join;
    %pushi/vec4 0, 0, 1;
    %store/vec4 v0x5749a32efe80_0, 0, 1;
    %pushi/vec4 0, 0, 32;
    %store/vec4 v0x5749a32efa40_0, 0, 32;
T_11.212 ;
    %load/vec4 v0x5749a32efb00_0;
    %nor/r;
    %flag_set/vec4 9;
    %flag_get/vec4 9;
    %jmp/0 T_11.214, 9;
    %load/vec4 v0x5749a32efa40_0;
    %cmpi/s 5000, 0, 32;
    %flag_get/vec4 5;
    %and;
T_11.214;
    %flag_set/vec4 8;
    %jmp/0xz T_11.213, 8;
    %fork TD_tb.tick, S_0x5749a32ef690;
    %join;
    %jmp T_11.212;
T_11.213 ;
    %vpi_call/w 5 421 "$display", "BATCH_RESULT idx=42 prediction=%0d cycles=%0d halted=%0d", &A<v0x5749a32ecbb0, 31>, v0x5749a32efa40_0, v0x5749a32efb00_0 {0 0 0};
    %pushi/vec4 0, 0, 32;
    %store/vec4 v0x5749a32efda0_0, 0, 32;
T_11.215 ;
    %load/vec4 v0x5749a32efda0_0;
    %cmpi/s 32, 0, 32;
    %jmp/0xz T_11.216, 5;
    %pushi/vec4 0, 0, 32;
    %ix/getv/s 4, v0x5749a32efda0_0;
    %store/vec4a v0x5749a32ecbb0, 4, 0;
    %load/vec4 v0x5749a32efda0_0;
    %addi 1, 0, 32;
    %store/vec4 v0x5749a32efda0_0, 0, 32;
    %jmp T_11.215;
T_11.216 ;
    %pushi/vec4 4280287379, 0, 32;
    %ix/load 4, 0, 0;
    %flag_set/imm 4, 0;
    %store/vec4a v0x5749a32eb580, 4, 0;
    %pushi/vec4 4285530387, 0, 32;
    %ix/load 4, 1, 0;
    %flag_set/imm 4, 0;
    %store/vec4a v0x5749a32eb580, 4, 0;
    %pushi/vec4 4265607571, 0, 32;
    %ix/load 4, 2, 0;
    %flag_set/imm 4, 0;
    %store/vec4a v0x5749a32eb580, 4, 0;
    %pushi/vec4 32506387, 0, 32;
    %ix/load 4, 3, 0;
    %flag_set/imm 4, 0;
    %store/vec4a v0x5749a32eb580, 4, 0;
    %pushi/vec4 1, 0, 1;
    %store/vec4 v0x5749a32efe80_0, 0, 1;
    %fork TD_tb.tick, S_0x5749a32ef690;
    %join;
    %pushi/vec4 0, 0, 1;
    %store/vec4 v0x5749a32efe80_0, 0, 1;
    %pushi/vec4 0, 0, 32;
    %store/vec4 v0x5749a32efa40_0, 0, 32;
T_11.217 ;
    %load/vec4 v0x5749a32efb00_0;
    %nor/r;
    %flag_set/vec4 9;
    %flag_get/vec4 9;
    %jmp/0 T_11.219, 9;
    %load/vec4 v0x5749a32efa40_0;
    %cmpi/s 5000, 0, 32;
    %flag_get/vec4 5;
    %and;
T_11.219;
    %flag_set/vec4 8;
    %jmp/0xz T_11.218, 8;
    %fork TD_tb.tick, S_0x5749a32ef690;
    %join;
    %jmp T_11.217;
T_11.218 ;
    %vpi_call/w 5 430 "$display", "BATCH_RESULT idx=43 prediction=%0d cycles=%0d halted=%0d", &A<v0x5749a32ecbb0, 31>, v0x5749a32efa40_0, v0x5749a32efb00_0 {0 0 0};
    %pushi/vec4 0, 0, 32;
    %store/vec4 v0x5749a32efda0_0, 0, 32;
T_11.220 ;
    %load/vec4 v0x5749a32efda0_0;
    %cmpi/s 32, 0, 32;
    %jmp/0xz T_11.221, 5;
    %pushi/vec4 0, 0, 32;
    %ix/getv/s 4, v0x5749a32efda0_0;
    %store/vec4a v0x5749a32ecbb0, 4, 0;
    %load/vec4 v0x5749a32efda0_0;
    %addi 1, 0, 32;
    %store/vec4 v0x5749a32efda0_0, 0, 32;
    %jmp T_11.220;
T_11.221 ;
    %pushi/vec4 3145875, 0, 32;
    %ix/load 4, 0, 0;
    %flag_set/imm 4, 0;
    %store/vec4a v0x5749a32eb580, 4, 0;
    %pushi/vec4 69206291, 0, 32;
    %ix/load 4, 1, 0;
    %flag_set/imm 4, 0;
    %store/vec4a v0x5749a32eb580, 4, 0;
    %pushi/vec4 45089171, 0, 32;
    %ix/load 4, 2, 0;
    %flag_set/imm 4, 0;
    %store/vec4a v0x5749a32eb580, 4, 0;
    %pushi/vec4 4266656275, 0, 32;
    %ix/load 4, 3, 0;
    %flag_set/imm 4, 0;
    %store/vec4a v0x5749a32eb580, 4, 0;
    %pushi/vec4 1, 0, 1;
    %store/vec4 v0x5749a32efe80_0, 0, 1;
    %fork TD_tb.tick, S_0x5749a32ef690;
    %join;
    %pushi/vec4 0, 0, 1;
    %store/vec4 v0x5749a32efe80_0, 0, 1;
    %pushi/vec4 0, 0, 32;
    %store/vec4 v0x5749a32efa40_0, 0, 32;
T_11.222 ;
    %load/vec4 v0x5749a32efb00_0;
    %nor/r;
    %flag_set/vec4 9;
    %flag_get/vec4 9;
    %jmp/0 T_11.224, 9;
    %load/vec4 v0x5749a32efa40_0;
    %cmpi/s 5000, 0, 32;
    %flag_get/vec4 5;
    %and;
T_11.224;
    %flag_set/vec4 8;
    %jmp/0xz T_11.223, 8;
    %fork TD_tb.tick, S_0x5749a32ef690;
    %join;
    %jmp T_11.222;
T_11.223 ;
    %vpi_call/w 5 439 "$display", "BATCH_RESULT idx=44 prediction=%0d cycles=%0d halted=%0d", &A<v0x5749a32ecbb0, 31>, v0x5749a32efa40_0, v0x5749a32efb00_0 {0 0 0};
    %pushi/vec4 0, 0, 32;
    %store/vec4 v0x5749a32efda0_0, 0, 32;
T_11.225 ;
    %load/vec4 v0x5749a32efda0_0;
    %cmpi/s 32, 0, 32;
    %jmp/0xz T_11.226, 5;
    %pushi/vec4 0, 0, 32;
    %ix/getv/s 4, v0x5749a32efda0_0;
    %store/vec4a v0x5749a32ecbb0, 4, 0;
    %load/vec4 v0x5749a32efda0_0;
    %addi 1, 0, 32;
    %store/vec4 v0x5749a32efda0_0, 0, 32;
    %jmp T_11.225;
T_11.226 ;
    %pushi/vec4 4286578835, 0, 32;
    %ix/load 4, 0, 0;
    %flag_set/imm 4, 0;
    %store/vec4a v0x5749a32eb580, 4, 0;
    %pushi/vec4 65011987, 0, 32;
    %ix/load 4, 1, 0;
    %flag_set/imm 4, 0;
    %store/vec4a v0x5749a32eb580, 4, 0;
    %pushi/vec4 51380627, 0, 32;
    %ix/load 4, 2, 0;
    %flag_set/imm 4, 0;
    %store/vec4a v0x5749a32eb580, 4, 0;
    %pushi/vec4 4278190611, 0, 32;
    %ix/load 4, 3, 0;
    %flag_set/imm 4, 0;
    %store/vec4a v0x5749a32eb580, 4, 0;
    %pushi/vec4 1, 0, 1;
    %store/vec4 v0x5749a32efe80_0, 0, 1;
    %fork TD_tb.tick, S_0x5749a32ef690;
    %join;
    %pushi/vec4 0, 0, 1;
    %store/vec4 v0x5749a32efe80_0, 0, 1;
    %pushi/vec4 0, 0, 32;
    %store/vec4 v0x5749a32efa40_0, 0, 32;
T_11.227 ;
    %load/vec4 v0x5749a32efb00_0;
    %nor/r;
    %flag_set/vec4 9;
    %flag_get/vec4 9;
    %jmp/0 T_11.229, 9;
    %load/vec4 v0x5749a32efa40_0;
    %cmpi/s 5000, 0, 32;
    %flag_get/vec4 5;
    %and;
T_11.229;
    %flag_set/vec4 8;
    %jmp/0xz T_11.228, 8;
    %fork TD_tb.tick, S_0x5749a32ef690;
    %join;
    %jmp T_11.227;
T_11.228 ;
    %vpi_call/w 5 448 "$display", "BATCH_RESULT idx=45 prediction=%0d cycles=%0d halted=%0d", &A<v0x5749a32ecbb0, 31>, v0x5749a32efa40_0, v0x5749a32efb00_0 {0 0 0};
    %pushi/vec4 0, 0, 32;
    %store/vec4 v0x5749a32efda0_0, 0, 32;
T_11.230 ;
    %load/vec4 v0x5749a32efda0_0;
    %cmpi/s 32, 0, 32;
    %jmp/0xz T_11.231, 5;
    %pushi/vec4 0, 0, 32;
    %ix/getv/s 4, v0x5749a32efda0_0;
    %store/vec4a v0x5749a32ecbb0, 4, 0;
    %load/vec4 v0x5749a32efda0_0;
    %addi 1, 0, 32;
    %store/vec4 v0x5749a32efda0_0, 0, 32;
    %jmp T_11.230;
T_11.231 ;
    %pushi/vec4 5243027, 0, 32;
    %ix/load 4, 0, 0;
    %flag_set/imm 4, 0;
    %store/vec4a v0x5749a32eb580, 4, 0;
    %pushi/vec4 65011987, 0, 32;
    %ix/load 4, 1, 0;
    %flag_set/imm 4, 0;
    %store/vec4a v0x5749a32eb580, 4, 0;
    %pushi/vec4 63963539, 0, 32;
    %ix/load 4, 2, 0;
    %flag_set/imm 4, 0;
    %store/vec4a v0x5749a32eb580, 4, 0;
    %pushi/vec4 4276093459, 0, 32;
    %ix/load 4, 3, 0;
    %flag_set/imm 4, 0;
    %store/vec4a v0x5749a32eb580, 4, 0;
    %pushi/vec4 1, 0, 1;
    %store/vec4 v0x5749a32efe80_0, 0, 1;
    %fork TD_tb.tick, S_0x5749a32ef690;
    %join;
    %pushi/vec4 0, 0, 1;
    %store/vec4 v0x5749a32efe80_0, 0, 1;
    %pushi/vec4 0, 0, 32;
    %store/vec4 v0x5749a32efa40_0, 0, 32;
T_11.232 ;
    %load/vec4 v0x5749a32efb00_0;
    %nor/r;
    %flag_set/vec4 9;
    %flag_get/vec4 9;
    %jmp/0 T_11.234, 9;
    %load/vec4 v0x5749a32efa40_0;
    %cmpi/s 5000, 0, 32;
    %flag_get/vec4 5;
    %and;
T_11.234;
    %flag_set/vec4 8;
    %jmp/0xz T_11.233, 8;
    %fork TD_tb.tick, S_0x5749a32ef690;
    %join;
    %jmp T_11.232;
T_11.233 ;
    %vpi_call/w 5 457 "$display", "BATCH_RESULT idx=46 prediction=%0d cycles=%0d halted=%0d", &A<v0x5749a32ecbb0, 31>, v0x5749a32efa40_0, v0x5749a32efb00_0 {0 0 0};
    %pushi/vec4 0, 0, 32;
    %store/vec4 v0x5749a32efda0_0, 0, 32;
T_11.235 ;
    %load/vec4 v0x5749a32efda0_0;
    %cmpi/s 32, 0, 32;
    %jmp/0xz T_11.236, 5;
    %pushi/vec4 0, 0, 32;
    %ix/getv/s 4, v0x5749a32efda0_0;
    %store/vec4a v0x5749a32ecbb0, 4, 0;
    %load/vec4 v0x5749a32efda0_0;
    %addi 1, 0, 32;
    %store/vec4 v0x5749a32efda0_0, 0, 32;
    %jmp T_11.235;
T_11.236 ;
    %pushi/vec4 4269801619, 0, 32;
    %ix/load 4, 0, 0;
    %flag_set/imm 4, 0;
    %store/vec4a v0x5749a32eb580, 4, 0;
    %pushi/vec4 29360403, 0, 32;
    %ix/load 4, 1, 0;
    %flag_set/imm 4, 0;
    %store/vec4a v0x5749a32eb580, 4, 0;
    %pushi/vec4 28311955, 0, 32;
    %ix/load 4, 2, 0;
    %flag_set/imm 4, 0;
    %store/vec4a v0x5749a32eb580, 4, 0;
    %pushi/vec4 4260364819, 0, 32;
    %ix/load 4, 3, 0;
    %flag_set/imm 4, 0;
    %store/vec4a v0x5749a32eb580, 4, 0;
    %pushi/vec4 1, 0, 1;
    %store/vec4 v0x5749a32efe80_0, 0, 1;
    %fork TD_tb.tick, S_0x5749a32ef690;
    %join;
    %pushi/vec4 0, 0, 1;
    %store/vec4 v0x5749a32efe80_0, 0, 1;
    %pushi/vec4 0, 0, 32;
    %store/vec4 v0x5749a32efa40_0, 0, 32;
T_11.237 ;
    %load/vec4 v0x5749a32efb00_0;
    %nor/r;
    %flag_set/vec4 9;
    %flag_get/vec4 9;
    %jmp/0 T_11.239, 9;
    %load/vec4 v0x5749a32efa40_0;
    %cmpi/s 5000, 0, 32;
    %flag_get/vec4 5;
    %and;
T_11.239;
    %flag_set/vec4 8;
    %jmp/0xz T_11.238, 8;
    %fork TD_tb.tick, S_0x5749a32ef690;
    %join;
    %jmp T_11.237;
T_11.238 ;
    %vpi_call/w 5 466 "$display", "BATCH_RESULT idx=47 prediction=%0d cycles=%0d halted=%0d", &A<v0x5749a32ecbb0, 31>, v0x5749a32efa40_0, v0x5749a32efb00_0 {0 0 0};
    %pushi/vec4 0, 0, 32;
    %store/vec4 v0x5749a32efda0_0, 0, 32;
T_11.240 ;
    %load/vec4 v0x5749a32efda0_0;
    %cmpi/s 32, 0, 32;
    %jmp/0xz T_11.241, 5;
    %pushi/vec4 0, 0, 32;
    %ix/getv/s 4, v0x5749a32efda0_0;
    %store/vec4a v0x5749a32ecbb0, 4, 0;
    %load/vec4 v0x5749a32efda0_0;
    %addi 1, 0, 32;
    %store/vec4 v0x5749a32efda0_0, 0, 32;
    %jmp T_11.240;
T_11.241 ;
    %pushi/vec4 4266655891, 0, 32;
    %ix/load 4, 0, 0;
    %flag_set/imm 4, 0;
    %store/vec4a v0x5749a32eb580, 4, 0;
    %pushi/vec4 4246733075, 0, 32;
    %ix/load 4, 1, 0;
    %flag_set/imm 4, 0;
    %store/vec4a v0x5749a32eb580, 4, 0;
    %pushi/vec4 4257218963, 0, 32;
    %ix/load 4, 2, 0;
    %flag_set/imm 4, 0;
    %store/vec4a v0x5749a32eb580, 4, 0;
    %pushi/vec4 55575059, 0, 32;
    %ix/load 4, 3, 0;
    %flag_set/imm 4, 0;
    %store/vec4a v0x5749a32eb580, 4, 0;
    %pushi/vec4 1, 0, 1;
    %store/vec4 v0x5749a32efe80_0, 0, 1;
    %fork TD_tb.tick, S_0x5749a32ef690;
    %join;
    %pushi/vec4 0, 0, 1;
    %store/vec4 v0x5749a32efe80_0, 0, 1;
    %pushi/vec4 0, 0, 32;
    %store/vec4 v0x5749a32efa40_0, 0, 32;
T_11.242 ;
    %load/vec4 v0x5749a32efb00_0;
    %nor/r;
    %flag_set/vec4 9;
    %flag_get/vec4 9;
    %jmp/0 T_11.244, 9;
    %load/vec4 v0x5749a32efa40_0;
    %cmpi/s 5000, 0, 32;
    %flag_get/vec4 5;
    %and;
T_11.244;
    %flag_set/vec4 8;
    %jmp/0xz T_11.243, 8;
    %fork TD_tb.tick, S_0x5749a32ef690;
    %join;
    %jmp T_11.242;
T_11.243 ;
    %vpi_call/w 5 475 "$display", "BATCH_RESULT idx=48 prediction=%0d cycles=%0d halted=%0d", &A<v0x5749a32ecbb0, 31>, v0x5749a32efa40_0, v0x5749a32efb00_0 {0 0 0};
    %pushi/vec4 0, 0, 32;
    %store/vec4 v0x5749a32efda0_0, 0, 32;
T_11.245 ;
    %load/vec4 v0x5749a32efda0_0;
    %cmpi/s 32, 0, 32;
    %jmp/0xz T_11.246, 5;
    %pushi/vec4 0, 0, 32;
    %ix/getv/s 4, v0x5749a32efda0_0;
    %store/vec4a v0x5749a32ecbb0, 4, 0;
    %load/vec4 v0x5749a32efda0_0;
    %addi 1, 0, 32;
    %store/vec4 v0x5749a32efda0_0, 0, 32;
    %jmp T_11.245;
T_11.246 ;
    %pushi/vec4 4280287379, 0, 32;
    %ix/load 4, 0, 0;
    %flag_set/imm 4, 0;
    %store/vec4a v0x5749a32eb580, 4, 0;
    %pushi/vec4 14680339, 0, 32;
    %ix/load 4, 1, 0;
    %flag_set/imm 4, 0;
    %store/vec4a v0x5749a32eb580, 4, 0;
    %pushi/vec4 4240441747, 0, 32;
    %ix/load 4, 2, 0;
    %flag_set/imm 4, 0;
    %store/vec4a v0x5749a32eb580, 4, 0;
    %pushi/vec4 39846419, 0, 32;
    %ix/load 4, 3, 0;
    %flag_set/imm 4, 0;
    %store/vec4a v0x5749a32eb580, 4, 0;
    %pushi/vec4 1, 0, 1;
    %store/vec4 v0x5749a32efe80_0, 0, 1;
    %fork TD_tb.tick, S_0x5749a32ef690;
    %join;
    %pushi/vec4 0, 0, 1;
    %store/vec4 v0x5749a32efe80_0, 0, 1;
    %pushi/vec4 0, 0, 32;
    %store/vec4 v0x5749a32efa40_0, 0, 32;
T_11.247 ;
    %load/vec4 v0x5749a32efb00_0;
    %nor/r;
    %flag_set/vec4 9;
    %flag_get/vec4 9;
    %jmp/0 T_11.249, 9;
    %load/vec4 v0x5749a32efa40_0;
    %cmpi/s 5000, 0, 32;
    %flag_get/vec4 5;
    %and;
T_11.249;
    %flag_set/vec4 8;
    %jmp/0xz T_11.248, 8;
    %fork TD_tb.tick, S_0x5749a32ef690;
    %join;
    %jmp T_11.247;
T_11.248 ;
    %vpi_call/w 5 484 "$display", "BATCH_RESULT idx=49 prediction=%0d cycles=%0d halted=%0d", &A<v0x5749a32ecbb0, 31>, v0x5749a32efa40_0, v0x5749a32efb00_0 {0 0 0};
    %vpi_call/w 5 486 "$finish" {0 0 0};
    %end;
    .thread T_11;
# The file index is used to find the file name in the following table.
:file_names 12;
    "N/A";
    "<interactive>";
    "-";
    "/app/rtl/counter.sv";
    "/app/rtl/register.sv";
    "/app/generated/batch_logistic_regression_tb.sv";
    "/app/rtl/cpu.sv";
    "/app/rtl/ai_accelerator.sv";
    "/app/rtl/alu.sv";
    "/app/rtl/decoder.sv";
    "/app/rtl/instruction_memory.sv";
    "/app/rtl/register_file.sv";
