#! /usr/bin/vvp
:ivl_version "12.0 (stable)";
:ivl_delay_selection "TYPICAL";
:vpi_time_precision + 0;
:vpi_module "/usr/lib/x86_64-linux-gnu/ivl/system.vpi";
:vpi_module "/usr/lib/x86_64-linux-gnu/ivl/vhdl_sys.vpi";
:vpi_module "/usr/lib/x86_64-linux-gnu/ivl/vhdl_textio.vpi";
:vpi_module "/usr/lib/x86_64-linux-gnu/ivl/v2005_math.vpi";
:vpi_module "/usr/lib/x86_64-linux-gnu/ivl/va_math.vpi";
:vpi_module "/usr/lib/x86_64-linux-gnu/ivl/v2009.vpi";
S_0x602ebb240ff0 .scope package, "$unit" "$unit" 2 1;
 .timescale 0 0;
S_0x602ebb2425c0 .scope module, "counter" "counter" 3 1;
 .timescale 0 0;
    .port_info 0 /INPUT 1 "clk";
    .port_info 1 /INPUT 1 "reset";
    .port_info 2 /OUTPUT 32 "count";
P_0x602ebb242960 .param/l "STEP" 0 3 1, +C4<00000000000000000000000000000001>;
P_0x602ebb2429a0 .param/l "WIDTH" 0 3 1, +C4<00000000000000000000000000100000>;
o0x71ee4e4f3018 .functor BUFZ 1, C4<z>; HiZ drive
v0x602ebb042d20_0 .net "clk", 0 0, o0x71ee4e4f3018;  0 drivers
v0x602ebb069980_0 .var "count", 31 0;
o0x71ee4e4f3078 .functor BUFZ 1, C4<z>; HiZ drive
v0x602ebb3f8b90_0 .net "reset", 0 0, o0x71ee4e4f3078;  0 drivers
E_0x602ebb21e880 .event posedge, v0x602ebb042d20_0;
S_0x602ebafff5e0 .scope module, "register" "register" 4 1;
 .timescale 0 0;
    .port_info 0 /INPUT 1 "clk";
    .port_info 1 /INPUT 1 "reset";
    .port_info 2 /INPUT 32 "d";
    .port_info 3 /OUTPUT 32 "q";
P_0x602ebafff770 .param/l "WIDTH" 0 4 1, +C4<00000000000000000000000000100000>;
o0x71ee4e4f3138 .functor BUFZ 1, C4<z>; HiZ drive
v0x602ebb3f8d00_0 .net "clk", 0 0, o0x71ee4e4f3138;  0 drivers
o0x71ee4e4f3168 .functor BUFZ 32, C4<zzzzzzzzzzzzzzzzzzzzzzzzzzzzzzzz>; HiZ drive
v0x602ebb3f8de0_0 .net "d", 31 0, o0x71ee4e4f3168;  0 drivers
v0x602ebb3f8ec0_0 .var "q", 31 0;
o0x71ee4e4f31c8 .functor BUFZ 1, C4<z>; HiZ drive
v0x602ebb3f8fb0_0 .net "reset", 0 0, o0x71ee4e4f31c8;  0 drivers
E_0x602ebb21e740 .event posedge, v0x602ebb3f8d00_0;
S_0x602ebafff8a0 .scope module, "tb" "tb" 5 1;
 .timescale 0 0;
v0x602ebb401060_0 .var "clk", 0 0;
v0x602ebb401150_0 .net "current_instr", 31 0, L_0x602ebb0487e0;  1 drivers
v0x602ebb401210_0 .var/i "cycles", 31 0;
v0x602ebb4012d0_0 .net "halted", 0 0, v0x602ebb3ffc70_0;  1 drivers
v0x602ebb401370_0 .net/s "last_result", 31 0, L_0x602ebb412ea0;  1 drivers
v0x602ebb401460_0 .net "pc", 31 0, v0x602ebb400050_0;  1 drivers
v0x602ebb401570_0 .var/i "r", 31 0;
v0x602ebb401650_0 .var "reset", 0 0;
S_0x602ebb3f9120 .scope module, "dut" "cpu" 5 7, 6 1 0, S_0x602ebafff8a0;
 .timescale 0 0;
    .port_info 0 /INPUT 1 "clk";
    .port_info 1 /INPUT 1 "reset";
    .port_info 2 /OUTPUT 32 "pc";
    .port_info 3 /OUTPUT 32 "current_instr";
    .port_info 4 /OUTPUT 32 "last_result";
    .port_info 5 /OUTPUT 1 "halted";
L_0x602ebb412c60 .functor AND 1, v0x602ebb3fb3d0_0, L_0x602ebb413070, C4<1>, C4<1>;
L_0x602ebb413290 .functor AND 1, v0x602ebb3fb470_0, L_0x602ebb4131b0, C4<1>, C4<1>;
L_0x602ebb4133a0 .functor OR 1, L_0x602ebb412c60, L_0x602ebb413290, C4<0>, C4<0>;
L_0x602ebb4135a0 .functor AND 1, v0x602ebb3fbda0_0, L_0x602ebb4134b0, C4<1>, C4<1>;
L_0x602ebb4137f0 .functor AND 1, L_0x602ebb4135a0, L_0x602ebb4136b0, C4<1>, C4<1>;
L_0x602ebb4139f0 .functor AND 1, L_0x602ebb4137f0, L_0x602ebb413900, C4<1>, C4<1>;
v0x602ebb3fea10_0 .net *"_ivl_12", 0 0, L_0x602ebb413070;  1 drivers
v0x602ebb3feaf0_0 .net *"_ivl_15", 0 0, L_0x602ebb412c60;  1 drivers
v0x602ebb3febb0_0 .net *"_ivl_16", 0 0, L_0x602ebb4131b0;  1 drivers
v0x602ebb3fec80_0 .net *"_ivl_19", 0 0, L_0x602ebb413290;  1 drivers
v0x602ebb3fed40_0 .net *"_ivl_23", 0 0, L_0x602ebb4134b0;  1 drivers
v0x602ebb3fee00_0 .net *"_ivl_25", 0 0, L_0x602ebb4135a0;  1 drivers
v0x602ebb3feec0_0 .net *"_ivl_27", 0 0, L_0x602ebb4136b0;  1 drivers
v0x602ebb3fef80_0 .net *"_ivl_29", 0 0, L_0x602ebb4137f0;  1 drivers
v0x602ebb3ff040_0 .net *"_ivl_31", 0 0, L_0x602ebb413900;  1 drivers
L_0x71ee4e4aa330 .functor BUFT 1, C4<00000000000000000000000000000100>, C4<0>, C4<0>, C4<0>;
v0x602ebb3ff100_0 .net/2u *"_ivl_4", 31 0, L_0x71ee4e4aa330;  1 drivers
v0x602ebb3ff1e0_0 .net *"_ivl_6", 31 0, L_0x602ebb412bc0;  1 drivers
v0x602ebb3ff2c0_0 .net *"_ivl_8", 31 0, L_0x602ebb412d60;  1 drivers
v0x602ebb3ff3a0_0 .net/s "alu_b", 31 0, L_0x602ebb4128a0;  1 drivers
v0x602ebb3ff460_0 .net "alu_op", 3 0, v0x602ebb3fb2c0_0;  1 drivers
v0x602ebb3ff500_0 .net/s "alu_result", 31 0, v0x602ebb3fac90_0;  1 drivers
v0x602ebb3ff5c0_0 .net "branch_eq", 0 0, v0x602ebb3fb3d0_0;  1 drivers
v0x602ebb3ff690_0 .net "branch_ne", 0 0, v0x602ebb3fb470_0;  1 drivers
v0x602ebb3ff870_0 .net "clk", 0 0, v0x602ebb401060_0;  1 drivers
v0x602ebb3ff940_0 .net "current_instr", 31 0, L_0x602ebb0487e0;  alias, 1 drivers
v0x602ebb3ffa30_0 .net "dot_pred", 0 0, v0x602ebb3f9a60_0;  1 drivers
v0x602ebb3ffad0_0 .net/s "dot_result", 31 0, v0x602ebb3f97b0_0;  1 drivers
v0x602ebb3ffba0_0 .net "halt_dec", 0 0, v0x602ebb3fb750_0;  1 drivers
v0x602ebb3ffc70_0 .var "halted", 0 0;
v0x602ebb3ffd10_0 .net/s "imm", 31 0, v0x602ebb3fb810_0;  1 drivers
v0x602ebb3ffde0_0 .net "is_dot", 0 0, v0x602ebb3fb9d0_0;  1 drivers
v0x602ebb3ffeb0_0 .net "jump", 0 0, v0x602ebb3fbb20_0;  1 drivers
v0x602ebb3fff80_0 .net/s "last_result", 31 0, L_0x602ebb412ea0;  alias, 1 drivers
v0x602ebb400050_0 .var "pc", 31 0;
v0x602ebb400120_0 .net "rd", 4 0, v0x602ebb3fbcc0_0;  1 drivers
v0x602ebb400210_0 .net "reg_write", 0 0, v0x602ebb3fbda0_0;  1 drivers
v0x602ebb4002b0_0 .net "reset", 0 0, v0x602ebb401650_0;  1 drivers
v0x602ebb400350_0 .net "rf_we", 0 0, L_0x602ebb4139f0;  1 drivers
v0x602ebb400420_0 .net "rs1", 4 0, v0x602ebb3fbe60_0;  1 drivers
v0x602ebb400720_0 .net "rs2", 4 0, v0x602ebb3fbf40_0;  1 drivers
v0x602ebb400810_0 .net/s "rv1", 31 0, L_0x602ebb412010;  1 drivers
v0x602ebb4008b0_0 .net "rv1_u", 31 0, L_0x602ebb412010;  alias, 1 drivers
v0x602ebb400950_0 .net/s "rv2", 31 0, L_0x602ebb412710;  1 drivers
v0x602ebb4009f0_0 .net "rv2_u", 31 0, L_0x602ebb412710;  alias, 1 drivers
v0x602ebb400a90_0 .net "take_branch", 0 0, L_0x602ebb4133a0;  1 drivers
v0x602ebb400b50_0 .net "use_imm", 0 0, v0x602ebb3fc020_0;  1 drivers
v0x602ebb400bf0_0 .net "write_data", 31 0, L_0x602ebb412ea0;  alias, 1 drivers
v0x602ebb400ce0_0 .net "zero", 0 0, L_0x602ebb412a30;  1 drivers
L_0x602ebb4128a0 .functor MUXZ 32, L_0x602ebb412710, v0x602ebb3fb810_0, v0x602ebb3fc020_0, C4<>;
L_0x602ebb412bc0 .arith/sum 32, v0x602ebb400050_0, L_0x71ee4e4aa330;
L_0x602ebb412d60 .functor MUXZ 32, v0x602ebb3fac90_0, v0x602ebb3f97b0_0, v0x602ebb3fb9d0_0, C4<>;
L_0x602ebb412ea0 .functor MUXZ 32, L_0x602ebb412d60, L_0x602ebb412bc0, v0x602ebb3fbb20_0, C4<>;
L_0x602ebb413070 .cmp/eq 32, L_0x602ebb412010, L_0x602ebb412710;
L_0x602ebb4131b0 .cmp/ne 32, L_0x602ebb412010, L_0x602ebb412710;
L_0x602ebb4134b0 .reduce/nor v0x602ebb401650_0;
L_0x602ebb4136b0 .reduce/nor v0x602ebb3ffc70_0;
L_0x602ebb413900 .reduce/nor v0x602ebb3fb750_0;
S_0x602ebb3f93c0 .scope module, "acc" "ai_accelerator" 6 40, 7 1 0, S_0x602ebb3f9120;
 .timescale 0 0;
    .port_info 0 /INPUT 32 "packed_x";
    .port_info 1 /INPUT 32 "packed_w";
    .port_info 2 /INPUT 32 "bias";
    .port_info 3 /OUTPUT 32 "dot";
    .port_info 4 /OUTPUT 1 "prediction";
L_0x71ee4e4aa2e8 .functor BUFT 1, C4<00000000000000000000000000000000>, C4<0>, C4<0>, C4<0>;
v0x602ebb3f96b0_0 .net/s "bias", 31 0, L_0x71ee4e4aa2e8;  1 drivers
v0x602ebb3f97b0_0 .var/s "dot", 31 0;
v0x602ebb3f9890_0 .net "packed_w", 31 0, L_0x602ebb412710;  alias, 1 drivers
v0x602ebb3f9980_0 .net "packed_x", 31 0, L_0x602ebb412010;  alias, 1 drivers
v0x602ebb3f9a60_0 .var "prediction", 0 0;
v0x602ebb3f9b70_0 .var/s "w0", 7 0;
v0x602ebb3f9c50_0 .var/s "w1", 7 0;
v0x602ebb3f9d30_0 .var/s "w2", 7 0;
v0x602ebb3f9e10_0 .var/s "w3", 7 0;
v0x602ebb3f9ef0_0 .var/s "x0", 7 0;
v0x602ebb3f9fd0_0 .var/s "x1", 7 0;
v0x602ebb3fa0b0_0 .var/s "x2", 7 0;
v0x602ebb3fa190_0 .var/s "x3", 7 0;
E_0x602ebb3ddac0/0 .event anyedge, v0x602ebb3f9980_0, v0x602ebb3f9980_0, v0x602ebb3f9980_0, v0x602ebb3f9980_0;
E_0x602ebb3ddac0/1 .event anyedge, v0x602ebb3f9890_0, v0x602ebb3f9890_0, v0x602ebb3f9890_0, v0x602ebb3f9890_0;
E_0x602ebb3ddac0/2 .event anyedge, v0x602ebb3f96b0_0;
E_0x602ebb3ddac0 .event/or E_0x602ebb3ddac0/0, E_0x602ebb3ddac0/1, E_0x602ebb3ddac0/2;
S_0x602ebb3fa310 .scope module, "alu0" "alu" 6 39, 8 1 0, S_0x602ebb3f9120;
 .timescale 0 0;
    .port_info 0 /INPUT 32 "a";
    .port_info 1 /INPUT 32 "b";
    .port_info 2 /INPUT 4 "op";
    .port_info 3 /OUTPUT 32 "result";
    .port_info 4 /OUTPUT 1 "zero";
P_0x602ebb072210 .param/l "ALU_ADD" 1 8 8, C4<0000>;
P_0x602ebb072250 .param/l "ALU_AND" 1 8 10, C4<0010>;
P_0x602ebb072290 .param/l "ALU_MUL" 1 8 13, C4<0101>;
P_0x602ebb0722d0 .param/l "ALU_OR" 1 8 11, C4<0011>;
P_0x602ebb072310 .param/l "ALU_SLT" 1 8 14, C4<0110>;
P_0x602ebb072350 .param/l "ALU_SRA" 1 8 15, C4<0111>;
P_0x602ebb072390 .param/l "ALU_SUB" 1 8 9, C4<0001>;
P_0x602ebb0723d0 .param/l "ALU_XOR" 1 8 12, C4<0100>;
L_0x71ee4e4aa2a0 .functor BUFT 1, C4<00000000000000000000000000000000>, C4<0>, C4<0>, C4<0>;
v0x602ebb3fa8f0_0 .net/2s *"_ivl_0", 31 0, L_0x71ee4e4aa2a0;  1 drivers
v0x602ebb3fa9f0_0 .net/s "a", 31 0, L_0x602ebb412010;  alias, 1 drivers
v0x602ebb3faae0_0 .net/s "b", 31 0, L_0x602ebb4128a0;  alias, 1 drivers
v0x602ebb3fabb0_0 .net "op", 3 0, v0x602ebb3fb2c0_0;  alias, 1 drivers
v0x602ebb3fac90_0 .var/s "result", 31 0;
v0x602ebb3fadc0_0 .net "zero", 0 0, L_0x602ebb412a30;  alias, 1 drivers
E_0x602ebb3dd9e0 .event anyedge, v0x602ebb3fabb0_0, v0x602ebb3f9980_0, v0x602ebb3faae0_0, v0x602ebb3faae0_0;
L_0x602ebb412a30 .cmp/eq 32, v0x602ebb3fac90_0, L_0x71ee4e4aa2a0;
S_0x602ebb3faf20 .scope module, "dec" "decoder" 6 22, 9 1 0, S_0x602ebb3f9120;
 .timescale 0 0;
    .port_info 0 /INPUT 32 "instr";
    .port_info 1 /OUTPUT 5 "rs1";
    .port_info 2 /OUTPUT 5 "rs2";
    .port_info 3 /OUTPUT 5 "rd";
    .port_info 4 /OUTPUT 4 "alu_op";
    .port_info 5 /OUTPUT 1 "use_imm";
    .port_info 6 /OUTPUT 1 "reg_write";
    .port_info 7 /OUTPUT 1 "is_dot";
    .port_info 8 /OUTPUT 1 "branch_eq";
    .port_info 9 /OUTPUT 1 "branch_ne";
    .port_info 10 /OUTPUT 1 "jump";
    .port_info 11 /OUTPUT 1 "halt";
    .port_info 12 /OUTPUT 32 "imm";
v0x602ebb3fb2c0_0 .var "alu_op", 3 0;
v0x602ebb3fb3d0_0 .var "branch_eq", 0 0;
v0x602ebb3fb470_0 .var "branch_ne", 0 0;
v0x602ebb3fb540_0 .var "funct3", 2 0;
v0x602ebb3fb620_0 .var "funct7", 6 0;
v0x602ebb3fb750_0 .var "halt", 0 0;
v0x602ebb3fb810_0 .var/s "imm", 31 0;
v0x602ebb3fb8f0_0 .net "instr", 31 0, L_0x602ebb0487e0;  alias, 1 drivers
v0x602ebb3fb9d0_0 .var "is_dot", 0 0;
v0x602ebb3fbb20_0 .var "jump", 0 0;
v0x602ebb3fbbe0_0 .var "opcode", 6 0;
v0x602ebb3fbcc0_0 .var "rd", 4 0;
v0x602ebb3fbda0_0 .var "reg_write", 0 0;
v0x602ebb3fbe60_0 .var "rs1", 4 0;
v0x602ebb3fbf40_0 .var "rs2", 4 0;
v0x602ebb3fc020_0 .var "use_imm", 0 0;
E_0x602ebb3ddbc0/0 .event anyedge, v0x602ebb3fb8f0_0, v0x602ebb3fb8f0_0, v0x602ebb3fb8f0_0, v0x602ebb3fb8f0_0;
E_0x602ebb3ddbc0/1 .event anyedge, v0x602ebb3fb8f0_0, v0x602ebb3fb8f0_0, v0x602ebb3fb8f0_0, v0x602ebb3fb8f0_0;
E_0x602ebb3ddbc0/2 .event anyedge, v0x602ebb3fb8f0_0, v0x602ebb3fb8f0_0, v0x602ebb3fb8f0_0, v0x602ebb3fb8f0_0;
E_0x602ebb3ddbc0/3 .event anyedge, v0x602ebb3fb8f0_0, v0x602ebb3fb8f0_0, v0x602ebb3fb8f0_0;
E_0x602ebb3ddbc0 .event/or E_0x602ebb3ddbc0/0, E_0x602ebb3ddbc0/1, E_0x602ebb3ddbc0/2, E_0x602ebb3ddbc0/3;
S_0x602ebb3fc2f0 .scope module, "imem" "instruction_memory" 6 20, 10 1 0, S_0x602ebb3f9120;
 .timescale 0 0;
    .port_info 0 /INPUT 32 "addr";
    .port_info 1 /OUTPUT 32 "instr";
P_0x602ebb3fc480 .param/l "DEPTH" 0 10 2, +C4<00000000000000000000010000000000>;
P_0x602ebb3fc4c0 .param/l "INDEX_BITS" 1 10 7, +C4<00000000000000000000000000001010>;
L_0x602ebb0487e0 .functor BUFZ 32, L_0x602ebb4016f0, C4<00000000000000000000000000000000>, C4<00000000000000000000000000000000>, C4<00000000000000000000000000000000>;
v0x602ebb3fc6d0_0 .net *"_ivl_0", 31 0, L_0x602ebb4016f0;  1 drivers
v0x602ebb3fc7d0_0 .net *"_ivl_3", 9 0, L_0x602ebb401790;  1 drivers
v0x602ebb3fc8b0_0 .net *"_ivl_4", 11 0, L_0x602ebb401860;  1 drivers
L_0x71ee4e4aa018 .functor BUFT 1, C4<00>, C4<0>, C4<0>, C4<0>;
v0x602ebb3fc9a0_0 .net *"_ivl_7", 1 0, L_0x71ee4e4aa018;  1 drivers
v0x602ebb3fca80_0 .net "addr", 31 0, v0x602ebb400050_0;  alias, 1 drivers
v0x602ebb3fcbb0_0 .var/i "i", 31 0;
v0x602ebb3fcc90_0 .net "instr", 31 0, L_0x602ebb0487e0;  alias, 1 drivers
v0x602ebb3fcd50 .array "mem", 1023 0, 31 0;
L_0x602ebb4016f0 .array/port v0x602ebb3fcd50, L_0x602ebb401860;
L_0x602ebb401790 .part v0x602ebb400050_0, 2, 10;
L_0x602ebb401860 .concat [ 10 2 0 0], L_0x602ebb401790, L_0x71ee4e4aa018;
S_0x602ebb3fce50 .scope module, "rf" "register_file" 6 30, 11 1 0, S_0x602ebb3f9120;
 .timescale 0 0;
    .port_info 0 /INPUT 1 "clk";
    .port_info 1 /INPUT 1 "we";
    .port_info 2 /INPUT 5 "rs1";
    .port_info 3 /INPUT 5 "rs2";
    .port_info 4 /INPUT 5 "rd";
    .port_info 5 /INPUT 32 "wd";
    .port_info 6 /OUTPUT 32 "rv1";
    .port_info 7 /OUTPUT 32 "rv2";
v0x602ebb3fd200_0 .net *"_ivl_0", 31 0, L_0x602ebb401a80;  1 drivers
v0x602ebb3fd300_0 .net *"_ivl_10", 31 0, L_0x602ebb411d40;  1 drivers
v0x602ebb3fd3e0_0 .net *"_ivl_12", 6 0, L_0x602ebb411e10;  1 drivers
L_0x71ee4e4aa138 .functor BUFT 1, C4<00>, C4<0>, C4<0>, C4<0>;
v0x602ebb3fd4a0_0 .net *"_ivl_15", 1 0, L_0x71ee4e4aa138;  1 drivers
v0x602ebb3fd580_0 .net *"_ivl_18", 31 0, L_0x602ebb4121a0;  1 drivers
L_0x71ee4e4aa180 .functor BUFT 1, C4<000000000000000000000000000>, C4<0>, C4<0>, C4<0>;
v0x602ebb3fd6b0_0 .net *"_ivl_21", 26 0, L_0x71ee4e4aa180;  1 drivers
L_0x71ee4e4aa1c8 .functor BUFT 1, C4<00000000000000000000000000000000>, C4<0>, C4<0>, C4<0>;
v0x602ebb3fd790_0 .net/2u *"_ivl_22", 31 0, L_0x71ee4e4aa1c8;  1 drivers
v0x602ebb3fd870_0 .net *"_ivl_24", 0 0, L_0x602ebb4122d0;  1 drivers
L_0x71ee4e4aa210 .functor BUFT 1, C4<00000000000000000000000000000000>, C4<0>, C4<0>, C4<0>;
v0x602ebb3fd930_0 .net/2u *"_ivl_26", 31 0, L_0x71ee4e4aa210;  1 drivers
v0x602ebb3fda10_0 .net *"_ivl_28", 31 0, L_0x602ebb412410;  1 drivers
L_0x71ee4e4aa060 .functor BUFT 1, C4<000000000000000000000000000>, C4<0>, C4<0>, C4<0>;
v0x602ebb3fdaf0_0 .net *"_ivl_3", 26 0, L_0x71ee4e4aa060;  1 drivers
v0x602ebb3fdbd0_0 .net *"_ivl_30", 6 0, L_0x602ebb412500;  1 drivers
L_0x71ee4e4aa258 .functor BUFT 1, C4<00>, C4<0>, C4<0>, C4<0>;
v0x602ebb3fdcb0_0 .net *"_ivl_33", 1 0, L_0x71ee4e4aa258;  1 drivers
L_0x71ee4e4aa0a8 .functor BUFT 1, C4<00000000000000000000000000000000>, C4<0>, C4<0>, C4<0>;
v0x602ebb3fdd90_0 .net/2u *"_ivl_4", 31 0, L_0x71ee4e4aa0a8;  1 drivers
v0x602ebb3fde70_0 .net *"_ivl_6", 0 0, L_0x602ebb411bd0;  1 drivers
L_0x71ee4e4aa0f0 .functor BUFT 1, C4<00000000000000000000000000000000>, C4<0>, C4<0>, C4<0>;
v0x602ebb3fdf30_0 .net/2u *"_ivl_8", 31 0, L_0x71ee4e4aa0f0;  1 drivers
v0x602ebb3fe010_0 .net "clk", 0 0, v0x602ebb401060_0;  alias, 1 drivers
v0x602ebb3fe1e0_0 .var/i "i", 31 0;
v0x602ebb3fe2c0_0 .net "rd", 4 0, v0x602ebb3fbcc0_0;  alias, 1 drivers
v0x602ebb3fe380 .array "regs", 31 0, 31 0;
v0x602ebb3fe420_0 .net "rs1", 4 0, v0x602ebb3fbe60_0;  alias, 1 drivers
v0x602ebb3fe510_0 .net "rs2", 4 0, v0x602ebb3fbf40_0;  alias, 1 drivers
v0x602ebb3fe5e0_0 .net "rv1", 31 0, L_0x602ebb412010;  alias, 1 drivers
v0x602ebb3fe680_0 .net "rv2", 31 0, L_0x602ebb412710;  alias, 1 drivers
v0x602ebb3fe740_0 .net "wd", 31 0, L_0x602ebb412ea0;  alias, 1 drivers
v0x602ebb3fe800_0 .net "we", 0 0, L_0x602ebb4139f0;  alias, 1 drivers
E_0x602ebb3fd1a0 .event posedge, v0x602ebb3fe010_0;
L_0x602ebb401a80 .concat [ 5 27 0 0], v0x602ebb3fbe60_0, L_0x71ee4e4aa060;
L_0x602ebb411bd0 .cmp/eq 32, L_0x602ebb401a80, L_0x71ee4e4aa0a8;
L_0x602ebb411d40 .array/port v0x602ebb3fe380, L_0x602ebb411e10;
L_0x602ebb411e10 .concat [ 5 2 0 0], v0x602ebb3fbe60_0, L_0x71ee4e4aa138;
L_0x602ebb412010 .functor MUXZ 32, L_0x602ebb411d40, L_0x71ee4e4aa0f0, L_0x602ebb411bd0, C4<>;
L_0x602ebb4121a0 .concat [ 5 27 0 0], v0x602ebb3fbf40_0, L_0x71ee4e4aa180;
L_0x602ebb4122d0 .cmp/eq 32, L_0x602ebb4121a0, L_0x71ee4e4aa1c8;
L_0x602ebb412410 .array/port v0x602ebb3fe380, L_0x602ebb412500;
L_0x602ebb412500 .concat [ 5 2 0 0], v0x602ebb3fbf40_0, L_0x71ee4e4aa258;
L_0x602ebb412710 .functor MUXZ 32, L_0x602ebb412410, L_0x71ee4e4aa210, L_0x602ebb4122d0, C4<>;
S_0x602ebb400e60 .scope task, "tick" "tick" 5 8, 5 8 0, S_0x602ebafff8a0;
 .timescale 0 0;
TD_tb.tick ;
    %delay 1, 0;
    %pushi/vec4 1, 0, 1;
    %store/vec4 v0x602ebb401060_0, 0, 1;
    %delay 1, 0;
    %pushi/vec4 0, 0, 1;
    %store/vec4 v0x602ebb401060_0, 0, 1;
    %delay 1, 0;
    %load/vec4 v0x602ebb401210_0;
    %addi 1, 0, 32;
    %store/vec4 v0x602ebb401210_0, 0, 32;
    %end;
    .scope S_0x602ebb2425c0;
T_1 ;
    %wait E_0x602ebb21e880;
    %load/vec4 v0x602ebb3f8b90_0;
    %flag_set/vec4 8;
    %jmp/0xz  T_1.0, 8;
    %pushi/vec4 0, 0, 32;
    %assign/vec4 v0x602ebb069980_0, 0;
    %jmp T_1.1;
T_1.0 ;
    %load/vec4 v0x602ebb069980_0;
    %addi 1, 0, 32;
    %assign/vec4 v0x602ebb069980_0, 0;
T_1.1 ;
    %jmp T_1;
    .thread T_1;
    .scope S_0x602ebafff5e0;
T_2 ;
    %wait E_0x602ebb21e740;
    %load/vec4 v0x602ebb3f8fb0_0;
    %flag_set/vec4 8;
    %jmp/0xz  T_2.0, 8;
    %pushi/vec4 0, 0, 32;
    %assign/vec4 v0x602ebb3f8ec0_0, 0;
    %jmp T_2.1;
T_2.0 ;
    %load/vec4 v0x602ebb3f8de0_0;
    %assign/vec4 v0x602ebb3f8ec0_0, 0;
T_2.1 ;
    %jmp T_2;
    .thread T_2;
    .scope S_0x602ebb3fc2f0;
T_3 ;
    %pushi/vec4 0, 0, 32;
    %store/vec4 v0x602ebb3fcbb0_0, 0, 32;
T_3.0 ;
    %load/vec4 v0x602ebb3fcbb0_0;
    %cmpi/s 1024, 0, 32;
    %jmp/0xz T_3.1, 5;
    %pushi/vec4 19, 0, 32;
    %ix/getv/s 4, v0x602ebb3fcbb0_0;
    %store/vec4a v0x602ebb3fcd50, 4, 0;
    %load/vec4 v0x602ebb3fcbb0_0;
    %addi 1, 0, 32;
    %store/vec4 v0x602ebb3fcbb0_0, 0, 32;
    %jmp T_3.0;
T_3.1 ;
    %end;
    .thread T_3;
    .scope S_0x602ebb3faf20;
T_4 ;
Ewait_0 .event/or E_0x602ebb3ddbc0, E_0x0;
    %wait Ewait_0;
    %load/vec4 v0x602ebb3fb8f0_0;
    %parti/s 7, 0, 2;
    %store/vec4 v0x602ebb3fbbe0_0, 0, 7;
    %load/vec4 v0x602ebb3fb8f0_0;
    %parti/s 5, 7, 4;
    %store/vec4 v0x602ebb3fbcc0_0, 0, 5;
    %load/vec4 v0x602ebb3fb8f0_0;
    %parti/s 3, 12, 5;
    %store/vec4 v0x602ebb3fb540_0, 0, 3;
    %load/vec4 v0x602ebb3fb8f0_0;
    %parti/s 5, 15, 5;
    %store/vec4 v0x602ebb3fbe60_0, 0, 5;
    %load/vec4 v0x602ebb3fb8f0_0;
    %parti/s 5, 20, 6;
    %store/vec4 v0x602ebb3fbf40_0, 0, 5;
    %load/vec4 v0x602ebb3fb8f0_0;
    %parti/s 7, 25, 6;
    %store/vec4 v0x602ebb3fb620_0, 0, 7;
    %pushi/vec4 0, 0, 4;
    %store/vec4 v0x602ebb3fb2c0_0, 0, 4;
    %pushi/vec4 0, 0, 1;
    %store/vec4 v0x602ebb3fc020_0, 0, 1;
    %pushi/vec4 0, 0, 1;
    %store/vec4 v0x602ebb3fbda0_0, 0, 1;
    %pushi/vec4 0, 0, 1;
    %store/vec4 v0x602ebb3fb9d0_0, 0, 1;
    %pushi/vec4 0, 0, 1;
    %store/vec4 v0x602ebb3fb3d0_0, 0, 1;
    %pushi/vec4 0, 0, 1;
    %store/vec4 v0x602ebb3fb470_0, 0, 1;
    %pushi/vec4 0, 0, 1;
    %store/vec4 v0x602ebb3fbb20_0, 0, 1;
    %pushi/vec4 0, 0, 1;
    %store/vec4 v0x602ebb3fb750_0, 0, 1;
    %pushi/vec4 0, 0, 32;
    %store/vec4 v0x602ebb3fb810_0, 0, 32;
    %load/vec4 v0x602ebb3fb8f0_0;
    %cmpi/e 4294967295, 0, 32;
    %jmp/0xz  T_4.0, 4;
    %pushi/vec4 1, 0, 1;
    %store/vec4 v0x602ebb3fb750_0, 0, 1;
    %jmp T_4.1;
T_4.0 ;
    %load/vec4 v0x602ebb3fbbe0_0;
    %dup/vec4;
    %pushi/vec4 51, 0, 7;
    %cmp/u;
    %jmp/1 T_4.2, 6;
    %dup/vec4;
    %pushi/vec4 19, 0, 7;
    %cmp/u;
    %jmp/1 T_4.3, 6;
    %dup/vec4;
    %pushi/vec4 99, 0, 7;
    %cmp/u;
    %jmp/1 T_4.4, 6;
    %dup/vec4;
    %pushi/vec4 111, 0, 7;
    %cmp/u;
    %jmp/1 T_4.5, 6;
    %dup/vec4;
    %pushi/vec4 11, 0, 7;
    %cmp/u;
    %jmp/1 T_4.6, 6;
    %jmp T_4.8;
T_4.2 ;
    %pushi/vec4 1, 0, 1;
    %store/vec4 v0x602ebb3fbda0_0, 0, 1;
    %load/vec4 v0x602ebb3fb620_0;
    %load/vec4 v0x602ebb3fb540_0;
    %concat/vec4; draw_concat_vec4
    %dup/vec4;
    %pushi/vec4 0, 0, 10;
    %cmp/u;
    %jmp/1 T_4.9, 6;
    %dup/vec4;
    %pushi/vec4 256, 0, 10;
    %cmp/u;
    %jmp/1 T_4.10, 6;
    %dup/vec4;
    %pushi/vec4 7, 0, 10;
    %cmp/u;
    %jmp/1 T_4.11, 6;
    %dup/vec4;
    %pushi/vec4 6, 0, 10;
    %cmp/u;
    %jmp/1 T_4.12, 6;
    %dup/vec4;
    %pushi/vec4 4, 0, 10;
    %cmp/u;
    %jmp/1 T_4.13, 6;
    %dup/vec4;
    %pushi/vec4 8, 0, 10;
    %cmp/u;
    %jmp/1 T_4.14, 6;
    %dup/vec4;
    %pushi/vec4 2, 0, 10;
    %cmp/u;
    %jmp/1 T_4.15, 6;
    %pushi/vec4 0, 0, 4;
    %store/vec4 v0x602ebb3fb2c0_0, 0, 4;
    %pushi/vec4 0, 0, 1;
    %store/vec4 v0x602ebb3fbda0_0, 0, 1;
    %jmp T_4.17;
T_4.9 ;
    %pushi/vec4 0, 0, 4;
    %store/vec4 v0x602ebb3fb2c0_0, 0, 4;
    %jmp T_4.17;
T_4.10 ;
    %pushi/vec4 1, 0, 4;
    %store/vec4 v0x602ebb3fb2c0_0, 0, 4;
    %jmp T_4.17;
T_4.11 ;
    %pushi/vec4 2, 0, 4;
    %store/vec4 v0x602ebb3fb2c0_0, 0, 4;
    %jmp T_4.17;
T_4.12 ;
    %pushi/vec4 3, 0, 4;
    %store/vec4 v0x602ebb3fb2c0_0, 0, 4;
    %jmp T_4.17;
T_4.13 ;
    %pushi/vec4 4, 0, 4;
    %store/vec4 v0x602ebb3fb2c0_0, 0, 4;
    %jmp T_4.17;
T_4.14 ;
    %pushi/vec4 5, 0, 4;
    %store/vec4 v0x602ebb3fb2c0_0, 0, 4;
    %jmp T_4.17;
T_4.15 ;
    %pushi/vec4 6, 0, 4;
    %store/vec4 v0x602ebb3fb2c0_0, 0, 4;
    %jmp T_4.17;
T_4.17 ;
    %pop/vec4 1;
    %jmp T_4.8;
T_4.3 ;
    %load/vec4 v0x602ebb3fb8f0_0;
    %parti/s 1, 31, 6;
    %replicate 20;
    %load/vec4 v0x602ebb3fb8f0_0;
    %parti/s 12, 20, 6;
    %concat/vec4; draw_concat_vec4
    %store/vec4 v0x602ebb3fb810_0, 0, 32;
    %load/vec4 v0x602ebb3fb540_0;
    %dup/vec4;
    %pushi/vec4 0, 0, 3;
    %cmp/u;
    %jmp/1 T_4.18, 6;
    %dup/vec4;
    %pushi/vec4 2, 0, 3;
    %cmp/u;
    %jmp/1 T_4.19, 6;
    %dup/vec4;
    %pushi/vec4 5, 0, 3;
    %cmp/u;
    %jmp/1 T_4.20, 6;
    %jmp T_4.22;
T_4.18 ;
    %pushi/vec4 0, 0, 4;
    %store/vec4 v0x602ebb3fb2c0_0, 0, 4;
    %pushi/vec4 1, 0, 1;
    %store/vec4 v0x602ebb3fc020_0, 0, 1;
    %pushi/vec4 1, 0, 1;
    %store/vec4 v0x602ebb3fbda0_0, 0, 1;
    %jmp T_4.22;
T_4.19 ;
    %pushi/vec4 6, 0, 4;
    %store/vec4 v0x602ebb3fb2c0_0, 0, 4;
    %pushi/vec4 1, 0, 1;
    %store/vec4 v0x602ebb3fc020_0, 0, 1;
    %pushi/vec4 1, 0, 1;
    %store/vec4 v0x602ebb3fbda0_0, 0, 1;
    %jmp T_4.22;
T_4.20 ;
    %pushi/vec4 7, 0, 4;
    %store/vec4 v0x602ebb3fb2c0_0, 0, 4;
    %pushi/vec4 1, 0, 1;
    %store/vec4 v0x602ebb3fc020_0, 0, 1;
    %pushi/vec4 1, 0, 1;
    %store/vec4 v0x602ebb3fbda0_0, 0, 1;
    %pushi/vec4 0, 0, 27;
    %load/vec4 v0x602ebb3fb8f0_0;
    %parti/s 5, 20, 6;
    %concat/vec4; draw_concat_vec4
    %store/vec4 v0x602ebb3fb810_0, 0, 32;
    %jmp T_4.22;
T_4.22 ;
    %pop/vec4 1;
    %jmp T_4.8;
T_4.4 ;
    %load/vec4 v0x602ebb3fb8f0_0;
    %parti/s 1, 31, 6;
    %replicate 19;
    %load/vec4 v0x602ebb3fb8f0_0;
    %parti/s 1, 31, 6;
    %concat/vec4; draw_concat_vec4
    %load/vec4 v0x602ebb3fb8f0_0;
    %parti/s 1, 7, 4;
    %concat/vec4; draw_concat_vec4
    %load/vec4 v0x602ebb3fb8f0_0;
    %parti/s 6, 25, 6;
    %concat/vec4; draw_concat_vec4
    %load/vec4 v0x602ebb3fb8f0_0;
    %parti/s 4, 8, 5;
    %concat/vec4; draw_concat_vec4
    %concati/vec4 0, 0, 1;
    %store/vec4 v0x602ebb3fb810_0, 0, 32;
    %load/vec4 v0x602ebb3fb540_0;
    %dup/vec4;
    %pushi/vec4 0, 0, 3;
    %cmp/u;
    %jmp/1 T_4.23, 6;
    %dup/vec4;
    %pushi/vec4 1, 0, 3;
    %cmp/u;
    %jmp/1 T_4.24, 6;
    %jmp T_4.26;
T_4.23 ;
    %pushi/vec4 1, 0, 1;
    %store/vec4 v0x602ebb3fb3d0_0, 0, 1;
    %jmp T_4.26;
T_4.24 ;
    %pushi/vec4 1, 0, 1;
    %store/vec4 v0x602ebb3fb470_0, 0, 1;
    %jmp T_4.26;
T_4.26 ;
    %pop/vec4 1;
    %jmp T_4.8;
T_4.5 ;
    %load/vec4 v0x602ebb3fb8f0_0;
    %parti/s 1, 31, 6;
    %replicate 11;
    %load/vec4 v0x602ebb3fb8f0_0;
    %parti/s 1, 31, 6;
    %concat/vec4; draw_concat_vec4
    %load/vec4 v0x602ebb3fb8f0_0;
    %parti/s 8, 12, 5;
    %concat/vec4; draw_concat_vec4
    %load/vec4 v0x602ebb3fb8f0_0;
    %parti/s 1, 20, 6;
    %concat/vec4; draw_concat_vec4
    %load/vec4 v0x602ebb3fb8f0_0;
    %parti/s 10, 21, 6;
    %concat/vec4; draw_concat_vec4
    %concati/vec4 0, 0, 1;
    %store/vec4 v0x602ebb3fb810_0, 0, 32;
    %pushi/vec4 1, 0, 1;
    %store/vec4 v0x602ebb3fbb20_0, 0, 1;
    %load/vec4 v0x602ebb3fbcc0_0;
    %pushi/vec4 0, 0, 5;
    %cmp/ne;
    %flag_get/vec4 4;
    %store/vec4 v0x602ebb3fbda0_0, 0, 1;
    %jmp T_4.8;
T_4.6 ;
    %pushi/vec4 1, 0, 1;
    %store/vec4 v0x602ebb3fb9d0_0, 0, 1;
    %pushi/vec4 1, 0, 1;
    %store/vec4 v0x602ebb3fbda0_0, 0, 1;
    %jmp T_4.8;
T_4.8 ;
    %pop/vec4 1;
T_4.1 ;
    %jmp T_4;
    .thread T_4, $push;
    .scope S_0x602ebb3fce50;
T_5 ;
    %pushi/vec4 0, 0, 32;
    %store/vec4 v0x602ebb3fe1e0_0, 0, 32;
T_5.0 ;
    %load/vec4 v0x602ebb3fe1e0_0;
    %cmpi/s 32, 0, 32;
    %jmp/0xz T_5.1, 5;
    %pushi/vec4 0, 0, 32;
    %ix/getv/s 4, v0x602ebb3fe1e0_0;
    %store/vec4a v0x602ebb3fe380, 4, 0;
    %load/vec4 v0x602ebb3fe1e0_0;
    %addi 1, 0, 32;
    %store/vec4 v0x602ebb3fe1e0_0, 0, 32;
    %jmp T_5.0;
T_5.1 ;
    %end;
    .thread T_5;
    .scope S_0x602ebb3fce50;
T_6 ;
    %wait E_0x602ebb3fd1a0;
    %load/vec4 v0x602ebb3fe800_0;
    %flag_set/vec4 9;
    %flag_get/vec4 9;
    %jmp/0 T_6.2, 9;
    %load/vec4 v0x602ebb3fe2c0_0;
    %pad/u 32;
    %pushi/vec4 0, 0, 32;
    %cmp/ne;
    %flag_get/vec4 4;
    %and;
T_6.2;
    %flag_set/vec4 8;
    %jmp/0xz  T_6.0, 8;
    %load/vec4 v0x602ebb3fe740_0;
    %load/vec4 v0x602ebb3fe2c0_0;
    %pad/u 7;
    %ix/vec4 3;
    %ix/load 4, 0, 0; Constant delay
    %assign/vec4/a/d v0x602ebb3fe380, 0, 4;
T_6.0 ;
    %pushi/vec4 0, 0, 32;
    %ix/load 3, 0, 0;
    %flag_set/imm 4, 0;
    %ix/load 4, 0, 0; Constant delay
    %assign/vec4/a/d v0x602ebb3fe380, 0, 4;
    %jmp T_6;
    .thread T_6;
    .scope S_0x602ebb3fa310;
T_7 ;
Ewait_1 .event/or E_0x602ebb3dd9e0, E_0x0;
    %wait Ewait_1;
    %load/vec4 v0x602ebb3fabb0_0;
    %dup/vec4;
    %pushi/vec4 0, 0, 4;
    %cmp/u;
    %jmp/1 T_7.0, 6;
    %dup/vec4;
    %pushi/vec4 1, 0, 4;
    %cmp/u;
    %jmp/1 T_7.1, 6;
    %dup/vec4;
    %pushi/vec4 2, 0, 4;
    %cmp/u;
    %jmp/1 T_7.2, 6;
    %dup/vec4;
    %pushi/vec4 3, 0, 4;
    %cmp/u;
    %jmp/1 T_7.3, 6;
    %dup/vec4;
    %pushi/vec4 4, 0, 4;
    %cmp/u;
    %jmp/1 T_7.4, 6;
    %dup/vec4;
    %pushi/vec4 5, 0, 4;
    %cmp/u;
    %jmp/1 T_7.5, 6;
    %dup/vec4;
    %pushi/vec4 6, 0, 4;
    %cmp/u;
    %jmp/1 T_7.6, 6;
    %dup/vec4;
    %pushi/vec4 7, 0, 4;
    %cmp/u;
    %jmp/1 T_7.7, 6;
    %pushi/vec4 0, 0, 32;
    %store/vec4 v0x602ebb3fac90_0, 0, 32;
    %jmp T_7.9;
T_7.0 ;
    %load/vec4 v0x602ebb3fa9f0_0;
    %load/vec4 v0x602ebb3faae0_0;
    %add;
    %store/vec4 v0x602ebb3fac90_0, 0, 32;
    %jmp T_7.9;
T_7.1 ;
    %load/vec4 v0x602ebb3fa9f0_0;
    %load/vec4 v0x602ebb3faae0_0;
    %sub;
    %store/vec4 v0x602ebb3fac90_0, 0, 32;
    %jmp T_7.9;
T_7.2 ;
    %load/vec4 v0x602ebb3fa9f0_0;
    %load/vec4 v0x602ebb3faae0_0;
    %and;
    %store/vec4 v0x602ebb3fac90_0, 0, 32;
    %jmp T_7.9;
T_7.3 ;
    %load/vec4 v0x602ebb3fa9f0_0;
    %load/vec4 v0x602ebb3faae0_0;
    %or;
    %store/vec4 v0x602ebb3fac90_0, 0, 32;
    %jmp T_7.9;
T_7.4 ;
    %load/vec4 v0x602ebb3fa9f0_0;
    %load/vec4 v0x602ebb3faae0_0;
    %xor;
    %store/vec4 v0x602ebb3fac90_0, 0, 32;
    %jmp T_7.9;
T_7.5 ;
    %load/vec4 v0x602ebb3fa9f0_0;
    %load/vec4 v0x602ebb3faae0_0;
    %mul;
    %store/vec4 v0x602ebb3fac90_0, 0, 32;
    %jmp T_7.9;
T_7.6 ;
    %load/vec4 v0x602ebb3fa9f0_0;
    %load/vec4 v0x602ebb3faae0_0;
    %cmp/s;
    %flag_mov 8, 5;
    %jmp/0 T_7.10, 8;
    %pushi/vec4 1, 0, 32;
    %jmp/1 T_7.11, 8;
T_7.10 ; End of true expr.
    %pushi/vec4 0, 0, 32;
    %jmp/0 T_7.11, 8;
 ; End of false expr.
    %blend;
T_7.11;
    %store/vec4 v0x602ebb3fac90_0, 0, 32;
    %jmp T_7.9;
T_7.7 ;
    %load/vec4 v0x602ebb3fa9f0_0;
    %load/vec4 v0x602ebb3faae0_0;
    %parti/s 5, 0, 2;
    %ix/vec4 4;
    %shiftr/s 4;
    %store/vec4 v0x602ebb3fac90_0, 0, 32;
    %jmp T_7.9;
T_7.9 ;
    %pop/vec4 1;
    %jmp T_7;
    .thread T_7, $push;
    .scope S_0x602ebb3f93c0;
T_8 ;
Ewait_2 .event/or E_0x602ebb3ddac0, E_0x0;
    %wait Ewait_2;
    %load/vec4 v0x602ebb3f9980_0;
    %parti/s 8, 0, 2;
    %store/vec4 v0x602ebb3f9ef0_0, 0, 8;
    %load/vec4 v0x602ebb3f9980_0;
    %parti/s 8, 8, 5;
    %store/vec4 v0x602ebb3f9fd0_0, 0, 8;
    %load/vec4 v0x602ebb3f9980_0;
    %parti/s 8, 16, 6;
    %store/vec4 v0x602ebb3fa0b0_0, 0, 8;
    %load/vec4 v0x602ebb3f9980_0;
    %parti/s 8, 24, 6;
    %store/vec4 v0x602ebb3fa190_0, 0, 8;
    %load/vec4 v0x602ebb3f9890_0;
    %parti/s 8, 0, 2;
    %store/vec4 v0x602ebb3f9b70_0, 0, 8;
    %load/vec4 v0x602ebb3f9890_0;
    %parti/s 8, 8, 5;
    %store/vec4 v0x602ebb3f9c50_0, 0, 8;
    %load/vec4 v0x602ebb3f9890_0;
    %parti/s 8, 16, 6;
    %store/vec4 v0x602ebb3f9d30_0, 0, 8;
    %load/vec4 v0x602ebb3f9890_0;
    %parti/s 8, 24, 6;
    %store/vec4 v0x602ebb3f9e10_0, 0, 8;
    %load/vec4 v0x602ebb3f9ef0_0;
    %pad/s 32;
    %load/vec4 v0x602ebb3f9b70_0;
    %pad/s 32;
    %mul;
    %load/vec4 v0x602ebb3f9fd0_0;
    %pad/s 32;
    %load/vec4 v0x602ebb3f9c50_0;
    %pad/s 32;
    %mul;
    %add;
    %load/vec4 v0x602ebb3fa0b0_0;
    %pad/s 32;
    %load/vec4 v0x602ebb3f9d30_0;
    %pad/s 32;
    %mul;
    %add;
    %load/vec4 v0x602ebb3fa190_0;
    %pad/s 32;
    %load/vec4 v0x602ebb3f9e10_0;
    %pad/s 32;
    %mul;
    %add;
    %load/vec4 v0x602ebb3f96b0_0;
    %add;
    %store/vec4 v0x602ebb3f97b0_0, 0, 32;
    %pushi/vec4 0, 0, 32;
    %load/vec4 v0x602ebb3f97b0_0;
    %cmp/s;
    %flag_get/vec4 4;
    %flag_get/vec4 5;
    %or;
    %store/vec4 v0x602ebb3f9a60_0, 0, 1;
    %jmp T_8;
    .thread T_8, $push;
    .scope S_0x602ebb3f9120;
T_9 ;
    %wait E_0x602ebb3fd1a0;
    %load/vec4 v0x602ebb4002b0_0;
    %flag_set/vec4 8;
    %jmp/0xz  T_9.0, 8;
    %pushi/vec4 0, 0, 32;
    %assign/vec4 v0x602ebb400050_0, 0;
    %pushi/vec4 0, 0, 1;
    %assign/vec4 v0x602ebb3ffc70_0, 0;
    %jmp T_9.1;
T_9.0 ;
    %load/vec4 v0x602ebb3ffc70_0;
    %nor/r;
    %flag_set/vec4 8;
    %jmp/0xz  T_9.2, 8;
    %load/vec4 v0x602ebb3ffba0_0;
    %flag_set/vec4 8;
    %jmp/0xz  T_9.4, 8;
    %pushi/vec4 1, 0, 1;
    %assign/vec4 v0x602ebb3ffc70_0, 0;
    %load/vec4 v0x602ebb400050_0;
    %assign/vec4 v0x602ebb400050_0, 0;
    %jmp T_9.5;
T_9.4 ;
    %load/vec4 v0x602ebb3ffeb0_0;
    %flag_set/vec4 8;
    %jmp/0xz  T_9.6, 8;
    %load/vec4 v0x602ebb400050_0;
    %load/vec4 v0x602ebb3ffd10_0;
    %add;
    %assign/vec4 v0x602ebb400050_0, 0;
    %jmp T_9.7;
T_9.6 ;
    %load/vec4 v0x602ebb400a90_0;
    %flag_set/vec4 8;
    %jmp/0xz  T_9.8, 8;
    %load/vec4 v0x602ebb400050_0;
    %load/vec4 v0x602ebb3ffd10_0;
    %add;
    %assign/vec4 v0x602ebb400050_0, 0;
    %jmp T_9.9;
T_9.8 ;
    %load/vec4 v0x602ebb400050_0;
    %addi 4, 0, 32;
    %assign/vec4 v0x602ebb400050_0, 0;
T_9.9 ;
T_9.7 ;
T_9.5 ;
T_9.2 ;
T_9.1 ;
    %jmp T_9;
    .thread T_9;
    .scope S_0x602ebafff8a0;
T_10 ;
    %pushi/vec4 0, 0, 1;
    %store/vec4 v0x602ebb401060_0, 0, 1;
    %pushi/vec4 1, 0, 1;
    %store/vec4 v0x602ebb401650_0, 0, 1;
    %pushi/vec4 0, 0, 32;
    %store/vec4 v0x602ebb401210_0, 0, 32;
    %end;
    .thread T_10, $init;
    .scope S_0x602ebafff8a0;
T_11 ;
    %pushi/vec4 1048723, 0, 32;
    %ix/load 4, 0, 0;
    %flag_set/imm 4, 0;
    %store/vec4a v0x602ebb3fcd50, 4, 0;
    %pushi/vec4 9437459, 0, 32;
    %ix/load 4, 1, 0;
    %flag_set/imm 4, 0;
    %store/vec4a v0x602ebb3fcd50, 4, 0;
    %pushi/vec4 2097555, 0, 32;
    %ix/load 4, 2, 0;
    %flag_set/imm 4, 0;
    %store/vec4a v0x602ebb3fcd50, 4, 0;
    %pushi/vec4 531, 0, 32;
    %ix/load 4, 3, 0;
    %flag_set/imm 4, 0;
    %store/vec4a v0x602ebb3fcd50, 4, 0;
    %pushi/vec4 3091, 0, 32;
    %ix/load 4, 4, 0;
    %flag_set/imm 4, 0;
    %store/vec4a v0x602ebb3fcd50, 4, 0;
    %pushi/vec4 3219, 0, 32;
    %ix/load 4, 5, 0;
    %flag_set/imm 4, 0;
    %store/vec4a v0x602ebb3fcd50, 4, 0;
    %pushi/vec4 7384851, 0, 32;
    %ix/load 4, 6, 0;
    %flag_set/imm 4, 0;
    %store/vec4a v0x602ebb3fcd50, 4, 0;
    %pushi/vec4 988259, 0, 32;
    %ix/load 4, 7, 0;
    %flag_set/imm 4, 0;
    %store/vec4a v0x602ebb3fcd50, 4, 0;
    %pushi/vec4 138412143, 0, 32;
    %ix/load 4, 8, 0;
    %flag_set/imm 4, 0;
    %store/vec4a v0x602ebb3fcd50, 4, 0;
    %pushi/vec4 5320467, 0, 32;
    %ix/load 4, 9, 0;
    %flag_set/imm 4, 0;
    %store/vec4a v0x602ebb3fcd50, 4, 0;
    %pushi/vec4 988259, 0, 32;
    %ix/load 4, 10, 0;
    %flag_set/imm 4, 0;
    %store/vec4a v0x602ebb3fcd50, 4, 0;
    %pushi/vec4 54526063, 0, 32;
    %ix/load 4, 11, 0;
    %flag_set/imm 4, 0;
    %store/vec4a v0x602ebb3fcd50, 4, 0;
    %pushi/vec4 6336275, 0, 32;
    %ix/load 4, 12, 0;
    %flag_set/imm 4, 0;
    %store/vec4a v0x602ebb3fcd50, 4, 0;
    %pushi/vec4 988259, 0, 32;
    %ix/load 4, 13, 0;
    %flag_set/imm 4, 0;
    %store/vec4a v0x602ebb3fcd50, 4, 0;
    %pushi/vec4 33554543, 0, 32;
    %ix/load 4, 14, 0;
    %flag_set/imm 4, 0;
    %store/vec4a v0x602ebb3fcd50, 4, 0;
    %pushi/vec4 4292980499, 0, 32;
    %ix/load 4, 15, 0;
    %flag_set/imm 4, 0;
    %store/vec4a v0x602ebb3fcd50, 4, 0;
    %pushi/vec4 988259, 0, 32;
    %ix/load 4, 16, 0;
    %flag_set/imm 4, 0;
    %store/vec4a v0x602ebb3fcd50, 4, 0;
    %pushi/vec4 12583023, 0, 32;
    %ix/load 4, 17, 0;
    %flag_set/imm 4, 0;
    %store/vec4a v0x602ebb3fcd50, 4, 0;
    %pushi/vec4 1052563, 0, 32;
    %ix/load 4, 18, 0;
    %flag_set/imm 4, 0;
    %store/vec4a v0x602ebb3fcd50, 4, 0;
    %pushi/vec4 142606447, 0, 32;
    %ix/load 4, 19, 0;
    %flag_set/imm 4, 0;
    %store/vec4a v0x602ebb3fcd50, 4, 0;
    %pushi/vec4 1052563, 0, 32;
    %ix/load 4, 20, 0;
    %flag_set/imm 4, 0;
    %store/vec4a v0x602ebb3fcd50, 4, 0;
    %pushi/vec4 134217839, 0, 32;
    %ix/load 4, 21, 0;
    %flag_set/imm 4, 0;
    %store/vec4a v0x602ebb3fcd50, 4, 0;
    %pushi/vec4 1052563, 0, 32;
    %ix/load 4, 22, 0;
    %flag_set/imm 4, 0;
    %store/vec4a v0x602ebb3fcd50, 4, 0;
    %pushi/vec4 125829231, 0, 32;
    %ix/load 4, 23, 0;
    %flag_set/imm 4, 0;
    %store/vec4a v0x602ebb3fcd50, 4, 0;
    %pushi/vec4 4286721811, 0, 32;
    %ix/load 4, 24, 0;
    %flag_set/imm 4, 0;
    %store/vec4a v0x602ebb3fcd50, 4, 0;
    %pushi/vec4 988259, 0, 32;
    %ix/load 4, 25, 0;
    %flag_set/imm 4, 0;
    %store/vec4a v0x602ebb3fcd50, 4, 0;
    %pushi/vec4 33554543, 0, 32;
    %ix/load 4, 26, 0;
    %flag_set/imm 4, 0;
    %store/vec4a v0x602ebb3fcd50, 4, 0;
    %pushi/vec4 4281478931, 0, 32;
    %ix/load 4, 27, 0;
    %flag_set/imm 4, 0;
    %store/vec4a v0x602ebb3fcd50, 4, 0;
    %pushi/vec4 988259, 0, 32;
    %ix/load 4, 28, 0;
    %flag_set/imm 4, 0;
    %store/vec4a v0x602ebb3fcd50, 4, 0;
    %pushi/vec4 12583023, 0, 32;
    %ix/load 4, 29, 0;
    %flag_set/imm 4, 0;
    %store/vec4a v0x602ebb3fcd50, 4, 0;
    %pushi/vec4 1052563, 0, 32;
    %ix/load 4, 30, 0;
    %flag_set/imm 4, 0;
    %store/vec4a v0x602ebb3fcd50, 4, 0;
    %pushi/vec4 92274799, 0, 32;
    %ix/load 4, 31, 0;
    %flag_set/imm 4, 0;
    %store/vec4a v0x602ebb3fcd50, 4, 0;
    %pushi/vec4 1052563, 0, 32;
    %ix/load 4, 32, 0;
    %flag_set/imm 4, 0;
    %store/vec4a v0x602ebb3fcd50, 4, 0;
    %pushi/vec4 83886191, 0, 32;
    %ix/load 4, 33, 0;
    %flag_set/imm 4, 0;
    %store/vec4a v0x602ebb3fcd50, 4, 0;
    %pushi/vec4 33632019, 0, 32;
    %ix/load 4, 34, 0;
    %flag_set/imm 4, 0;
    %store/vec4a v0x602ebb3fcd50, 4, 0;
    %pushi/vec4 988259, 0, 32;
    %ix/load 4, 35, 0;
    %flag_set/imm 4, 0;
    %store/vec4a v0x602ebb3fcd50, 4, 0;
    %pushi/vec4 12583023, 0, 32;
    %ix/load 4, 36, 0;
    %flag_set/imm 4, 0;
    %store/vec4a v0x602ebb3fcd50, 4, 0;
    %pushi/vec4 3987, 0, 32;
    %ix/load 4, 37, 0;
    %flag_set/imm 4, 0;
    %store/vec4a v0x602ebb3fcd50, 4, 0;
    %pushi/vec4 62914671, 0, 32;
    %ix/load 4, 38, 0;
    %flag_set/imm 4, 0;
    %store/vec4a v0x602ebb3fcd50, 4, 0;
    %pushi/vec4 1052563, 0, 32;
    %ix/load 4, 39, 0;
    %flag_set/imm 4, 0;
    %store/vec4a v0x602ebb3fcd50, 4, 0;
    %pushi/vec4 54526063, 0, 32;
    %ix/load 4, 40, 0;
    %flag_set/imm 4, 0;
    %store/vec4a v0x602ebb3fcd50, 4, 0;
    %pushi/vec4 12693267, 0, 32;
    %ix/load 4, 41, 0;
    %flag_set/imm 4, 0;
    %store/vec4a v0x602ebb3fcd50, 4, 0;
    %pushi/vec4 988259, 0, 32;
    %ix/load 4, 42, 0;
    %flag_set/imm 4, 0;
    %store/vec4a v0x602ebb3fcd50, 4, 0;
    %pushi/vec4 33554543, 0, 32;
    %ix/load 4, 43, 0;
    %flag_set/imm 4, 0;
    %store/vec4a v0x602ebb3fcd50, 4, 0;
    %pushi/vec4 4284559123, 0, 32;
    %ix/load 4, 44, 0;
    %flag_set/imm 4, 0;
    %store/vec4a v0x602ebb3fcd50, 4, 0;
    %pushi/vec4 988259, 0, 32;
    %ix/load 4, 45, 0;
    %flag_set/imm 4, 0;
    %store/vec4a v0x602ebb3fcd50, 4, 0;
    %pushi/vec4 12583023, 0, 32;
    %ix/load 4, 46, 0;
    %flag_set/imm 4, 0;
    %store/vec4a v0x602ebb3fcd50, 4, 0;
    %pushi/vec4 1052563, 0, 32;
    %ix/load 4, 47, 0;
    %flag_set/imm 4, 0;
    %store/vec4a v0x602ebb3fcd50, 4, 0;
    %pushi/vec4 20971631, 0, 32;
    %ix/load 4, 48, 0;
    %flag_set/imm 4, 0;
    %store/vec4a v0x602ebb3fcd50, 4, 0;
    %pushi/vec4 3987, 0, 32;
    %ix/load 4, 49, 0;
    %flag_set/imm 4, 0;
    %store/vec4a v0x602ebb3fcd50, 4, 0;
    %pushi/vec4 12583023, 0, 32;
    %ix/load 4, 50, 0;
    %flag_set/imm 4, 0;
    %store/vec4a v0x602ebb3fcd50, 4, 0;
    %pushi/vec4 3987, 0, 32;
    %ix/load 4, 51, 0;
    %flag_set/imm 4, 0;
    %store/vec4a v0x602ebb3fcd50, 4, 0;
    %pushi/vec4 4194415, 0, 32;
    %ix/load 4, 52, 0;
    %flag_set/imm 4, 0;
    %store/vec4a v0x602ebb3fcd50, 4, 0;
    %pushi/vec4 3731, 0, 32;
    %ix/load 4, 53, 0;
    %flag_set/imm 4, 0;
    %store/vec4a v0x602ebb3fcd50, 4, 0;
    %pushi/vec4 31425635, 0, 32;
    %ix/load 4, 54, 0;
    %flag_set/imm 4, 0;
    %store/vec4a v0x602ebb3fcd50, 4, 0;
    %pushi/vec4 12583023, 0, 32;
    %ix/load 4, 55, 0;
    %flag_set/imm 4, 0;
    %store/vec4a v0x602ebb3fcd50, 4, 0;
    %pushi/vec4 1838099, 0, 32;
    %ix/load 4, 56, 0;
    %flag_set/imm 4, 0;
    %store/vec4a v0x602ebb3fcd50, 4, 0;
    %pushi/vec4 25165935, 0, 32;
    %ix/load 4, 57, 0;
    %flag_set/imm 4, 0;
    %store/vec4a v0x602ebb3fcd50, 4, 0;
    %pushi/vec4 1052307, 0, 32;
    %ix/load 4, 58, 0;
    %flag_set/imm 4, 0;
    %store/vec4a v0x602ebb3fcd50, 4, 0;
    %pushi/vec4 31425635, 0, 32;
    %ix/load 4, 59, 0;
    %flag_set/imm 4, 0;
    %store/vec4a v0x602ebb3fcd50, 4, 0;
    %pushi/vec4 12583023, 0, 32;
    %ix/load 4, 60, 0;
    %flag_set/imm 4, 0;
    %store/vec4a v0x602ebb3fcd50, 4, 0;
    %pushi/vec4 1870995, 0, 32;
    %ix/load 4, 61, 0;
    %flag_set/imm 4, 0;
    %store/vec4a v0x602ebb3fcd50, 4, 0;
    %pushi/vec4 4194415, 0, 32;
    %ix/load 4, 62, 0;
    %flag_set/imm 4, 0;
    %store/vec4a v0x602ebb3fcd50, 4, 0;
    %pushi/vec4 8433427, 0, 32;
    %ix/load 4, 63, 0;
    %flag_set/imm 4, 0;
    %store/vec4a v0x602ebb3fcd50, 4, 0;
    %pushi/vec4 988259, 0, 32;
    %ix/load 4, 64, 0;
    %flag_set/imm 4, 0;
    %store/vec4a v0x602ebb3fcd50, 4, 0;
    %pushi/vec4 138412143, 0, 32;
    %ix/load 4, 65, 0;
    %flag_set/imm 4, 0;
    %store/vec4a v0x602ebb3fcd50, 4, 0;
    %pushi/vec4 2174739, 0, 32;
    %ix/load 4, 66, 0;
    %flag_set/imm 4, 0;
    %store/vec4a v0x602ebb3fcd50, 4, 0;
    %pushi/vec4 988259, 0, 32;
    %ix/load 4, 67, 0;
    %flag_set/imm 4, 0;
    %store/vec4a v0x602ebb3fcd50, 4, 0;
    %pushi/vec4 54526063, 0, 32;
    %ix/load 4, 68, 0;
    %flag_set/imm 4, 0;
    %store/vec4a v0x602ebb3fcd50, 4, 0;
    %pushi/vec4 4337427, 0, 32;
    %ix/load 4, 69, 0;
    %flag_set/imm 4, 0;
    %store/vec4a v0x602ebb3fcd50, 4, 0;
    %pushi/vec4 988259, 0, 32;
    %ix/load 4, 70, 0;
    %flag_set/imm 4, 0;
    %store/vec4a v0x602ebb3fcd50, 4, 0;
    %pushi/vec4 33554543, 0, 32;
    %ix/load 4, 71, 0;
    %flag_set/imm 4, 0;
    %store/vec4a v0x602ebb3fcd50, 4, 0;
    %pushi/vec4 4284559123, 0, 32;
    %ix/load 4, 72, 0;
    %flag_set/imm 4, 0;
    %store/vec4a v0x602ebb3fcd50, 4, 0;
    %pushi/vec4 988259, 0, 32;
    %ix/load 4, 73, 0;
    %flag_set/imm 4, 0;
    %store/vec4a v0x602ebb3fcd50, 4, 0;
    %pushi/vec4 12583023, 0, 32;
    %ix/load 4, 74, 0;
    %flag_set/imm 4, 0;
    %store/vec4a v0x602ebb3fcd50, 4, 0;
    %pushi/vec4 1052563, 0, 32;
    %ix/load 4, 75, 0;
    %flag_set/imm 4, 0;
    %store/vec4a v0x602ebb3fcd50, 4, 0;
    %pushi/vec4 142606447, 0, 32;
    %ix/load 4, 76, 0;
    %flag_set/imm 4, 0;
    %store/vec4a v0x602ebb3fcd50, 4, 0;
    %pushi/vec4 1052563, 0, 32;
    %ix/load 4, 77, 0;
    %flag_set/imm 4, 0;
    %store/vec4a v0x602ebb3fcd50, 4, 0;
    %pushi/vec4 134217839, 0, 32;
    %ix/load 4, 78, 0;
    %flag_set/imm 4, 0;
    %store/vec4a v0x602ebb3fcd50, 4, 0;
    %pushi/vec4 1052563, 0, 32;
    %ix/load 4, 79, 0;
    %flag_set/imm 4, 0;
    %store/vec4a v0x602ebb3fcd50, 4, 0;
    %pushi/vec4 125829231, 0, 32;
    %ix/load 4, 80, 0;
    %flag_set/imm 4, 0;
    %store/vec4a v0x602ebb3fcd50, 4, 0;
    %pushi/vec4 4292980499, 0, 32;
    %ix/load 4, 81, 0;
    %flag_set/imm 4, 0;
    %store/vec4a v0x602ebb3fcd50, 4, 0;
    %pushi/vec4 988259, 0, 32;
    %ix/load 4, 82, 0;
    %flag_set/imm 4, 0;
    %store/vec4a v0x602ebb3fcd50, 4, 0;
    %pushi/vec4 33554543, 0, 32;
    %ix/load 4, 83, 0;
    %flag_set/imm 4, 0;
    %store/vec4a v0x602ebb3fcd50, 4, 0;
    %pushi/vec4 4287737619, 0, 32;
    %ix/load 4, 84, 0;
    %flag_set/imm 4, 0;
    %store/vec4a v0x602ebb3fcd50, 4, 0;
    %pushi/vec4 988259, 0, 32;
    %ix/load 4, 85, 0;
    %flag_set/imm 4, 0;
    %store/vec4a v0x602ebb3fcd50, 4, 0;
    %pushi/vec4 12583023, 0, 32;
    %ix/load 4, 86, 0;
    %flag_set/imm 4, 0;
    %store/vec4a v0x602ebb3fcd50, 4, 0;
    %pushi/vec4 1052563, 0, 32;
    %ix/load 4, 87, 0;
    %flag_set/imm 4, 0;
    %store/vec4a v0x602ebb3fcd50, 4, 0;
    %pushi/vec4 92274799, 0, 32;
    %ix/load 4, 88, 0;
    %flag_set/imm 4, 0;
    %store/vec4a v0x602ebb3fcd50, 4, 0;
    %pushi/vec4 1052563, 0, 32;
    %ix/load 4, 89, 0;
    %flag_set/imm 4, 0;
    %store/vec4a v0x602ebb3fcd50, 4, 0;
    %pushi/vec4 83886191, 0, 32;
    %ix/load 4, 90, 0;
    %flag_set/imm 4, 0;
    %store/vec4a v0x602ebb3fcd50, 4, 0;
    %pushi/vec4 2240275, 0, 32;
    %ix/load 4, 91, 0;
    %flag_set/imm 4, 0;
    %store/vec4a v0x602ebb3fcd50, 4, 0;
    %pushi/vec4 988259, 0, 32;
    %ix/load 4, 92, 0;
    %flag_set/imm 4, 0;
    %store/vec4a v0x602ebb3fcd50, 4, 0;
    %pushi/vec4 12583023, 0, 32;
    %ix/load 4, 93, 0;
    %flag_set/imm 4, 0;
    %store/vec4a v0x602ebb3fcd50, 4, 0;
    %pushi/vec4 3987, 0, 32;
    %ix/load 4, 94, 0;
    %flag_set/imm 4, 0;
    %store/vec4a v0x602ebb3fcd50, 4, 0;
    %pushi/vec4 62914671, 0, 32;
    %ix/load 4, 95, 0;
    %flag_set/imm 4, 0;
    %store/vec4a v0x602ebb3fcd50, 4, 0;
    %pushi/vec4 3987, 0, 32;
    %ix/load 4, 96, 0;
    %flag_set/imm 4, 0;
    %store/vec4a v0x602ebb3fcd50, 4, 0;
    %pushi/vec4 54526063, 0, 32;
    %ix/load 4, 97, 0;
    %flag_set/imm 4, 0;
    %store/vec4a v0x602ebb3fcd50, 4, 0;
    %pushi/vec4 13741843, 0, 32;
    %ix/load 4, 98, 0;
    %flag_set/imm 4, 0;
    %store/vec4a v0x602ebb3fcd50, 4, 0;
    %pushi/vec4 988259, 0, 32;
    %ix/load 4, 99, 0;
    %flag_set/imm 4, 0;
    %store/vec4a v0x602ebb3fcd50, 4, 0;
    %pushi/vec4 33554543, 0, 32;
    %ix/load 4, 100, 0;
    %flag_set/imm 4, 0;
    %store/vec4a v0x602ebb3fcd50, 4, 0;
    %pushi/vec4 4293996307, 0, 32;
    %ix/load 4, 101, 0;
    %flag_set/imm 4, 0;
    %store/vec4a v0x602ebb3fcd50, 4, 0;
    %pushi/vec4 988259, 0, 32;
    %ix/load 4, 102, 0;
    %flag_set/imm 4, 0;
    %store/vec4a v0x602ebb3fcd50, 4, 0;
    %pushi/vec4 12583023, 0, 32;
    %ix/load 4, 103, 0;
    %flag_set/imm 4, 0;
    %store/vec4a v0x602ebb3fcd50, 4, 0;
    %pushi/vec4 1052563, 0, 32;
    %ix/load 4, 104, 0;
    %flag_set/imm 4, 0;
    %store/vec4a v0x602ebb3fcd50, 4, 0;
    %pushi/vec4 20971631, 0, 32;
    %ix/load 4, 105, 0;
    %flag_set/imm 4, 0;
    %store/vec4a v0x602ebb3fcd50, 4, 0;
    %pushi/vec4 3987, 0, 32;
    %ix/load 4, 106, 0;
    %flag_set/imm 4, 0;
    %store/vec4a v0x602ebb3fcd50, 4, 0;
    %pushi/vec4 12583023, 0, 32;
    %ix/load 4, 107, 0;
    %flag_set/imm 4, 0;
    %store/vec4a v0x602ebb3fcd50, 4, 0;
    %pushi/vec4 3987, 0, 32;
    %ix/load 4, 108, 0;
    %flag_set/imm 4, 0;
    %store/vec4a v0x602ebb3fcd50, 4, 0;
    %pushi/vec4 4194415, 0, 32;
    %ix/load 4, 109, 0;
    %flag_set/imm 4, 0;
    %store/vec4a v0x602ebb3fcd50, 4, 0;
    %pushi/vec4 3731, 0, 32;
    %ix/load 4, 110, 0;
    %flag_set/imm 4, 0;
    %store/vec4a v0x602ebb3fcd50, 4, 0;
    %pushi/vec4 31425635, 0, 32;
    %ix/load 4, 111, 0;
    %flag_set/imm 4, 0;
    %store/vec4a v0x602ebb3fcd50, 4, 0;
    %pushi/vec4 12583023, 0, 32;
    %ix/load 4, 112, 0;
    %flag_set/imm 4, 0;
    %store/vec4a v0x602ebb3fcd50, 4, 0;
    %pushi/vec4 1838099, 0, 32;
    %ix/load 4, 113, 0;
    %flag_set/imm 4, 0;
    %store/vec4a v0x602ebb3fcd50, 4, 0;
    %pushi/vec4 25165935, 0, 32;
    %ix/load 4, 114, 0;
    %flag_set/imm 4, 0;
    %store/vec4a v0x602ebb3fcd50, 4, 0;
    %pushi/vec4 1052307, 0, 32;
    %ix/load 4, 115, 0;
    %flag_set/imm 4, 0;
    %store/vec4a v0x602ebb3fcd50, 4, 0;
    %pushi/vec4 31425635, 0, 32;
    %ix/load 4, 116, 0;
    %flag_set/imm 4, 0;
    %store/vec4a v0x602ebb3fcd50, 4, 0;
    %pushi/vec4 12583023, 0, 32;
    %ix/load 4, 117, 0;
    %flag_set/imm 4, 0;
    %store/vec4a v0x602ebb3fcd50, 4, 0;
    %pushi/vec4 1870995, 0, 32;
    %ix/load 4, 118, 0;
    %flag_set/imm 4, 0;
    %store/vec4a v0x602ebb3fcd50, 4, 0;
    %pushi/vec4 4194415, 0, 32;
    %ix/load 4, 119, 0;
    %flag_set/imm 4, 0;
    %store/vec4a v0x602ebb3fcd50, 4, 0;
    %pushi/vec4 4337427, 0, 32;
    %ix/load 4, 120, 0;
    %flag_set/imm 4, 0;
    %store/vec4a v0x602ebb3fcd50, 4, 0;
    %pushi/vec4 988259, 0, 32;
    %ix/load 4, 121, 0;
    %flag_set/imm 4, 0;
    %store/vec4a v0x602ebb3fcd50, 4, 0;
    %pushi/vec4 159383663, 0, 32;
    %ix/load 4, 122, 0;
    %flag_set/imm 4, 0;
    %store/vec4a v0x602ebb3fcd50, 4, 0;
    %pushi/vec4 4291964691, 0, 32;
    %ix/load 4, 123, 0;
    %flag_set/imm 4, 0;
    %store/vec4a v0x602ebb3fcd50, 4, 0;
    %pushi/vec4 988259, 0, 32;
    %ix/load 4, 124, 0;
    %flag_set/imm 4, 0;
    %store/vec4a v0x602ebb3fcd50, 4, 0;
    %pushi/vec4 75497583, 0, 32;
    %ix/load 4, 125, 0;
    %flag_set/imm 4, 0;
    %store/vec4a v0x602ebb3fcd50, 4, 0;
    %pushi/vec4 4284624659, 0, 32;
    %ix/load 4, 126, 0;
    %flag_set/imm 4, 0;
    %store/vec4a v0x602ebb3fcd50, 4, 0;
    %pushi/vec4 988259, 0, 32;
    %ix/load 4, 127, 0;
    %flag_set/imm 4, 0;
    %store/vec4a v0x602ebb3fcd50, 4, 0;
    %pushi/vec4 33554543, 0, 32;
    %ix/load 4, 128, 0;
    %flag_set/imm 4, 0;
    %store/vec4a v0x602ebb3fcd50, 4, 0;
    %pushi/vec4 4281446163, 0, 32;
    %ix/load 4, 129, 0;
    %flag_set/imm 4, 0;
    %store/vec4a v0x602ebb3fcd50, 4, 0;
    %pushi/vec4 988259, 0, 32;
    %ix/load 4, 130, 0;
    %flag_set/imm 4, 0;
    %store/vec4a v0x602ebb3fcd50, 4, 0;
    %pushi/vec4 12583023, 0, 32;
    %ix/load 4, 131, 0;
    %flag_set/imm 4, 0;
    %store/vec4a v0x602ebb3fcd50, 4, 0;
    %pushi/vec4 1052563, 0, 32;
    %ix/load 4, 132, 0;
    %flag_set/imm 4, 0;
    %store/vec4a v0x602ebb3fcd50, 4, 0;
    %pushi/vec4 184549487, 0, 32;
    %ix/load 4, 133, 0;
    %flag_set/imm 4, 0;
    %store/vec4a v0x602ebb3fcd50, 4, 0;
    %pushi/vec4 1052563, 0, 32;
    %ix/load 4, 134, 0;
    %flag_set/imm 4, 0;
    %store/vec4a v0x602ebb3fcd50, 4, 0;
    %pushi/vec4 176160879, 0, 32;
    %ix/load 4, 135, 0;
    %flag_set/imm 4, 0;
    %store/vec4a v0x602ebb3fcd50, 4, 0;
    %pushi/vec4 4284624659, 0, 32;
    %ix/load 4, 136, 0;
    %flag_set/imm 4, 0;
    %store/vec4a v0x602ebb3fcd50, 4, 0;
    %pushi/vec4 988259, 0, 32;
    %ix/load 4, 137, 0;
    %flag_set/imm 4, 0;
    %store/vec4a v0x602ebb3fcd50, 4, 0;
    %pushi/vec4 12583023, 0, 32;
    %ix/load 4, 138, 0;
    %flag_set/imm 4, 0;
    %store/vec4a v0x602ebb3fcd50, 4, 0;
    %pushi/vec4 3987, 0, 32;
    %ix/load 4, 139, 0;
    %flag_set/imm 4, 0;
    %store/vec4a v0x602ebb3fcd50, 4, 0;
    %pushi/vec4 155189359, 0, 32;
    %ix/load 4, 140, 0;
    %flag_set/imm 4, 0;
    %store/vec4a v0x602ebb3fcd50, 4, 0;
    %pushi/vec4 1052563, 0, 32;
    %ix/load 4, 141, 0;
    %flag_set/imm 4, 0;
    %store/vec4a v0x602ebb3fcd50, 4, 0;
    %pushi/vec4 146800751, 0, 32;
    %ix/load 4, 142, 0;
    %flag_set/imm 4, 0;
    %store/vec4a v0x602ebb3fcd50, 4, 0;
    %pushi/vec4 9514771, 0, 32;
    %ix/load 4, 143, 0;
    %flag_set/imm 4, 0;
    %store/vec4a v0x602ebb3fcd50, 4, 0;
    %pushi/vec4 988259, 0, 32;
    %ix/load 4, 144, 0;
    %flag_set/imm 4, 0;
    %store/vec4a v0x602ebb3fcd50, 4, 0;
    %pushi/vec4 33554543, 0, 32;
    %ix/load 4, 145, 0;
    %flag_set/imm 4, 0;
    %store/vec4a v0x602ebb3fcd50, 4, 0;
    %pushi/vec4 110355, 0, 32;
    %ix/load 4, 146, 0;
    %flag_set/imm 4, 0;
    %store/vec4a v0x602ebb3fcd50, 4, 0;
    %pushi/vec4 988259, 0, 32;
    %ix/load 4, 147, 0;
    %flag_set/imm 4, 0;
    %store/vec4a v0x602ebb3fcd50, 4, 0;
    %pushi/vec4 12583023, 0, 32;
    %ix/load 4, 148, 0;
    %flag_set/imm 4, 0;
    %store/vec4a v0x602ebb3fcd50, 4, 0;
    %pushi/vec4 1052563, 0, 32;
    %ix/load 4, 149, 0;
    %flag_set/imm 4, 0;
    %store/vec4a v0x602ebb3fcd50, 4, 0;
    %pushi/vec4 113246319, 0, 32;
    %ix/load 4, 150, 0;
    %flag_set/imm 4, 0;
    %store/vec4a v0x602ebb3fcd50, 4, 0;
    %pushi/vec4 1052563, 0, 32;
    %ix/load 4, 151, 0;
    %flag_set/imm 4, 0;
    %store/vec4a v0x602ebb3fcd50, 4, 0;
    %pushi/vec4 104857711, 0, 32;
    %ix/load 4, 152, 0;
    %flag_set/imm 4, 0;
    %store/vec4a v0x602ebb3fcd50, 4, 0;
    %pushi/vec4 3256083, 0, 32;
    %ix/load 4, 153, 0;
    %flag_set/imm 4, 0;
    %store/vec4a v0x602ebb3fcd50, 4, 0;
    %pushi/vec4 988259, 0, 32;
    %ix/load 4, 154, 0;
    %flag_set/imm 4, 0;
    %store/vec4a v0x602ebb3fcd50, 4, 0;
    %pushi/vec4 12583023, 0, 32;
    %ix/load 4, 155, 0;
    %flag_set/imm 4, 0;
    %store/vec4a v0x602ebb3fcd50, 4, 0;
    %pushi/vec4 3987, 0, 32;
    %ix/load 4, 156, 0;
    %flag_set/imm 4, 0;
    %store/vec4a v0x602ebb3fcd50, 4, 0;
    %pushi/vec4 83886191, 0, 32;
    %ix/load 4, 157, 0;
    %flag_set/imm 4, 0;
    %store/vec4a v0x602ebb3fcd50, 4, 0;
    %pushi/vec4 3987, 0, 32;
    %ix/load 4, 158, 0;
    %flag_set/imm 4, 0;
    %store/vec4a v0x602ebb3fcd50, 4, 0;
    %pushi/vec4 75497583, 0, 32;
    %ix/load 4, 159, 0;
    %flag_set/imm 4, 0;
    %store/vec4a v0x602ebb3fcd50, 4, 0;
    %pushi/vec4 13741843, 0, 32;
    %ix/load 4, 160, 0;
    %flag_set/imm 4, 0;
    %store/vec4a v0x602ebb3fcd50, 4, 0;
    %pushi/vec4 988259, 0, 32;
    %ix/load 4, 161, 0;
    %flag_set/imm 4, 0;
    %store/vec4a v0x602ebb3fcd50, 4, 0;
    %pushi/vec4 54526063, 0, 32;
    %ix/load 4, 162, 0;
    %flag_set/imm 4, 0;
    %store/vec4a v0x602ebb3fcd50, 4, 0;
    %pushi/vec4 4281413395, 0, 32;
    %ix/load 4, 163, 0;
    %flag_set/imm 4, 0;
    %store/vec4a v0x602ebb3fcd50, 4, 0;
    %pushi/vec4 988259, 0, 32;
    %ix/load 4, 164, 0;
    %flag_set/imm 4, 0;
    %store/vec4a v0x602ebb3fcd50, 4, 0;
    %pushi/vec4 12583023, 0, 32;
    %ix/load 4, 165, 0;
    %flag_set/imm 4, 0;
    %store/vec4a v0x602ebb3fcd50, 4, 0;
    %pushi/vec4 1052563, 0, 32;
    %ix/load 4, 166, 0;
    %flag_set/imm 4, 0;
    %store/vec4a v0x602ebb3fcd50, 4, 0;
    %pushi/vec4 41943151, 0, 32;
    %ix/load 4, 167, 0;
    %flag_set/imm 4, 0;
    %store/vec4a v0x602ebb3fcd50, 4, 0;
    %pushi/vec4 11579155, 0, 32;
    %ix/load 4, 168, 0;
    %flag_set/imm 4, 0;
    %store/vec4a v0x602ebb3fcd50, 4, 0;
    %pushi/vec4 988259, 0, 32;
    %ix/load 4, 169, 0;
    %flag_set/imm 4, 0;
    %store/vec4a v0x602ebb3fcd50, 4, 0;
    %pushi/vec4 12583023, 0, 32;
    %ix/load 4, 170, 0;
    %flag_set/imm 4, 0;
    %store/vec4a v0x602ebb3fcd50, 4, 0;
    %pushi/vec4 3987, 0, 32;
    %ix/load 4, 171, 0;
    %flag_set/imm 4, 0;
    %store/vec4a v0x602ebb3fcd50, 4, 0;
    %pushi/vec4 20971631, 0, 32;
    %ix/load 4, 172, 0;
    %flag_set/imm 4, 0;
    %store/vec4a v0x602ebb3fcd50, 4, 0;
    %pushi/vec4 3987, 0, 32;
    %ix/load 4, 173, 0;
    %flag_set/imm 4, 0;
    %store/vec4a v0x602ebb3fcd50, 4, 0;
    %pushi/vec4 12583023, 0, 32;
    %ix/load 4, 174, 0;
    %flag_set/imm 4, 0;
    %store/vec4a v0x602ebb3fcd50, 4, 0;
    %pushi/vec4 3987, 0, 32;
    %ix/load 4, 175, 0;
    %flag_set/imm 4, 0;
    %store/vec4a v0x602ebb3fcd50, 4, 0;
    %pushi/vec4 4194415, 0, 32;
    %ix/load 4, 176, 0;
    %flag_set/imm 4, 0;
    %store/vec4a v0x602ebb3fcd50, 4, 0;
    %pushi/vec4 3731, 0, 32;
    %ix/load 4, 177, 0;
    %flag_set/imm 4, 0;
    %store/vec4a v0x602ebb3fcd50, 4, 0;
    %pushi/vec4 31425635, 0, 32;
    %ix/load 4, 178, 0;
    %flag_set/imm 4, 0;
    %store/vec4a v0x602ebb3fcd50, 4, 0;
    %pushi/vec4 12583023, 0, 32;
    %ix/load 4, 179, 0;
    %flag_set/imm 4, 0;
    %store/vec4a v0x602ebb3fcd50, 4, 0;
    %pushi/vec4 1838099, 0, 32;
    %ix/load 4, 180, 0;
    %flag_set/imm 4, 0;
    %store/vec4a v0x602ebb3fcd50, 4, 0;
    %pushi/vec4 25165935, 0, 32;
    %ix/load 4, 181, 0;
    %flag_set/imm 4, 0;
    %store/vec4a v0x602ebb3fcd50, 4, 0;
    %pushi/vec4 1052307, 0, 32;
    %ix/load 4, 182, 0;
    %flag_set/imm 4, 0;
    %store/vec4a v0x602ebb3fcd50, 4, 0;
    %pushi/vec4 31425635, 0, 32;
    %ix/load 4, 183, 0;
    %flag_set/imm 4, 0;
    %store/vec4a v0x602ebb3fcd50, 4, 0;
    %pushi/vec4 12583023, 0, 32;
    %ix/load 4, 184, 0;
    %flag_set/imm 4, 0;
    %store/vec4a v0x602ebb3fcd50, 4, 0;
    %pushi/vec4 1870995, 0, 32;
    %ix/load 4, 185, 0;
    %flag_set/imm 4, 0;
    %store/vec4a v0x602ebb3fcd50, 4, 0;
    %pushi/vec4 4194415, 0, 32;
    %ix/load 4, 186, 0;
    %flag_set/imm 4, 0;
    %store/vec4a v0x602ebb3fcd50, 4, 0;
    %pushi/vec4 4337427, 0, 32;
    %ix/load 4, 187, 0;
    %flag_set/imm 4, 0;
    %store/vec4a v0x602ebb3fcd50, 4, 0;
    %pushi/vec4 988259, 0, 32;
    %ix/load 4, 188, 0;
    %flag_set/imm 4, 0;
    %store/vec4a v0x602ebb3fcd50, 4, 0;
    %pushi/vec4 159383663, 0, 32;
    %ix/load 4, 189, 0;
    %flag_set/imm 4, 0;
    %store/vec4a v0x602ebb3fcd50, 4, 0;
    %pushi/vec4 9514771, 0, 32;
    %ix/load 4, 190, 0;
    %flag_set/imm 4, 0;
    %store/vec4a v0x602ebb3fcd50, 4, 0;
    %pushi/vec4 988259, 0, 32;
    %ix/load 4, 191, 0;
    %flag_set/imm 4, 0;
    %store/vec4a v0x602ebb3fcd50, 4, 0;
    %pushi/vec4 75497583, 0, 32;
    %ix/load 4, 192, 0;
    %flag_set/imm 4, 0;
    %store/vec4a v0x602ebb3fcd50, 4, 0;
    %pushi/vec4 110355, 0, 32;
    %ix/load 4, 193, 0;
    %flag_set/imm 4, 0;
    %store/vec4a v0x602ebb3fcd50, 4, 0;
    %pushi/vec4 988259, 0, 32;
    %ix/load 4, 194, 0;
    %flag_set/imm 4, 0;
    %store/vec4a v0x602ebb3fcd50, 4, 0;
    %pushi/vec4 33554543, 0, 32;
    %ix/load 4, 195, 0;
    %flag_set/imm 4, 0;
    %store/vec4a v0x602ebb3fcd50, 4, 0;
    %pushi/vec4 4280364819, 0, 32;
    %ix/load 4, 196, 0;
    %flag_set/imm 4, 0;
    %store/vec4a v0x602ebb3fcd50, 4, 0;
    %pushi/vec4 988259, 0, 32;
    %ix/load 4, 197, 0;
    %flag_set/imm 4, 0;
    %store/vec4a v0x602ebb3fcd50, 4, 0;
    %pushi/vec4 12583023, 0, 32;
    %ix/load 4, 198, 0;
    %flag_set/imm 4, 0;
    %store/vec4a v0x602ebb3fcd50, 4, 0;
    %pushi/vec4 1052563, 0, 32;
    %ix/load 4, 199, 0;
    %flag_set/imm 4, 0;
    %store/vec4a v0x602ebb3fcd50, 4, 0;
    %pushi/vec4 184549487, 0, 32;
    %ix/load 4, 200, 0;
    %flag_set/imm 4, 0;
    %store/vec4a v0x602ebb3fcd50, 4, 0;
    %pushi/vec4 1052563, 0, 32;
    %ix/load 4, 201, 0;
    %flag_set/imm 4, 0;
    %store/vec4a v0x602ebb3fcd50, 4, 0;
    %pushi/vec4 176160879, 0, 32;
    %ix/load 4, 202, 0;
    %flag_set/imm 4, 0;
    %store/vec4a v0x602ebb3fcd50, 4, 0;
    %pushi/vec4 2207507, 0, 32;
    %ix/load 4, 203, 0;
    %flag_set/imm 4, 0;
    %store/vec4a v0x602ebb3fcd50, 4, 0;
    %pushi/vec4 988259, 0, 32;
    %ix/load 4, 204, 0;
    %flag_set/imm 4, 0;
    %store/vec4a v0x602ebb3fcd50, 4, 0;
    %pushi/vec4 12583023, 0, 32;
    %ix/load 4, 205, 0;
    %flag_set/imm 4, 0;
    %store/vec4a v0x602ebb3fcd50, 4, 0;
    %pushi/vec4 3987, 0, 32;
    %ix/load 4, 206, 0;
    %flag_set/imm 4, 0;
    %store/vec4a v0x602ebb3fcd50, 4, 0;
    %pushi/vec4 155189359, 0, 32;
    %ix/load 4, 207, 0;
    %flag_set/imm 4, 0;
    %store/vec4a v0x602ebb3fcd50, 4, 0;
    %pushi/vec4 1052563, 0, 32;
    %ix/load 4, 208, 0;
    %flag_set/imm 4, 0;
    %store/vec4a v0x602ebb3fcd50, 4, 0;
    %pushi/vec4 146800751, 0, 32;
    %ix/load 4, 209, 0;
    %flag_set/imm 4, 0;
    %store/vec4a v0x602ebb3fcd50, 4, 0;
    %pushi/vec4 4286721811, 0, 32;
    %ix/load 4, 210, 0;
    %flag_set/imm 4, 0;
    %store/vec4a v0x602ebb3fcd50, 4, 0;
    %pushi/vec4 988259, 0, 32;
    %ix/load 4, 211, 0;
    %flag_set/imm 4, 0;
    %store/vec4a v0x602ebb3fcd50, 4, 0;
    %pushi/vec4 33554543, 0, 32;
    %ix/load 4, 212, 0;
    %flag_set/imm 4, 0;
    %store/vec4a v0x602ebb3fcd50, 4, 0;
    %pushi/vec4 11611923, 0, 32;
    %ix/load 4, 213, 0;
    %flag_set/imm 4, 0;
    %store/vec4a v0x602ebb3fcd50, 4, 0;
    %pushi/vec4 988259, 0, 32;
    %ix/load 4, 214, 0;
    %flag_set/imm 4, 0;
    %store/vec4a v0x602ebb3fcd50, 4, 0;
    %pushi/vec4 12583023, 0, 32;
    %ix/load 4, 215, 0;
    %flag_set/imm 4, 0;
    %store/vec4a v0x602ebb3fcd50, 4, 0;
    %pushi/vec4 1052563, 0, 32;
    %ix/load 4, 216, 0;
    %flag_set/imm 4, 0;
    %store/vec4a v0x602ebb3fcd50, 4, 0;
    %pushi/vec4 113246319, 0, 32;
    %ix/load 4, 217, 0;
    %flag_set/imm 4, 0;
    %store/vec4a v0x602ebb3fcd50, 4, 0;
    %pushi/vec4 1052563, 0, 32;
    %ix/load 4, 218, 0;
    %flag_set/imm 4, 0;
    %store/vec4a v0x602ebb3fcd50, 4, 0;
    %pushi/vec4 104857711, 0, 32;
    %ix/load 4, 219, 0;
    %flag_set/imm 4, 0;
    %store/vec4a v0x602ebb3fcd50, 4, 0;
    %pushi/vec4 4293013267, 0, 32;
    %ix/load 4, 220, 0;
    %flag_set/imm 4, 0;
    %store/vec4a v0x602ebb3fcd50, 4, 0;
    %pushi/vec4 988259, 0, 32;
    %ix/load 4, 221, 0;
    %flag_set/imm 4, 0;
    %store/vec4a v0x602ebb3fcd50, 4, 0;
    %pushi/vec4 12583023, 0, 32;
    %ix/load 4, 222, 0;
    %flag_set/imm 4, 0;
    %store/vec4a v0x602ebb3fcd50, 4, 0;
    %pushi/vec4 1052563, 0, 32;
    %ix/load 4, 223, 0;
    %flag_set/imm 4, 0;
    %store/vec4a v0x602ebb3fcd50, 4, 0;
    %pushi/vec4 83886191, 0, 32;
    %ix/load 4, 224, 0;
    %flag_set/imm 4, 0;
    %store/vec4a v0x602ebb3fcd50, 4, 0;
    %pushi/vec4 3987, 0, 32;
    %ix/load 4, 225, 0;
    %flag_set/imm 4, 0;
    %store/vec4a v0x602ebb3fcd50, 4, 0;
    %pushi/vec4 75497583, 0, 32;
    %ix/load 4, 226, 0;
    %flag_set/imm 4, 0;
    %store/vec4a v0x602ebb3fcd50, 4, 0;
    %pushi/vec4 13741843, 0, 32;
    %ix/load 4, 227, 0;
    %flag_set/imm 4, 0;
    %store/vec4a v0x602ebb3fcd50, 4, 0;
    %pushi/vec4 988259, 0, 32;
    %ix/load 4, 228, 0;
    %flag_set/imm 4, 0;
    %store/vec4a v0x602ebb3fcd50, 4, 0;
    %pushi/vec4 54526063, 0, 32;
    %ix/load 4, 229, 0;
    %flag_set/imm 4, 0;
    %store/vec4a v0x602ebb3fcd50, 4, 0;
    %pushi/vec4 7483155, 0, 32;
    %ix/load 4, 230, 0;
    %flag_set/imm 4, 0;
    %store/vec4a v0x602ebb3fcd50, 4, 0;
    %pushi/vec4 988259, 0, 32;
    %ix/load 4, 231, 0;
    %flag_set/imm 4, 0;
    %store/vec4a v0x602ebb3fcd50, 4, 0;
    %pushi/vec4 12583023, 0, 32;
    %ix/load 4, 232, 0;
    %flag_set/imm 4, 0;
    %store/vec4a v0x602ebb3fcd50, 4, 0;
    %pushi/vec4 3987, 0, 32;
    %ix/load 4, 233, 0;
    %flag_set/imm 4, 0;
    %store/vec4a v0x602ebb3fcd50, 4, 0;
    %pushi/vec4 41943151, 0, 32;
    %ix/load 4, 234, 0;
    %flag_set/imm 4, 0;
    %store/vec4a v0x602ebb3fcd50, 4, 0;
    %pushi/vec4 11644691, 0, 32;
    %ix/load 4, 235, 0;
    %flag_set/imm 4, 0;
    %store/vec4a v0x602ebb3fcd50, 4, 0;
    %pushi/vec4 988259, 0, 32;
    %ix/load 4, 236, 0;
    %flag_set/imm 4, 0;
    %store/vec4a v0x602ebb3fcd50, 4, 0;
    %pushi/vec4 12583023, 0, 32;
    %ix/load 4, 237, 0;
    %flag_set/imm 4, 0;
    %store/vec4a v0x602ebb3fcd50, 4, 0;
    %pushi/vec4 3987, 0, 32;
    %ix/load 4, 238, 0;
    %flag_set/imm 4, 0;
    %store/vec4a v0x602ebb3fcd50, 4, 0;
    %pushi/vec4 20971631, 0, 32;
    %ix/load 4, 239, 0;
    %flag_set/imm 4, 0;
    %store/vec4a v0x602ebb3fcd50, 4, 0;
    %pushi/vec4 3987, 0, 32;
    %ix/load 4, 240, 0;
    %flag_set/imm 4, 0;
    %store/vec4a v0x602ebb3fcd50, 4, 0;
    %pushi/vec4 12583023, 0, 32;
    %ix/load 4, 241, 0;
    %flag_set/imm 4, 0;
    %store/vec4a v0x602ebb3fcd50, 4, 0;
    %pushi/vec4 3987, 0, 32;
    %ix/load 4, 242, 0;
    %flag_set/imm 4, 0;
    %store/vec4a v0x602ebb3fcd50, 4, 0;
    %pushi/vec4 4194415, 0, 32;
    %ix/load 4, 243, 0;
    %flag_set/imm 4, 0;
    %store/vec4a v0x602ebb3fcd50, 4, 0;
    %pushi/vec4 3731, 0, 32;
    %ix/load 4, 244, 0;
    %flag_set/imm 4, 0;
    %store/vec4a v0x602ebb3fcd50, 4, 0;
    %pushi/vec4 31425635, 0, 32;
    %ix/load 4, 245, 0;
    %flag_set/imm 4, 0;
    %store/vec4a v0x602ebb3fcd50, 4, 0;
    %pushi/vec4 12583023, 0, 32;
    %ix/load 4, 246, 0;
    %flag_set/imm 4, 0;
    %store/vec4a v0x602ebb3fcd50, 4, 0;
    %pushi/vec4 1838099, 0, 32;
    %ix/load 4, 247, 0;
    %flag_set/imm 4, 0;
    %store/vec4a v0x602ebb3fcd50, 4, 0;
    %pushi/vec4 25165935, 0, 32;
    %ix/load 4, 248, 0;
    %flag_set/imm 4, 0;
    %store/vec4a v0x602ebb3fcd50, 4, 0;
    %pushi/vec4 1052307, 0, 32;
    %ix/load 4, 249, 0;
    %flag_set/imm 4, 0;
    %store/vec4a v0x602ebb3fcd50, 4, 0;
    %pushi/vec4 31425635, 0, 32;
    %ix/load 4, 250, 0;
    %flag_set/imm 4, 0;
    %store/vec4a v0x602ebb3fcd50, 4, 0;
    %pushi/vec4 12583023, 0, 32;
    %ix/load 4, 251, 0;
    %flag_set/imm 4, 0;
    %store/vec4a v0x602ebb3fcd50, 4, 0;
    %pushi/vec4 1870995, 0, 32;
    %ix/load 4, 252, 0;
    %flag_set/imm 4, 0;
    %store/vec4a v0x602ebb3fcd50, 4, 0;
    %pushi/vec4 4194415, 0, 32;
    %ix/load 4, 253, 0;
    %flag_set/imm 4, 0;
    %store/vec4a v0x602ebb3fcd50, 4, 0;
    %pushi/vec4 7450387, 0, 32;
    %ix/load 4, 254, 0;
    %flag_set/imm 4, 0;
    %store/vec4a v0x602ebb3fcd50, 4, 0;
    %pushi/vec4 988259, 0, 32;
    %ix/load 4, 255, 0;
    %flag_set/imm 4, 0;
    %store/vec4a v0x602ebb3fcd50, 4, 0;
    %pushi/vec4 138412143, 0, 32;
    %ix/load 4, 256, 0;
    %flag_set/imm 4, 0;
    %store/vec4a v0x602ebb3fcd50, 4, 0;
    %pushi/vec4 2174739, 0, 32;
    %ix/load 4, 257, 0;
    %flag_set/imm 4, 0;
    %store/vec4a v0x602ebb3fcd50, 4, 0;
    %pushi/vec4 988259, 0, 32;
    %ix/load 4, 258, 0;
    %flag_set/imm 4, 0;
    %store/vec4a v0x602ebb3fcd50, 4, 0;
    %pushi/vec4 54526063, 0, 32;
    %ix/load 4, 259, 0;
    %flag_set/imm 4, 0;
    %store/vec4a v0x602ebb3fcd50, 4, 0;
    %pushi/vec4 4280364819, 0, 32;
    %ix/load 4, 260, 0;
    %flag_set/imm 4, 0;
    %store/vec4a v0x602ebb3fcd50, 4, 0;
    %pushi/vec4 988259, 0, 32;
    %ix/load 4, 261, 0;
    %flag_set/imm 4, 0;
    %store/vec4a v0x602ebb3fcd50, 4, 0;
    %pushi/vec4 12583023, 0, 32;
    %ix/load 4, 262, 0;
    %flag_set/imm 4, 0;
    %store/vec4a v0x602ebb3fcd50, 4, 0;
    %pushi/vec4 1052563, 0, 32;
    %ix/load 4, 263, 0;
    %flag_set/imm 4, 0;
    %store/vec4a v0x602ebb3fcd50, 4, 0;
    %pushi/vec4 176160879, 0, 32;
    %ix/load 4, 264, 0;
    %flag_set/imm 4, 0;
    %store/vec4a v0x602ebb3fcd50, 4, 0;
    %pushi/vec4 4284624659, 0, 32;
    %ix/load 4, 265, 0;
    %flag_set/imm 4, 0;
    %store/vec4a v0x602ebb3fcd50, 4, 0;
    %pushi/vec4 988259, 0, 32;
    %ix/load 4, 266, 0;
    %flag_set/imm 4, 0;
    %store/vec4a v0x602ebb3fcd50, 4, 0;
    %pushi/vec4 12583023, 0, 32;
    %ix/load 4, 267, 0;
    %flag_set/imm 4, 0;
    %store/vec4a v0x602ebb3fcd50, 4, 0;
    %pushi/vec4 1052563, 0, 32;
    %ix/load 4, 268, 0;
    %flag_set/imm 4, 0;
    %store/vec4a v0x602ebb3fcd50, 4, 0;
    %pushi/vec4 155189359, 0, 32;
    %ix/load 4, 269, 0;
    %flag_set/imm 4, 0;
    %store/vec4a v0x602ebb3fcd50, 4, 0;
    %pushi/vec4 1052563, 0, 32;
    %ix/load 4, 270, 0;
    %flag_set/imm 4, 0;
    %store/vec4a v0x602ebb3fcd50, 4, 0;
    %pushi/vec4 146800751, 0, 32;
    %ix/load 4, 271, 0;
    %flag_set/imm 4, 0;
    %store/vec4a v0x602ebb3fcd50, 4, 0;
    %pushi/vec4 4292980499, 0, 32;
    %ix/load 4, 272, 0;
    %flag_set/imm 4, 0;
    %store/vec4a v0x602ebb3fcd50, 4, 0;
    %pushi/vec4 988259, 0, 32;
    %ix/load 4, 273, 0;
    %flag_set/imm 4, 0;
    %store/vec4a v0x602ebb3fcd50, 4, 0;
    %pushi/vec4 33554543, 0, 32;
    %ix/load 4, 274, 0;
    %flag_set/imm 4, 0;
    %store/vec4a v0x602ebb3fcd50, 4, 0;
    %pushi/vec4 4285640467, 0, 32;
    %ix/load 4, 275, 0;
    %flag_set/imm 4, 0;
    %store/vec4a v0x602ebb3fcd50, 4, 0;
    %pushi/vec4 988259, 0, 32;
    %ix/load 4, 276, 0;
    %flag_set/imm 4, 0;
    %store/vec4a v0x602ebb3fcd50, 4, 0;
    %pushi/vec4 12583023, 0, 32;
    %ix/load 4, 277, 0;
    %flag_set/imm 4, 0;
    %store/vec4a v0x602ebb3fcd50, 4, 0;
    %pushi/vec4 1052563, 0, 32;
    %ix/load 4, 278, 0;
    %flag_set/imm 4, 0;
    %store/vec4a v0x602ebb3fcd50, 4, 0;
    %pushi/vec4 113246319, 0, 32;
    %ix/load 4, 279, 0;
    %flag_set/imm 4, 0;
    %store/vec4a v0x602ebb3fcd50, 4, 0;
    %pushi/vec4 1052563, 0, 32;
    %ix/load 4, 280, 0;
    %flag_set/imm 4, 0;
    %store/vec4a v0x602ebb3fcd50, 4, 0;
    %pushi/vec4 104857711, 0, 32;
    %ix/load 4, 281, 0;
    %flag_set/imm 4, 0;
    %store/vec4a v0x602ebb3fcd50, 4, 0;
    %pushi/vec4 44819, 0, 32;
    %ix/load 4, 282, 0;
    %flag_set/imm 4, 0;
    %store/vec4a v0x602ebb3fcd50, 4, 0;
    %pushi/vec4 988259, 0, 32;
    %ix/load 4, 283, 0;
    %flag_set/imm 4, 0;
    %store/vec4a v0x602ebb3fcd50, 4, 0;
    %pushi/vec4 12583023, 0, 32;
    %ix/load 4, 284, 0;
    %flag_set/imm 4, 0;
    %store/vec4a v0x602ebb3fcd50, 4, 0;
    %pushi/vec4 3987, 0, 32;
    %ix/load 4, 285, 0;
    %flag_set/imm 4, 0;
    %store/vec4a v0x602ebb3fcd50, 4, 0;
    %pushi/vec4 83886191, 0, 32;
    %ix/load 4, 286, 0;
    %flag_set/imm 4, 0;
    %store/vec4a v0x602ebb3fcd50, 4, 0;
    %pushi/vec4 3987, 0, 32;
    %ix/load 4, 287, 0;
    %flag_set/imm 4, 0;
    %store/vec4a v0x602ebb3fcd50, 4, 0;
    %pushi/vec4 75497583, 0, 32;
    %ix/load 4, 288, 0;
    %flag_set/imm 4, 0;
    %store/vec4a v0x602ebb3fcd50, 4, 0;
    %pushi/vec4 4281413395, 0, 32;
    %ix/load 4, 289, 0;
    %flag_set/imm 4, 0;
    %store/vec4a v0x602ebb3fcd50, 4, 0;
    %pushi/vec4 988259, 0, 32;
    %ix/load 4, 290, 0;
    %flag_set/imm 4, 0;
    %store/vec4a v0x602ebb3fcd50, 4, 0;
    %pushi/vec4 12583023, 0, 32;
    %ix/load 4, 291, 0;
    %flag_set/imm 4, 0;
    %store/vec4a v0x602ebb3fcd50, 4, 0;
    %pushi/vec4 1052563, 0, 32;
    %ix/load 4, 292, 0;
    %flag_set/imm 4, 0;
    %store/vec4a v0x602ebb3fcd50, 4, 0;
    %pushi/vec4 54526063, 0, 32;
    %ix/load 4, 293, 0;
    %flag_set/imm 4, 0;
    %store/vec4a v0x602ebb3fcd50, 4, 0;
    %pushi/vec4 13741843, 0, 32;
    %ix/load 4, 294, 0;
    %flag_set/imm 4, 0;
    %store/vec4a v0x602ebb3fcd50, 4, 0;
    %pushi/vec4 988259, 0, 32;
    %ix/load 4, 295, 0;
    %flag_set/imm 4, 0;
    %store/vec4a v0x602ebb3fcd50, 4, 0;
    %pushi/vec4 33554543, 0, 32;
    %ix/load 4, 296, 0;
    %flag_set/imm 4, 0;
    %store/vec4a v0x602ebb3fcd50, 4, 0;
    %pushi/vec4 11644691, 0, 32;
    %ix/load 4, 297, 0;
    %flag_set/imm 4, 0;
    %store/vec4a v0x602ebb3fcd50, 4, 0;
    %pushi/vec4 988259, 0, 32;
    %ix/load 4, 298, 0;
    %flag_set/imm 4, 0;
    %store/vec4a v0x602ebb3fcd50, 4, 0;
    %pushi/vec4 12583023, 0, 32;
    %ix/load 4, 299, 0;
    %flag_set/imm 4, 0;
    %store/vec4a v0x602ebb3fcd50, 4, 0;
    %pushi/vec4 3987, 0, 32;
    %ix/load 4, 300, 0;
    %flag_set/imm 4, 0;
    %store/vec4a v0x602ebb3fcd50, 4, 0;
    %pushi/vec4 20971631, 0, 32;
    %ix/load 4, 301, 0;
    %flag_set/imm 4, 0;
    %store/vec4a v0x602ebb3fcd50, 4, 0;
    %pushi/vec4 3987, 0, 32;
    %ix/load 4, 302, 0;
    %flag_set/imm 4, 0;
    %store/vec4a v0x602ebb3fcd50, 4, 0;
    %pushi/vec4 12583023, 0, 32;
    %ix/load 4, 303, 0;
    %flag_set/imm 4, 0;
    %store/vec4a v0x602ebb3fcd50, 4, 0;
    %pushi/vec4 3987, 0, 32;
    %ix/load 4, 304, 0;
    %flag_set/imm 4, 0;
    %store/vec4a v0x602ebb3fcd50, 4, 0;
    %pushi/vec4 4194415, 0, 32;
    %ix/load 4, 305, 0;
    %flag_set/imm 4, 0;
    %store/vec4a v0x602ebb3fcd50, 4, 0;
    %pushi/vec4 3731, 0, 32;
    %ix/load 4, 306, 0;
    %flag_set/imm 4, 0;
    %store/vec4a v0x602ebb3fcd50, 4, 0;
    %pushi/vec4 31425635, 0, 32;
    %ix/load 4, 307, 0;
    %flag_set/imm 4, 0;
    %store/vec4a v0x602ebb3fcd50, 4, 0;
    %pushi/vec4 12583023, 0, 32;
    %ix/load 4, 308, 0;
    %flag_set/imm 4, 0;
    %store/vec4a v0x602ebb3fcd50, 4, 0;
    %pushi/vec4 1838099, 0, 32;
    %ix/load 4, 309, 0;
    %flag_set/imm 4, 0;
    %store/vec4a v0x602ebb3fcd50, 4, 0;
    %pushi/vec4 25165935, 0, 32;
    %ix/load 4, 310, 0;
    %flag_set/imm 4, 0;
    %store/vec4a v0x602ebb3fcd50, 4, 0;
    %pushi/vec4 1052307, 0, 32;
    %ix/load 4, 311, 0;
    %flag_set/imm 4, 0;
    %store/vec4a v0x602ebb3fcd50, 4, 0;
    %pushi/vec4 31425635, 0, 32;
    %ix/load 4, 312, 0;
    %flag_set/imm 4, 0;
    %store/vec4a v0x602ebb3fcd50, 4, 0;
    %pushi/vec4 12583023, 0, 32;
    %ix/load 4, 313, 0;
    %flag_set/imm 4, 0;
    %store/vec4a v0x602ebb3fcd50, 4, 0;
    %pushi/vec4 1870995, 0, 32;
    %ix/load 4, 314, 0;
    %flag_set/imm 4, 0;
    %store/vec4a v0x602ebb3fcd50, 4, 0;
    %pushi/vec4 4194415, 0, 32;
    %ix/load 4, 315, 0;
    %flag_set/imm 4, 0;
    %store/vec4a v0x602ebb3fcd50, 4, 0;
    %pushi/vec4 790067, 0, 32;
    %ix/load 4, 316, 0;
    %flag_set/imm 4, 0;
    %store/vec4a v0x602ebb3fcd50, 4, 0;
    %pushi/vec4 3987, 0, 32;
    %ix/load 4, 317, 0;
    %flag_set/imm 4, 0;
    %store/vec4a v0x602ebb3fcd50, 4, 0;
    %pushi/vec4 27143987, 0, 32;
    %ix/load 4, 318, 0;
    %flag_set/imm 4, 0;
    %store/vec4a v0x602ebb3fcd50, 4, 0;
    %pushi/vec4 984675, 0, 32;
    %ix/load 4, 319, 0;
    %flag_set/imm 4, 0;
    %store/vec4a v0x602ebb3fcd50, 4, 0;
    %pushi/vec4 822835, 0, 32;
    %ix/load 4, 320, 0;
    %flag_set/imm 4, 0;
    %store/vec4a v0x602ebb3fcd50, 4, 0;
    %pushi/vec4 1052563, 0, 32;
    %ix/load 4, 321, 0;
    %flag_set/imm 4, 0;
    %store/vec4a v0x602ebb3fcd50, 4, 0;
    %pushi/vec4 4294967295, 0, 32;
    %ix/load 4, 322, 0;
    %flag_set/imm 4, 0;
    %store/vec4a v0x602ebb3fcd50, 4, 0;
    %pushi/vec4 0, 0, 32;
    %store/vec4 v0x602ebb401570_0, 0, 32;
T_11.0 ;
    %load/vec4 v0x602ebb401570_0;
    %cmpi/s 32, 0, 32;
    %jmp/0xz T_11.1, 5;
    %pushi/vec4 0, 0, 32;
    %ix/getv/s 4, v0x602ebb401570_0;
    %store/vec4a v0x602ebb3fe380, 4, 0;
    %load/vec4 v0x602ebb401570_0;
    %addi 1, 0, 32;
    %store/vec4 v0x602ebb401570_0, 0, 32;
    %jmp T_11.0;
T_11.1 ;
    %pushi/vec4 1048723, 0, 32;
    %ix/load 4, 0, 0;
    %flag_set/imm 4, 0;
    %store/vec4a v0x602ebb3fcd50, 4, 0;
    %pushi/vec4 9437459, 0, 32;
    %ix/load 4, 1, 0;
    %flag_set/imm 4, 0;
    %store/vec4a v0x602ebb3fcd50, 4, 0;
    %pushi/vec4 2097555, 0, 32;
    %ix/load 4, 2, 0;
    %flag_set/imm 4, 0;
    %store/vec4a v0x602ebb3fcd50, 4, 0;
    %pushi/vec4 531, 0, 32;
    %ix/load 4, 3, 0;
    %flag_set/imm 4, 0;
    %store/vec4a v0x602ebb3fcd50, 4, 0;
    %pushi/vec4 1, 0, 1;
    %store/vec4 v0x602ebb401650_0, 0, 1;
    %fork TD_tb.tick, S_0x602ebb400e60;
    %join;
    %pushi/vec4 0, 0, 1;
    %store/vec4 v0x602ebb401650_0, 0, 1;
    %pushi/vec4 0, 0, 32;
    %store/vec4 v0x602ebb401210_0, 0, 32;
T_11.2 ;
    %load/vec4 v0x602ebb4012d0_0;
    %nor/r;
    %flag_set/vec4 9;
    %flag_get/vec4 9;
    %jmp/0 T_11.4, 9;
    %load/vec4 v0x602ebb401210_0;
    %cmpi/s 5000, 0, 32;
    %flag_get/vec4 5;
    %and;
T_11.4;
    %flag_set/vec4 8;
    %jmp/0xz T_11.3, 8;
    %fork TD_tb.tick, S_0x602ebb400e60;
    %join;
    %jmp T_11.2;
T_11.3 ;
    %vpi_call/w 5 341 "$display", "BATCH_RESULT idx=0 prediction=%0d cycles=%0d halted=%0d", &A<v0x602ebb3fe380, 31>, v0x602ebb401210_0, v0x602ebb4012d0_0 {0 0 0};
    %pushi/vec4 0, 0, 32;
    %store/vec4 v0x602ebb401570_0, 0, 32;
T_11.5 ;
    %load/vec4 v0x602ebb401570_0;
    %cmpi/s 32, 0, 32;
    %jmp/0xz T_11.6, 5;
    %pushi/vec4 0, 0, 32;
    %ix/getv/s 4, v0x602ebb401570_0;
    %store/vec4a v0x602ebb3fe380, 4, 0;
    %load/vec4 v0x602ebb401570_0;
    %addi 1, 0, 32;
    %store/vec4 v0x602ebb401570_0, 0, 32;
    %jmp T_11.5;
T_11.6 ;
    %pushi/vec4 41943187, 0, 32;
    %ix/load 4, 0, 0;
    %flag_set/imm 4, 0;
    %store/vec4a v0x602ebb3fcd50, 4, 0;
    %pushi/vec4 12583187, 0, 32;
    %ix/load 4, 1, 0;
    %flag_set/imm 4, 0;
    %store/vec4a v0x602ebb3fcd50, 4, 0;
    %pushi/vec4 40894867, 0, 32;
    %ix/load 4, 2, 0;
    %flag_set/imm 4, 0;
    %store/vec4a v0x602ebb3fcd50, 4, 0;
    %pushi/vec4 47186451, 0, 32;
    %ix/load 4, 3, 0;
    %flag_set/imm 4, 0;
    %store/vec4a v0x602ebb3fcd50, 4, 0;
    %pushi/vec4 1, 0, 1;
    %store/vec4 v0x602ebb401650_0, 0, 1;
    %fork TD_tb.tick, S_0x602ebb400e60;
    %join;
    %pushi/vec4 0, 0, 1;
    %store/vec4 v0x602ebb401650_0, 0, 1;
    %pushi/vec4 0, 0, 32;
    %store/vec4 v0x602ebb401210_0, 0, 32;
T_11.7 ;
    %load/vec4 v0x602ebb4012d0_0;
    %nor/r;
    %flag_set/vec4 9;
    %flag_get/vec4 9;
    %jmp/0 T_11.9, 9;
    %load/vec4 v0x602ebb401210_0;
    %cmpi/s 5000, 0, 32;
    %flag_get/vec4 5;
    %and;
T_11.9;
    %flag_set/vec4 8;
    %jmp/0xz T_11.8, 8;
    %fork TD_tb.tick, S_0x602ebb400e60;
    %join;
    %jmp T_11.7;
T_11.8 ;
    %vpi_call/w 5 350 "$display", "BATCH_RESULT idx=1 prediction=%0d cycles=%0d halted=%0d", &A<v0x602ebb3fe380, 31>, v0x602ebb401210_0, v0x602ebb4012d0_0 {0 0 0};
    %pushi/vec4 0, 0, 32;
    %store/vec4 v0x602ebb401570_0, 0, 32;
T_11.10 ;
    %load/vec4 v0x602ebb401570_0;
    %cmpi/s 32, 0, 32;
    %jmp/0xz T_11.11, 5;
    %pushi/vec4 0, 0, 32;
    %ix/getv/s 4, v0x602ebb401570_0;
    %store/vec4a v0x602ebb3fe380, 4, 0;
    %load/vec4 v0x602ebb401570_0;
    %addi 1, 0, 32;
    %store/vec4 v0x602ebb401570_0, 0, 32;
    %jmp T_11.10;
T_11.11 ;
    %pushi/vec4 17825939, 0, 32;
    %ix/load 4, 0, 0;
    %flag_set/imm 4, 0;
    %store/vec4a v0x602ebb3fcd50, 4, 0;
    %pushi/vec4 11534611, 0, 32;
    %ix/load 4, 1, 0;
    %flag_set/imm 4, 0;
    %store/vec4a v0x602ebb3fcd50, 4, 0;
    %pushi/vec4 18874771, 0, 32;
    %ix/load 4, 2, 0;
    %flag_set/imm 4, 0;
    %store/vec4a v0x602ebb3fcd50, 4, 0;
    %pushi/vec4 17826323, 0, 32;
    %ix/load 4, 3, 0;
    %flag_set/imm 4, 0;
    %store/vec4a v0x602ebb3fcd50, 4, 0;
    %pushi/vec4 1, 0, 1;
    %store/vec4 v0x602ebb401650_0, 0, 1;
    %fork TD_tb.tick, S_0x602ebb400e60;
    %join;
    %pushi/vec4 0, 0, 1;
    %store/vec4 v0x602ebb401650_0, 0, 1;
    %pushi/vec4 0, 0, 32;
    %store/vec4 v0x602ebb401210_0, 0, 32;
T_11.12 ;
    %load/vec4 v0x602ebb4012d0_0;
    %nor/r;
    %flag_set/vec4 9;
    %flag_get/vec4 9;
    %jmp/0 T_11.14, 9;
    %load/vec4 v0x602ebb401210_0;
    %cmpi/s 5000, 0, 32;
    %flag_get/vec4 5;
    %and;
T_11.14;
    %flag_set/vec4 8;
    %jmp/0xz T_11.13, 8;
    %fork TD_tb.tick, S_0x602ebb400e60;
    %join;
    %jmp T_11.12;
T_11.13 ;
    %vpi_call/w 5 359 "$display", "BATCH_RESULT idx=2 prediction=%0d cycles=%0d halted=%0d", &A<v0x602ebb3fe380, 31>, v0x602ebb401210_0, v0x602ebb4012d0_0 {0 0 0};
    %pushi/vec4 0, 0, 32;
    %store/vec4 v0x602ebb401570_0, 0, 32;
T_11.15 ;
    %load/vec4 v0x602ebb401570_0;
    %cmpi/s 32, 0, 32;
    %jmp/0xz T_11.16, 5;
    %pushi/vec4 0, 0, 32;
    %ix/getv/s 4, v0x602ebb401570_0;
    %store/vec4a v0x602ebb3fe380, 4, 0;
    %load/vec4 v0x602ebb401570_0;
    %addi 1, 0, 32;
    %store/vec4 v0x602ebb401570_0, 0, 32;
    %jmp T_11.15;
T_11.16 ;
    %pushi/vec4 29360275, 0, 32;
    %ix/load 4, 0, 0;
    %flag_set/imm 4, 0;
    %store/vec4a v0x602ebb3fcd50, 4, 0;
    %pushi/vec4 29360403, 0, 32;
    %ix/load 4, 1, 0;
    %flag_set/imm 4, 0;
    %store/vec4a v0x602ebb3fcd50, 4, 0;
    %pushi/vec4 29360531, 0, 32;
    %ix/load 4, 2, 0;
    %flag_set/imm 4, 0;
    %store/vec4a v0x602ebb3fcd50, 4, 0;
    %pushi/vec4 29360659, 0, 32;
    %ix/load 4, 3, 0;
    %flag_set/imm 4, 0;
    %store/vec4a v0x602ebb3fcd50, 4, 0;
    %pushi/vec4 1, 0, 1;
    %store/vec4 v0x602ebb401650_0, 0, 1;
    %fork TD_tb.tick, S_0x602ebb400e60;
    %join;
    %pushi/vec4 0, 0, 1;
    %store/vec4 v0x602ebb401650_0, 0, 1;
    %pushi/vec4 0, 0, 32;
    %store/vec4 v0x602ebb401210_0, 0, 32;
T_11.17 ;
    %load/vec4 v0x602ebb4012d0_0;
    %nor/r;
    %flag_set/vec4 9;
    %flag_get/vec4 9;
    %jmp/0 T_11.19, 9;
    %load/vec4 v0x602ebb401210_0;
    %cmpi/s 5000, 0, 32;
    %flag_get/vec4 5;
    %and;
T_11.19;
    %flag_set/vec4 8;
    %jmp/0xz T_11.18, 8;
    %fork TD_tb.tick, S_0x602ebb400e60;
    %join;
    %jmp T_11.17;
T_11.18 ;
    %vpi_call/w 5 368 "$display", "BATCH_RESULT idx=3 prediction=%0d cycles=%0d halted=%0d", &A<v0x602ebb3fe380, 31>, v0x602ebb401210_0, v0x602ebb4012d0_0 {0 0 0};
    %pushi/vec4 0, 0, 32;
    %store/vec4 v0x602ebb401570_0, 0, 32;
T_11.20 ;
    %load/vec4 v0x602ebb401570_0;
    %cmpi/s 32, 0, 32;
    %jmp/0xz T_11.21, 5;
    %pushi/vec4 0, 0, 32;
    %ix/getv/s 4, v0x602ebb401570_0;
    %store/vec4a v0x602ebb3fe380, 4, 0;
    %load/vec4 v0x602ebb401570_0;
    %addi 1, 0, 32;
    %store/vec4 v0x602ebb401570_0, 0, 32;
    %jmp T_11.20;
T_11.21 ;
    %pushi/vec4 77594771, 0, 32;
    %ix/load 4, 0, 0;
    %flag_set/imm 4, 0;
    %store/vec4a v0x602ebb3fcd50, 4, 0;
    %pushi/vec4 4291821843, 0, 32;
    %ix/load 4, 1, 0;
    %flag_set/imm 4, 0;
    %store/vec4a v0x602ebb3fcd50, 4, 0;
    %pushi/vec4 78643603, 0, 32;
    %ix/load 4, 2, 0;
    %flag_set/imm 4, 0;
    %store/vec4a v0x602ebb3fcd50, 4, 0;
    %pushi/vec4 104858131, 0, 32;
    %ix/load 4, 3, 0;
    %flag_set/imm 4, 0;
    %store/vec4a v0x602ebb3fcd50, 4, 0;
    %pushi/vec4 1, 0, 1;
    %store/vec4 v0x602ebb401650_0, 0, 1;
    %fork TD_tb.tick, S_0x602ebb400e60;
    %join;
    %pushi/vec4 0, 0, 1;
    %store/vec4 v0x602ebb401650_0, 0, 1;
    %pushi/vec4 0, 0, 32;
    %store/vec4 v0x602ebb401210_0, 0, 32;
T_11.22 ;
    %load/vec4 v0x602ebb4012d0_0;
    %nor/r;
    %flag_set/vec4 9;
    %flag_get/vec4 9;
    %jmp/0 T_11.24, 9;
    %load/vec4 v0x602ebb401210_0;
    %cmpi/s 5000, 0, 32;
    %flag_get/vec4 5;
    %and;
T_11.24;
    %flag_set/vec4 8;
    %jmp/0xz T_11.23, 8;
    %fork TD_tb.tick, S_0x602ebb400e60;
    %join;
    %jmp T_11.22;
T_11.23 ;
    %vpi_call/w 5 377 "$display", "BATCH_RESULT idx=4 prediction=%0d cycles=%0d halted=%0d", &A<v0x602ebb3fe380, 31>, v0x602ebb401210_0, v0x602ebb4012d0_0 {0 0 0};
    %pushi/vec4 0, 0, 32;
    %store/vec4 v0x602ebb401570_0, 0, 32;
T_11.25 ;
    %load/vec4 v0x602ebb401570_0;
    %cmpi/s 32, 0, 32;
    %jmp/0xz T_11.26, 5;
    %pushi/vec4 0, 0, 32;
    %ix/getv/s 4, v0x602ebb401570_0;
    %store/vec4a v0x602ebb3fe380, 4, 0;
    %load/vec4 v0x602ebb401570_0;
    %addi 1, 0, 32;
    %store/vec4 v0x602ebb401570_0, 0, 32;
    %jmp T_11.25;
T_11.26 ;
    %pushi/vec4 8388755, 0, 32;
    %ix/load 4, 0, 0;
    %flag_set/imm 4, 0;
    %store/vec4a v0x602ebb3fcd50, 4, 0;
    %pushi/vec4 7340307, 0, 32;
    %ix/load 4, 1, 0;
    %flag_set/imm 4, 0;
    %store/vec4a v0x602ebb3fcd50, 4, 0;
    %pushi/vec4 9437587, 0, 32;
    %ix/load 4, 2, 0;
    %flag_set/imm 4, 0;
    %store/vec4a v0x602ebb3fcd50, 4, 0;
    %pushi/vec4 9437715, 0, 32;
    %ix/load 4, 3, 0;
    %flag_set/imm 4, 0;
    %store/vec4a v0x602ebb3fcd50, 4, 0;
    %pushi/vec4 1, 0, 1;
    %store/vec4 v0x602ebb401650_0, 0, 1;
    %fork TD_tb.tick, S_0x602ebb400e60;
    %join;
    %pushi/vec4 0, 0, 1;
    %store/vec4 v0x602ebb401650_0, 0, 1;
    %pushi/vec4 0, 0, 32;
    %store/vec4 v0x602ebb401210_0, 0, 32;
T_11.27 ;
    %load/vec4 v0x602ebb4012d0_0;
    %nor/r;
    %flag_set/vec4 9;
    %flag_get/vec4 9;
    %jmp/0 T_11.29, 9;
    %load/vec4 v0x602ebb401210_0;
    %cmpi/s 5000, 0, 32;
    %flag_get/vec4 5;
    %and;
T_11.29;
    %flag_set/vec4 8;
    %jmp/0xz T_11.28, 8;
    %fork TD_tb.tick, S_0x602ebb400e60;
    %join;
    %jmp T_11.27;
T_11.28 ;
    %vpi_call/w 5 386 "$display", "BATCH_RESULT idx=5 prediction=%0d cycles=%0d halted=%0d", &A<v0x602ebb3fe380, 31>, v0x602ebb401210_0, v0x602ebb4012d0_0 {0 0 0};
    %pushi/vec4 0, 0, 32;
    %store/vec4 v0x602ebb401570_0, 0, 32;
T_11.30 ;
    %load/vec4 v0x602ebb401570_0;
    %cmpi/s 32, 0, 32;
    %jmp/0xz T_11.31, 5;
    %pushi/vec4 0, 0, 32;
    %ix/getv/s 4, v0x602ebb401570_0;
    %store/vec4a v0x602ebb3fe380, 4, 0;
    %load/vec4 v0x602ebb401570_0;
    %addi 1, 0, 32;
    %store/vec4 v0x602ebb401570_0, 0, 32;
    %jmp T_11.30;
T_11.31 ;
    %pushi/vec4 6291603, 0, 32;
    %ix/load 4, 0, 0;
    %flag_set/imm 4, 0;
    %store/vec4a v0x602ebb3fcd50, 4, 0;
    %pushi/vec4 11534611, 0, 32;
    %ix/load 4, 1, 0;
    %flag_set/imm 4, 0;
    %store/vec4a v0x602ebb3fcd50, 4, 0;
    %pushi/vec4 5243283, 0, 32;
    %ix/load 4, 2, 0;
    %flag_set/imm 4, 0;
    %store/vec4a v0x602ebb3fcd50, 4, 0;
    %pushi/vec4 4194835, 0, 32;
    %ix/load 4, 3, 0;
    %flag_set/imm 4, 0;
    %store/vec4a v0x602ebb3fcd50, 4, 0;
    %pushi/vec4 1, 0, 1;
    %store/vec4 v0x602ebb401650_0, 0, 1;
    %fork TD_tb.tick, S_0x602ebb400e60;
    %join;
    %pushi/vec4 0, 0, 1;
    %store/vec4 v0x602ebb401650_0, 0, 1;
    %pushi/vec4 0, 0, 32;
    %store/vec4 v0x602ebb401210_0, 0, 32;
T_11.32 ;
    %load/vec4 v0x602ebb4012d0_0;
    %nor/r;
    %flag_set/vec4 9;
    %flag_get/vec4 9;
    %jmp/0 T_11.34, 9;
    %load/vec4 v0x602ebb401210_0;
    %cmpi/s 5000, 0, 32;
    %flag_get/vec4 5;
    %and;
T_11.34;
    %flag_set/vec4 8;
    %jmp/0xz T_11.33, 8;
    %fork TD_tb.tick, S_0x602ebb400e60;
    %join;
    %jmp T_11.32;
T_11.33 ;
    %vpi_call/w 5 395 "$display", "BATCH_RESULT idx=6 prediction=%0d cycles=%0d halted=%0d", &A<v0x602ebb3fe380, 31>, v0x602ebb401210_0, v0x602ebb4012d0_0 {0 0 0};
    %pushi/vec4 0, 0, 32;
    %store/vec4 v0x602ebb401570_0, 0, 32;
T_11.35 ;
    %load/vec4 v0x602ebb401570_0;
    %cmpi/s 32, 0, 32;
    %jmp/0xz T_11.36, 5;
    %pushi/vec4 0, 0, 32;
    %ix/getv/s 4, v0x602ebb401570_0;
    %store/vec4a v0x602ebb3fe380, 4, 0;
    %load/vec4 v0x602ebb401570_0;
    %addi 1, 0, 32;
    %store/vec4 v0x602ebb401570_0, 0, 32;
    %jmp T_11.35;
T_11.36 ;
    %pushi/vec4 34603155, 0, 32;
    %ix/load 4, 0, 0;
    %flag_set/imm 4, 0;
    %store/vec4a v0x602ebb3fcd50, 4, 0;
    %pushi/vec4 4273996051, 0, 32;
    %ix/load 4, 1, 0;
    %flag_set/imm 4, 0;
    %store/vec4a v0x602ebb3fcd50, 4, 0;
    %pushi/vec4 35651987, 0, 32;
    %ix/load 4, 2, 0;
    %flag_set/imm 4, 0;
    %store/vec4a v0x602ebb3fcd50, 4, 0;
    %pushi/vec4 36700691, 0, 32;
    %ix/load 4, 3, 0;
    %flag_set/imm 4, 0;
    %store/vec4a v0x602ebb3fcd50, 4, 0;
    %pushi/vec4 1, 0, 1;
    %store/vec4 v0x602ebb401650_0, 0, 1;
    %fork TD_tb.tick, S_0x602ebb400e60;
    %join;
    %pushi/vec4 0, 0, 1;
    %store/vec4 v0x602ebb401650_0, 0, 1;
    %pushi/vec4 0, 0, 32;
    %store/vec4 v0x602ebb401210_0, 0, 32;
T_11.37 ;
    %load/vec4 v0x602ebb4012d0_0;
    %nor/r;
    %flag_set/vec4 9;
    %flag_get/vec4 9;
    %jmp/0 T_11.39, 9;
    %load/vec4 v0x602ebb401210_0;
    %cmpi/s 5000, 0, 32;
    %flag_get/vec4 5;
    %and;
T_11.39;
    %flag_set/vec4 8;
    %jmp/0xz T_11.38, 8;
    %fork TD_tb.tick, S_0x602ebb400e60;
    %join;
    %jmp T_11.37;
T_11.38 ;
    %vpi_call/w 5 404 "$display", "BATCH_RESULT idx=7 prediction=%0d cycles=%0d halted=%0d", &A<v0x602ebb3fe380, 31>, v0x602ebb401210_0, v0x602ebb4012d0_0 {0 0 0};
    %pushi/vec4 0, 0, 32;
    %store/vec4 v0x602ebb401570_0, 0, 32;
T_11.40 ;
    %load/vec4 v0x602ebb401570_0;
    %cmpi/s 32, 0, 32;
    %jmp/0xz T_11.41, 5;
    %pushi/vec4 0, 0, 32;
    %ix/getv/s 4, v0x602ebb401570_0;
    %store/vec4a v0x602ebb3fe380, 4, 0;
    %load/vec4 v0x602ebb401570_0;
    %addi 1, 0, 32;
    %store/vec4 v0x602ebb401570_0, 0, 32;
    %jmp T_11.40;
T_11.41 ;
    %pushi/vec4 17825939, 0, 32;
    %ix/load 4, 0, 0;
    %flag_set/imm 4, 0;
    %store/vec4a v0x602ebb3fcd50, 4, 0;
    %pushi/vec4 11534611, 0, 32;
    %ix/load 4, 1, 0;
    %flag_set/imm 4, 0;
    %store/vec4a v0x602ebb3fcd50, 4, 0;
    %pushi/vec4 16777619, 0, 32;
    %ix/load 4, 2, 0;
    %flag_set/imm 4, 0;
    %store/vec4a v0x602ebb3fcd50, 4, 0;
    %pushi/vec4 16777747, 0, 32;
    %ix/load 4, 3, 0;
    %flag_set/imm 4, 0;
    %store/vec4a v0x602ebb3fcd50, 4, 0;
    %pushi/vec4 1, 0, 1;
    %store/vec4 v0x602ebb401650_0, 0, 1;
    %fork TD_tb.tick, S_0x602ebb400e60;
    %join;
    %pushi/vec4 0, 0, 1;
    %store/vec4 v0x602ebb401650_0, 0, 1;
    %pushi/vec4 0, 0, 32;
    %store/vec4 v0x602ebb401210_0, 0, 32;
T_11.42 ;
    %load/vec4 v0x602ebb4012d0_0;
    %nor/r;
    %flag_set/vec4 9;
    %flag_get/vec4 9;
    %jmp/0 T_11.44, 9;
    %load/vec4 v0x602ebb401210_0;
    %cmpi/s 5000, 0, 32;
    %flag_get/vec4 5;
    %and;
T_11.44;
    %flag_set/vec4 8;
    %jmp/0xz T_11.43, 8;
    %fork TD_tb.tick, S_0x602ebb400e60;
    %join;
    %jmp T_11.42;
T_11.43 ;
    %vpi_call/w 5 413 "$display", "BATCH_RESULT idx=8 prediction=%0d cycles=%0d halted=%0d", &A<v0x602ebb3fe380, 31>, v0x602ebb401210_0, v0x602ebb4012d0_0 {0 0 0};
    %pushi/vec4 0, 0, 32;
    %store/vec4 v0x602ebb401570_0, 0, 32;
T_11.45 ;
    %load/vec4 v0x602ebb401570_0;
    %cmpi/s 32, 0, 32;
    %jmp/0xz T_11.46, 5;
    %pushi/vec4 0, 0, 32;
    %ix/getv/s 4, v0x602ebb401570_0;
    %store/vec4a v0x602ebb3fe380, 4, 0;
    %load/vec4 v0x602ebb401570_0;
    %addi 1, 0, 32;
    %store/vec4 v0x602ebb401570_0, 0, 32;
    %jmp T_11.45;
T_11.46 ;
    %pushi/vec4 16777363, 0, 32;
    %ix/load 4, 0, 0;
    %flag_set/imm 4, 0;
    %store/vec4a v0x602ebb3fcd50, 4, 0;
    %pushi/vec4 7340307, 0, 32;
    %ix/load 4, 1, 0;
    %flag_set/imm 4, 0;
    %store/vec4a v0x602ebb3fcd50, 4, 0;
    %pushi/vec4 16777619, 0, 32;
    %ix/load 4, 2, 0;
    %flag_set/imm 4, 0;
    %store/vec4a v0x602ebb3fcd50, 4, 0;
    %pushi/vec4 15729171, 0, 32;
    %ix/load 4, 3, 0;
    %flag_set/imm 4, 0;
    %store/vec4a v0x602ebb3fcd50, 4, 0;
    %pushi/vec4 1, 0, 1;
    %store/vec4 v0x602ebb401650_0, 0, 1;
    %fork TD_tb.tick, S_0x602ebb400e60;
    %join;
    %pushi/vec4 0, 0, 1;
    %store/vec4 v0x602ebb401650_0, 0, 1;
    %pushi/vec4 0, 0, 32;
    %store/vec4 v0x602ebb401210_0, 0, 32;
T_11.47 ;
    %load/vec4 v0x602ebb4012d0_0;
    %nor/r;
    %flag_set/vec4 9;
    %flag_get/vec4 9;
    %jmp/0 T_11.49, 9;
    %load/vec4 v0x602ebb401210_0;
    %cmpi/s 5000, 0, 32;
    %flag_get/vec4 5;
    %and;
T_11.49;
    %flag_set/vec4 8;
    %jmp/0xz T_11.48, 8;
    %fork TD_tb.tick, S_0x602ebb400e60;
    %join;
    %jmp T_11.47;
T_11.48 ;
    %vpi_call/w 5 422 "$display", "BATCH_RESULT idx=9 prediction=%0d cycles=%0d halted=%0d", &A<v0x602ebb3fe380, 31>, v0x602ebb401210_0, v0x602ebb4012d0_0 {0 0 0};
    %pushi/vec4 0, 0, 32;
    %store/vec4 v0x602ebb401570_0, 0, 32;
T_11.50 ;
    %load/vec4 v0x602ebb401570_0;
    %cmpi/s 32, 0, 32;
    %jmp/0xz T_11.51, 5;
    %pushi/vec4 0, 0, 32;
    %ix/getv/s 4, v0x602ebb401570_0;
    %store/vec4a v0x602ebb3fe380, 4, 0;
    %load/vec4 v0x602ebb401570_0;
    %addi 1, 0, 32;
    %store/vec4 v0x602ebb401570_0, 0, 32;
    %jmp T_11.50;
T_11.51 ;
    %pushi/vec4 28311699, 0, 32;
    %ix/load 4, 0, 0;
    %flag_set/imm 4, 0;
    %store/vec4a v0x602ebb3fcd50, 4, 0;
    %pushi/vec4 30408979, 0, 32;
    %ix/load 4, 1, 0;
    %flag_set/imm 4, 0;
    %store/vec4a v0x602ebb3fcd50, 4, 0;
    %pushi/vec4 28311955, 0, 32;
    %ix/load 4, 2, 0;
    %flag_set/imm 4, 0;
    %store/vec4a v0x602ebb3fcd50, 4, 0;
    %pushi/vec4 28312083, 0, 32;
    %ix/load 4, 3, 0;
    %flag_set/imm 4, 0;
    %store/vec4a v0x602ebb3fcd50, 4, 0;
    %pushi/vec4 1, 0, 1;
    %store/vec4 v0x602ebb401650_0, 0, 1;
    %fork TD_tb.tick, S_0x602ebb400e60;
    %join;
    %pushi/vec4 0, 0, 1;
    %store/vec4 v0x602ebb401650_0, 0, 1;
    %pushi/vec4 0, 0, 32;
    %store/vec4 v0x602ebb401210_0, 0, 32;
T_11.52 ;
    %load/vec4 v0x602ebb4012d0_0;
    %nor/r;
    %flag_set/vec4 9;
    %flag_get/vec4 9;
    %jmp/0 T_11.54, 9;
    %load/vec4 v0x602ebb401210_0;
    %cmpi/s 5000, 0, 32;
    %flag_get/vec4 5;
    %and;
T_11.54;
    %flag_set/vec4 8;
    %jmp/0xz T_11.53, 8;
    %fork TD_tb.tick, S_0x602ebb400e60;
    %join;
    %jmp T_11.52;
T_11.53 ;
    %vpi_call/w 5 431 "$display", "BATCH_RESULT idx=10 prediction=%0d cycles=%0d halted=%0d", &A<v0x602ebb3fe380, 31>, v0x602ebb401210_0, v0x602ebb4012d0_0 {0 0 0};
    %pushi/vec4 0, 0, 32;
    %store/vec4 v0x602ebb401570_0, 0, 32;
T_11.55 ;
    %load/vec4 v0x602ebb401570_0;
    %cmpi/s 32, 0, 32;
    %jmp/0xz T_11.56, 5;
    %pushi/vec4 0, 0, 32;
    %ix/getv/s 4, v0x602ebb401570_0;
    %store/vec4a v0x602ebb3fe380, 4, 0;
    %load/vec4 v0x602ebb401570_0;
    %addi 1, 0, 32;
    %store/vec4 v0x602ebb401570_0, 0, 32;
    %jmp T_11.55;
T_11.56 ;
    %pushi/vec4 12583059, 0, 32;
    %ix/load 4, 0, 0;
    %flag_set/imm 4, 0;
    %store/vec4a v0x602ebb3fcd50, 4, 0;
    %pushi/vec4 5243155, 0, 32;
    %ix/load 4, 1, 0;
    %flag_set/imm 4, 0;
    %store/vec4a v0x602ebb3fcd50, 4, 0;
    %pushi/vec4 12583315, 0, 32;
    %ix/load 4, 2, 0;
    %flag_set/imm 4, 0;
    %store/vec4a v0x602ebb3fcd50, 4, 0;
    %pushi/vec4 9437715, 0, 32;
    %ix/load 4, 3, 0;
    %flag_set/imm 4, 0;
    %store/vec4a v0x602ebb3fcd50, 4, 0;
    %pushi/vec4 1, 0, 1;
    %store/vec4 v0x602ebb401650_0, 0, 1;
    %fork TD_tb.tick, S_0x602ebb400e60;
    %join;
    %pushi/vec4 0, 0, 1;
    %store/vec4 v0x602ebb401650_0, 0, 1;
    %pushi/vec4 0, 0, 32;
    %store/vec4 v0x602ebb401210_0, 0, 32;
T_11.57 ;
    %load/vec4 v0x602ebb4012d0_0;
    %nor/r;
    %flag_set/vec4 9;
    %flag_get/vec4 9;
    %jmp/0 T_11.59, 9;
    %load/vec4 v0x602ebb401210_0;
    %cmpi/s 5000, 0, 32;
    %flag_get/vec4 5;
    %and;
T_11.59;
    %flag_set/vec4 8;
    %jmp/0xz T_11.58, 8;
    %fork TD_tb.tick, S_0x602ebb400e60;
    %join;
    %jmp T_11.57;
T_11.58 ;
    %vpi_call/w 5 440 "$display", "BATCH_RESULT idx=11 prediction=%0d cycles=%0d halted=%0d", &A<v0x602ebb3fe380, 31>, v0x602ebb401210_0, v0x602ebb4012d0_0 {0 0 0};
    %pushi/vec4 0, 0, 32;
    %store/vec4 v0x602ebb401570_0, 0, 32;
T_11.60 ;
    %load/vec4 v0x602ebb401570_0;
    %cmpi/s 32, 0, 32;
    %jmp/0xz T_11.61, 5;
    %pushi/vec4 0, 0, 32;
    %ix/getv/s 4, v0x602ebb401570_0;
    %store/vec4a v0x602ebb3fe380, 4, 0;
    %load/vec4 v0x602ebb401570_0;
    %addi 1, 0, 32;
    %store/vec4 v0x602ebb401570_0, 0, 32;
    %jmp T_11.60;
T_11.61 ;
    %pushi/vec4 72351891, 0, 32;
    %ix/load 4, 0, 0;
    %flag_set/imm 4, 0;
    %store/vec4a v0x602ebb3fcd50, 4, 0;
    %pushi/vec4 10486035, 0, 32;
    %ix/load 4, 1, 0;
    %flag_set/imm 4, 0;
    %store/vec4a v0x602ebb3fcd50, 4, 0;
    %pushi/vec4 73400723, 0, 32;
    %ix/load 4, 2, 0;
    %flag_set/imm 4, 0;
    %store/vec4a v0x602ebb3fcd50, 4, 0;
    %pushi/vec4 91226643, 0, 32;
    %ix/load 4, 3, 0;
    %flag_set/imm 4, 0;
    %store/vec4a v0x602ebb3fcd50, 4, 0;
    %pushi/vec4 1, 0, 1;
    %store/vec4 v0x602ebb401650_0, 0, 1;
    %fork TD_tb.tick, S_0x602ebb400e60;
    %join;
    %pushi/vec4 0, 0, 1;
    %store/vec4 v0x602ebb401650_0, 0, 1;
    %pushi/vec4 0, 0, 32;
    %store/vec4 v0x602ebb401210_0, 0, 32;
T_11.62 ;
    %load/vec4 v0x602ebb4012d0_0;
    %nor/r;
    %flag_set/vec4 9;
    %flag_get/vec4 9;
    %jmp/0 T_11.64, 9;
    %load/vec4 v0x602ebb401210_0;
    %cmpi/s 5000, 0, 32;
    %flag_get/vec4 5;
    %and;
T_11.64;
    %flag_set/vec4 8;
    %jmp/0xz T_11.63, 8;
    %fork TD_tb.tick, S_0x602ebb400e60;
    %join;
    %jmp T_11.62;
T_11.63 ;
    %vpi_call/w 5 449 "$display", "BATCH_RESULT idx=12 prediction=%0d cycles=%0d halted=%0d", &A<v0x602ebb3fe380, 31>, v0x602ebb401210_0, v0x602ebb4012d0_0 {0 0 0};
    %pushi/vec4 0, 0, 32;
    %store/vec4 v0x602ebb401570_0, 0, 32;
T_11.65 ;
    %load/vec4 v0x602ebb401570_0;
    %cmpi/s 32, 0, 32;
    %jmp/0xz T_11.66, 5;
    %pushi/vec4 0, 0, 32;
    %ix/getv/s 4, v0x602ebb401570_0;
    %store/vec4a v0x602ebb3fe380, 4, 0;
    %load/vec4 v0x602ebb401570_0;
    %addi 1, 0, 32;
    %store/vec4 v0x602ebb401570_0, 0, 32;
    %jmp T_11.65;
T_11.66 ;
    %pushi/vec4 16777363, 0, 32;
    %ix/load 4, 0, 0;
    %flag_set/imm 4, 0;
    %store/vec4a v0x602ebb3fcd50, 4, 0;
    %pushi/vec4 32506131, 0, 32;
    %ix/load 4, 1, 0;
    %flag_set/imm 4, 0;
    %store/vec4a v0x602ebb3fcd50, 4, 0;
    %pushi/vec4 16777619, 0, 32;
    %ix/load 4, 2, 0;
    %flag_set/imm 4, 0;
    %store/vec4a v0x602ebb3fcd50, 4, 0;
    %pushi/vec4 16777747, 0, 32;
    %ix/load 4, 3, 0;
    %flag_set/imm 4, 0;
    %store/vec4a v0x602ebb3fcd50, 4, 0;
    %pushi/vec4 1, 0, 1;
    %store/vec4 v0x602ebb401650_0, 0, 1;
    %fork TD_tb.tick, S_0x602ebb400e60;
    %join;
    %pushi/vec4 0, 0, 1;
    %store/vec4 v0x602ebb401650_0, 0, 1;
    %pushi/vec4 0, 0, 32;
    %store/vec4 v0x602ebb401210_0, 0, 32;
T_11.67 ;
    %load/vec4 v0x602ebb4012d0_0;
    %nor/r;
    %flag_set/vec4 9;
    %flag_get/vec4 9;
    %jmp/0 T_11.69, 9;
    %load/vec4 v0x602ebb401210_0;
    %cmpi/s 5000, 0, 32;
    %flag_get/vec4 5;
    %and;
T_11.69;
    %flag_set/vec4 8;
    %jmp/0xz T_11.68, 8;
    %fork TD_tb.tick, S_0x602ebb400e60;
    %join;
    %jmp T_11.67;
T_11.68 ;
    %vpi_call/w 5 458 "$display", "BATCH_RESULT idx=13 prediction=%0d cycles=%0d halted=%0d", &A<v0x602ebb3fe380, 31>, v0x602ebb401210_0, v0x602ebb4012d0_0 {0 0 0};
    %pushi/vec4 0, 0, 32;
    %store/vec4 v0x602ebb401570_0, 0, 32;
T_11.70 ;
    %load/vec4 v0x602ebb401570_0;
    %cmpi/s 32, 0, 32;
    %jmp/0xz T_11.71, 5;
    %pushi/vec4 0, 0, 32;
    %ix/getv/s 4, v0x602ebb401570_0;
    %store/vec4a v0x602ebb3fe380, 4, 0;
    %load/vec4 v0x602ebb401570_0;
    %addi 1, 0, 32;
    %store/vec4 v0x602ebb401570_0, 0, 32;
    %jmp T_11.70;
T_11.71 ;
    %pushi/vec4 7340179, 0, 32;
    %ix/load 4, 0, 0;
    %flag_set/imm 4, 0;
    %store/vec4a v0x602ebb3fcd50, 4, 0;
    %pushi/vec4 24117523, 0, 32;
    %ix/load 4, 1, 0;
    %flag_set/imm 4, 0;
    %store/vec4a v0x602ebb3fcd50, 4, 0;
    %pushi/vec4 9437587, 0, 32;
    %ix/load 4, 2, 0;
    %flag_set/imm 4, 0;
    %store/vec4a v0x602ebb3fcd50, 4, 0;
    %pushi/vec4 5243411, 0, 32;
    %ix/load 4, 3, 0;
    %flag_set/imm 4, 0;
    %store/vec4a v0x602ebb3fcd50, 4, 0;
    %pushi/vec4 1, 0, 1;
    %store/vec4 v0x602ebb401650_0, 0, 1;
    %fork TD_tb.tick, S_0x602ebb400e60;
    %join;
    %pushi/vec4 0, 0, 1;
    %store/vec4 v0x602ebb401650_0, 0, 1;
    %pushi/vec4 0, 0, 32;
    %store/vec4 v0x602ebb401210_0, 0, 32;
T_11.72 ;
    %load/vec4 v0x602ebb4012d0_0;
    %nor/r;
    %flag_set/vec4 9;
    %flag_get/vec4 9;
    %jmp/0 T_11.74, 9;
    %load/vec4 v0x602ebb401210_0;
    %cmpi/s 5000, 0, 32;
    %flag_get/vec4 5;
    %and;
T_11.74;
    %flag_set/vec4 8;
    %jmp/0xz T_11.73, 8;
    %fork TD_tb.tick, S_0x602ebb400e60;
    %join;
    %jmp T_11.72;
T_11.73 ;
    %vpi_call/w 5 467 "$display", "BATCH_RESULT idx=14 prediction=%0d cycles=%0d halted=%0d", &A<v0x602ebb3fe380, 31>, v0x602ebb401210_0, v0x602ebb4012d0_0 {0 0 0};
    %pushi/vec4 0, 0, 32;
    %store/vec4 v0x602ebb401570_0, 0, 32;
T_11.75 ;
    %load/vec4 v0x602ebb401570_0;
    %cmpi/s 32, 0, 32;
    %jmp/0xz T_11.76, 5;
    %pushi/vec4 0, 0, 32;
    %ix/getv/s 4, v0x602ebb401570_0;
    %store/vec4a v0x602ebb3fe380, 4, 0;
    %load/vec4 v0x602ebb401570_0;
    %addi 1, 0, 32;
    %store/vec4 v0x602ebb401570_0, 0, 32;
    %jmp T_11.75;
T_11.76 ;
    %pushi/vec4 3145875, 0, 32;
    %ix/load 4, 0, 0;
    %flag_set/imm 4, 0;
    %store/vec4a v0x602ebb3fcd50, 4, 0;
    %pushi/vec4 9437459, 0, 32;
    %ix/load 4, 1, 0;
    %flag_set/imm 4, 0;
    %store/vec4a v0x602ebb3fcd50, 4, 0;
    %pushi/vec4 5243283, 0, 32;
    %ix/load 4, 2, 0;
    %flag_set/imm 4, 0;
    %store/vec4a v0x602ebb3fcd50, 4, 0;
    %pushi/vec4 531, 0, 32;
    %ix/load 4, 3, 0;
    %flag_set/imm 4, 0;
    %store/vec4a v0x602ebb3fcd50, 4, 0;
    %pushi/vec4 1, 0, 1;
    %store/vec4 v0x602ebb401650_0, 0, 1;
    %fork TD_tb.tick, S_0x602ebb400e60;
    %join;
    %pushi/vec4 0, 0, 1;
    %store/vec4 v0x602ebb401650_0, 0, 1;
    %pushi/vec4 0, 0, 32;
    %store/vec4 v0x602ebb401210_0, 0, 32;
T_11.77 ;
    %load/vec4 v0x602ebb4012d0_0;
    %nor/r;
    %flag_set/vec4 9;
    %flag_get/vec4 9;
    %jmp/0 T_11.79, 9;
    %load/vec4 v0x602ebb401210_0;
    %cmpi/s 5000, 0, 32;
    %flag_get/vec4 5;
    %and;
T_11.79;
    %flag_set/vec4 8;
    %jmp/0xz T_11.78, 8;
    %fork TD_tb.tick, S_0x602ebb400e60;
    %join;
    %jmp T_11.77;
T_11.78 ;
    %vpi_call/w 5 476 "$display", "BATCH_RESULT idx=15 prediction=%0d cycles=%0d halted=%0d", &A<v0x602ebb3fe380, 31>, v0x602ebb401210_0, v0x602ebb4012d0_0 {0 0 0};
    %pushi/vec4 0, 0, 32;
    %store/vec4 v0x602ebb401570_0, 0, 32;
T_11.80 ;
    %load/vec4 v0x602ebb401570_0;
    %cmpi/s 32, 0, 32;
    %jmp/0xz T_11.81, 5;
    %pushi/vec4 0, 0, 32;
    %ix/getv/s 4, v0x602ebb401570_0;
    %store/vec4a v0x602ebb3fe380, 4, 0;
    %load/vec4 v0x602ebb401570_0;
    %addi 1, 0, 32;
    %store/vec4 v0x602ebb401570_0, 0, 32;
    %jmp T_11.80;
T_11.81 ;
    %pushi/vec4 34603155, 0, 32;
    %ix/load 4, 0, 0;
    %flag_set/imm 4, 0;
    %store/vec4a v0x602ebb3fcd50, 4, 0;
    %pushi/vec4 18874643, 0, 32;
    %ix/load 4, 1, 0;
    %flag_set/imm 4, 0;
    %store/vec4a v0x602ebb3fcd50, 4, 0;
    %pushi/vec4 41943443, 0, 32;
    %ix/load 4, 2, 0;
    %flag_set/imm 4, 0;
    %store/vec4a v0x602ebb3fcd50, 4, 0;
    %pushi/vec4 34603539, 0, 32;
    %ix/load 4, 3, 0;
    %flag_set/imm 4, 0;
    %store/vec4a v0x602ebb3fcd50, 4, 0;
    %pushi/vec4 1, 0, 1;
    %store/vec4 v0x602ebb401650_0, 0, 1;
    %fork TD_tb.tick, S_0x602ebb400e60;
    %join;
    %pushi/vec4 0, 0, 1;
    %store/vec4 v0x602ebb401650_0, 0, 1;
    %pushi/vec4 0, 0, 32;
    %store/vec4 v0x602ebb401210_0, 0, 32;
T_11.82 ;
    %load/vec4 v0x602ebb4012d0_0;
    %nor/r;
    %flag_set/vec4 9;
    %flag_get/vec4 9;
    %jmp/0 T_11.84, 9;
    %load/vec4 v0x602ebb401210_0;
    %cmpi/s 5000, 0, 32;
    %flag_get/vec4 5;
    %and;
T_11.84;
    %flag_set/vec4 8;
    %jmp/0xz T_11.83, 8;
    %fork TD_tb.tick, S_0x602ebb400e60;
    %join;
    %jmp T_11.82;
T_11.83 ;
    %vpi_call/w 5 485 "$display", "BATCH_RESULT idx=16 prediction=%0d cycles=%0d halted=%0d", &A<v0x602ebb3fe380, 31>, v0x602ebb401210_0, v0x602ebb4012d0_0 {0 0 0};
    %pushi/vec4 0, 0, 32;
    %store/vec4 v0x602ebb401570_0, 0, 32;
T_11.85 ;
    %load/vec4 v0x602ebb401570_0;
    %cmpi/s 32, 0, 32;
    %jmp/0xz T_11.86, 5;
    %pushi/vec4 0, 0, 32;
    %ix/getv/s 4, v0x602ebb401570_0;
    %store/vec4a v0x602ebb3fe380, 4, 0;
    %load/vec4 v0x602ebb401570_0;
    %addi 1, 0, 32;
    %store/vec4 v0x602ebb401570_0, 0, 32;
    %jmp T_11.85;
T_11.86 ;
    %pushi/vec4 31457427, 0, 32;
    %ix/load 4, 0, 0;
    %flag_set/imm 4, 0;
    %store/vec4a v0x602ebb3fcd50, 4, 0;
    %pushi/vec4 24117523, 0, 32;
    %ix/load 4, 1, 0;
    %flag_set/imm 4, 0;
    %store/vec4a v0x602ebb3fcd50, 4, 0;
    %pushi/vec4 31457683, 0, 32;
    %ix/load 4, 2, 0;
    %flag_set/imm 4, 0;
    %store/vec4a v0x602ebb3fcd50, 4, 0;
    %pushi/vec4 31457811, 0, 32;
    %ix/load 4, 3, 0;
    %flag_set/imm 4, 0;
    %store/vec4a v0x602ebb3fcd50, 4, 0;
    %pushi/vec4 1, 0, 1;
    %store/vec4 v0x602ebb401650_0, 0, 1;
    %fork TD_tb.tick, S_0x602ebb400e60;
    %join;
    %pushi/vec4 0, 0, 1;
    %store/vec4 v0x602ebb401650_0, 0, 1;
    %pushi/vec4 0, 0, 32;
    %store/vec4 v0x602ebb401210_0, 0, 32;
T_11.87 ;
    %load/vec4 v0x602ebb4012d0_0;
    %nor/r;
    %flag_set/vec4 9;
    %flag_get/vec4 9;
    %jmp/0 T_11.89, 9;
    %load/vec4 v0x602ebb401210_0;
    %cmpi/s 5000, 0, 32;
    %flag_get/vec4 5;
    %and;
T_11.89;
    %flag_set/vec4 8;
    %jmp/0xz T_11.88, 8;
    %fork TD_tb.tick, S_0x602ebb400e60;
    %join;
    %jmp T_11.87;
T_11.88 ;
    %vpi_call/w 5 494 "$display", "BATCH_RESULT idx=17 prediction=%0d cycles=%0d halted=%0d", &A<v0x602ebb3fe380, 31>, v0x602ebb401210_0, v0x602ebb4012d0_0 {0 0 0};
    %pushi/vec4 0, 0, 32;
    %store/vec4 v0x602ebb401570_0, 0, 32;
T_11.90 ;
    %load/vec4 v0x602ebb401570_0;
    %cmpi/s 32, 0, 32;
    %jmp/0xz T_11.91, 5;
    %pushi/vec4 0, 0, 32;
    %ix/getv/s 4, v0x602ebb401570_0;
    %store/vec4a v0x602ebb3fe380, 4, 0;
    %load/vec4 v0x602ebb401570_0;
    %addi 1, 0, 32;
    %store/vec4 v0x602ebb401570_0, 0, 32;
    %jmp T_11.90;
T_11.91 ;
    %pushi/vec4 32506003, 0, 32;
    %ix/load 4, 0, 0;
    %flag_set/imm 4, 0;
    %store/vec4a v0x602ebb3fcd50, 4, 0;
    %pushi/vec4 4194579, 0, 32;
    %ix/load 4, 1, 0;
    %flag_set/imm 4, 0;
    %store/vec4a v0x602ebb3fcd50, 4, 0;
    %pushi/vec4 31457683, 0, 32;
    %ix/load 4, 2, 0;
    %flag_set/imm 4, 0;
    %store/vec4a v0x602ebb3fcd50, 4, 0;
    %pushi/vec4 32506387, 0, 32;
    %ix/load 4, 3, 0;
    %flag_set/imm 4, 0;
    %store/vec4a v0x602ebb3fcd50, 4, 0;
    %pushi/vec4 1, 0, 1;
    %store/vec4 v0x602ebb401650_0, 0, 1;
    %fork TD_tb.tick, S_0x602ebb400e60;
    %join;
    %pushi/vec4 0, 0, 1;
    %store/vec4 v0x602ebb401650_0, 0, 1;
    %pushi/vec4 0, 0, 32;
    %store/vec4 v0x602ebb401210_0, 0, 32;
T_11.92 ;
    %load/vec4 v0x602ebb4012d0_0;
    %nor/r;
    %flag_set/vec4 9;
    %flag_get/vec4 9;
    %jmp/0 T_11.94, 9;
    %load/vec4 v0x602ebb401210_0;
    %cmpi/s 5000, 0, 32;
    %flag_get/vec4 5;
    %and;
T_11.94;
    %flag_set/vec4 8;
    %jmp/0xz T_11.93, 8;
    %fork TD_tb.tick, S_0x602ebb400e60;
    %join;
    %jmp T_11.92;
T_11.93 ;
    %vpi_call/w 5 503 "$display", "BATCH_RESULT idx=18 prediction=%0d cycles=%0d halted=%0d", &A<v0x602ebb3fe380, 31>, v0x602ebb401210_0, v0x602ebb4012d0_0 {0 0 0};
    %pushi/vec4 0, 0, 32;
    %store/vec4 v0x602ebb401570_0, 0, 32;
T_11.95 ;
    %load/vec4 v0x602ebb401570_0;
    %cmpi/s 32, 0, 32;
    %jmp/0xz T_11.96, 5;
    %pushi/vec4 0, 0, 32;
    %ix/getv/s 4, v0x602ebb401570_0;
    %store/vec4a v0x602ebb3fe380, 4, 0;
    %load/vec4 v0x602ebb401570_0;
    %addi 1, 0, 32;
    %store/vec4 v0x602ebb401570_0, 0, 32;
    %jmp T_11.95;
T_11.96 ;
    %pushi/vec4 33554579, 0, 32;
    %ix/load 4, 0, 0;
    %flag_set/imm 4, 0;
    %store/vec4a v0x602ebb3fcd50, 4, 0;
    %pushi/vec4 1048851, 0, 32;
    %ix/load 4, 1, 0;
    %flag_set/imm 4, 0;
    %store/vec4a v0x602ebb3fcd50, 4, 0;
    %pushi/vec4 32506259, 0, 32;
    %ix/load 4, 2, 0;
    %flag_set/imm 4, 0;
    %store/vec4a v0x602ebb3fcd50, 4, 0;
    %pushi/vec4 35652115, 0, 32;
    %ix/load 4, 3, 0;
    %flag_set/imm 4, 0;
    %store/vec4a v0x602ebb3fcd50, 4, 0;
    %pushi/vec4 1, 0, 1;
    %store/vec4 v0x602ebb401650_0, 0, 1;
    %fork TD_tb.tick, S_0x602ebb400e60;
    %join;
    %pushi/vec4 0, 0, 1;
    %store/vec4 v0x602ebb401650_0, 0, 1;
    %pushi/vec4 0, 0, 32;
    %store/vec4 v0x602ebb401210_0, 0, 32;
T_11.97 ;
    %load/vec4 v0x602ebb4012d0_0;
    %nor/r;
    %flag_set/vec4 9;
    %flag_get/vec4 9;
    %jmp/0 T_11.99, 9;
    %load/vec4 v0x602ebb401210_0;
    %cmpi/s 5000, 0, 32;
    %flag_get/vec4 5;
    %and;
T_11.99;
    %flag_set/vec4 8;
    %jmp/0xz T_11.98, 8;
    %fork TD_tb.tick, S_0x602ebb400e60;
    %join;
    %jmp T_11.97;
T_11.98 ;
    %vpi_call/w 5 512 "$display", "BATCH_RESULT idx=19 prediction=%0d cycles=%0d halted=%0d", &A<v0x602ebb3fe380, 31>, v0x602ebb401210_0, v0x602ebb4012d0_0 {0 0 0};
    %pushi/vec4 0, 0, 32;
    %store/vec4 v0x602ebb401570_0, 0, 32;
T_11.100 ;
    %load/vec4 v0x602ebb401570_0;
    %cmpi/s 32, 0, 32;
    %jmp/0xz T_11.101, 5;
    %pushi/vec4 0, 0, 32;
    %ix/getv/s 4, v0x602ebb401570_0;
    %store/vec4a v0x602ebb3fe380, 4, 0;
    %load/vec4 v0x602ebb401570_0;
    %addi 1, 0, 32;
    %store/vec4 v0x602ebb401570_0, 0, 32;
    %jmp T_11.100;
T_11.101 ;
    %pushi/vec4 26214547, 0, 32;
    %ix/load 4, 0, 0;
    %flag_set/imm 4, 0;
    %store/vec4a v0x602ebb3fcd50, 4, 0;
    %pushi/vec4 4285530387, 0, 32;
    %ix/load 4, 1, 0;
    %flag_set/imm 4, 0;
    %store/vec4a v0x602ebb3fcd50, 4, 0;
    %pushi/vec4 24117651, 0, 32;
    %ix/load 4, 2, 0;
    %flag_set/imm 4, 0;
    %store/vec4a v0x602ebb3fcd50, 4, 0;
    %pushi/vec4 25166355, 0, 32;
    %ix/load 4, 3, 0;
    %flag_set/imm 4, 0;
    %store/vec4a v0x602ebb3fcd50, 4, 0;
    %pushi/vec4 1, 0, 1;
    %store/vec4 v0x602ebb401650_0, 0, 1;
    %fork TD_tb.tick, S_0x602ebb400e60;
    %join;
    %pushi/vec4 0, 0, 1;
    %store/vec4 v0x602ebb401650_0, 0, 1;
    %pushi/vec4 0, 0, 32;
    %store/vec4 v0x602ebb401210_0, 0, 32;
T_11.102 ;
    %load/vec4 v0x602ebb4012d0_0;
    %nor/r;
    %flag_set/vec4 9;
    %flag_get/vec4 9;
    %jmp/0 T_11.104, 9;
    %load/vec4 v0x602ebb401210_0;
    %cmpi/s 5000, 0, 32;
    %flag_get/vec4 5;
    %and;
T_11.104;
    %flag_set/vec4 8;
    %jmp/0xz T_11.103, 8;
    %fork TD_tb.tick, S_0x602ebb400e60;
    %join;
    %jmp T_11.102;
T_11.103 ;
    %vpi_call/w 5 521 "$display", "BATCH_RESULT idx=20 prediction=%0d cycles=%0d halted=%0d", &A<v0x602ebb3fe380, 31>, v0x602ebb401210_0, v0x602ebb4012d0_0 {0 0 0};
    %pushi/vec4 0, 0, 32;
    %store/vec4 v0x602ebb401570_0, 0, 32;
T_11.105 ;
    %load/vec4 v0x602ebb401570_0;
    %cmpi/s 32, 0, 32;
    %jmp/0xz T_11.106, 5;
    %pushi/vec4 0, 0, 32;
    %ix/getv/s 4, v0x602ebb401570_0;
    %store/vec4a v0x602ebb3fe380, 4, 0;
    %load/vec4 v0x602ebb401570_0;
    %addi 1, 0, 32;
    %store/vec4 v0x602ebb401570_0, 0, 32;
    %jmp T_11.105;
T_11.106 ;
    %pushi/vec4 56623251, 0, 32;
    %ix/load 4, 0, 0;
    %flag_set/imm 4, 0;
    %store/vec4a v0x602ebb3fcd50, 4, 0;
    %pushi/vec4 3146003, 0, 32;
    %ix/load 4, 1, 0;
    %flag_set/imm 4, 0;
    %store/vec4a v0x602ebb3fcd50, 4, 0;
    %pushi/vec4 60817811, 0, 32;
    %ix/load 4, 2, 0;
    %flag_set/imm 4, 0;
    %store/vec4a v0x602ebb3fcd50, 4, 0;
    %pushi/vec4 62915091, 0, 32;
    %ix/load 4, 3, 0;
    %flag_set/imm 4, 0;
    %store/vec4a v0x602ebb3fcd50, 4, 0;
    %pushi/vec4 1, 0, 1;
    %store/vec4 v0x602ebb401650_0, 0, 1;
    %fork TD_tb.tick, S_0x602ebb400e60;
    %join;
    %pushi/vec4 0, 0, 1;
    %store/vec4 v0x602ebb401650_0, 0, 1;
    %pushi/vec4 0, 0, 32;
    %store/vec4 v0x602ebb401210_0, 0, 32;
T_11.107 ;
    %load/vec4 v0x602ebb4012d0_0;
    %nor/r;
    %flag_set/vec4 9;
    %flag_get/vec4 9;
    %jmp/0 T_11.109, 9;
    %load/vec4 v0x602ebb401210_0;
    %cmpi/s 5000, 0, 32;
    %flag_get/vec4 5;
    %and;
T_11.109;
    %flag_set/vec4 8;
    %jmp/0xz T_11.108, 8;
    %fork TD_tb.tick, S_0x602ebb400e60;
    %join;
    %jmp T_11.107;
T_11.108 ;
    %vpi_call/w 5 530 "$display", "BATCH_RESULT idx=21 prediction=%0d cycles=%0d halted=%0d", &A<v0x602ebb3fe380, 31>, v0x602ebb401210_0, v0x602ebb4012d0_0 {0 0 0};
    %pushi/vec4 0, 0, 32;
    %store/vec4 v0x602ebb401570_0, 0, 32;
T_11.110 ;
    %load/vec4 v0x602ebb401570_0;
    %cmpi/s 32, 0, 32;
    %jmp/0xz T_11.111, 5;
    %pushi/vec4 0, 0, 32;
    %ix/getv/s 4, v0x602ebb401570_0;
    %store/vec4a v0x602ebb3fe380, 4, 0;
    %load/vec4 v0x602ebb401570_0;
    %addi 1, 0, 32;
    %store/vec4 v0x602ebb401570_0, 0, 32;
    %jmp T_11.110;
T_11.111 ;
    %pushi/vec4 12583059, 0, 32;
    %ix/load 4, 0, 0;
    %flag_set/imm 4, 0;
    %store/vec4a v0x602ebb3fcd50, 4, 0;
    %pushi/vec4 10486035, 0, 32;
    %ix/load 4, 1, 0;
    %flag_set/imm 4, 0;
    %store/vec4a v0x602ebb3fcd50, 4, 0;
    %pushi/vec4 13631891, 0, 32;
    %ix/load 4, 2, 0;
    %flag_set/imm 4, 0;
    %store/vec4a v0x602ebb3fcd50, 4, 0;
    %pushi/vec4 10486291, 0, 32;
    %ix/load 4, 3, 0;
    %flag_set/imm 4, 0;
    %store/vec4a v0x602ebb3fcd50, 4, 0;
    %pushi/vec4 1, 0, 1;
    %store/vec4 v0x602ebb401650_0, 0, 1;
    %fork TD_tb.tick, S_0x602ebb400e60;
    %join;
    %pushi/vec4 0, 0, 1;
    %store/vec4 v0x602ebb401650_0, 0, 1;
    %pushi/vec4 0, 0, 32;
    %store/vec4 v0x602ebb401210_0, 0, 32;
T_11.112 ;
    %load/vec4 v0x602ebb4012d0_0;
    %nor/r;
    %flag_set/vec4 9;
    %flag_get/vec4 9;
    %jmp/0 T_11.114, 9;
    %load/vec4 v0x602ebb401210_0;
    %cmpi/s 5000, 0, 32;
    %flag_get/vec4 5;
    %and;
T_11.114;
    %flag_set/vec4 8;
    %jmp/0xz T_11.113, 8;
    %fork TD_tb.tick, S_0x602ebb400e60;
    %join;
    %jmp T_11.112;
T_11.113 ;
    %vpi_call/w 5 539 "$display", "BATCH_RESULT idx=22 prediction=%0d cycles=%0d halted=%0d", &A<v0x602ebb3fe380, 31>, v0x602ebb401210_0, v0x602ebb4012d0_0 {0 0 0};
    %pushi/vec4 0, 0, 32;
    %store/vec4 v0x602ebb401570_0, 0, 32;
T_11.115 ;
    %load/vec4 v0x602ebb401570_0;
    %cmpi/s 32, 0, 32;
    %jmp/0xz T_11.116, 5;
    %pushi/vec4 0, 0, 32;
    %ix/getv/s 4, v0x602ebb401570_0;
    %store/vec4a v0x602ebb3fe380, 4, 0;
    %load/vec4 v0x602ebb401570_0;
    %addi 1, 0, 32;
    %store/vec4 v0x602ebb401570_0, 0, 32;
    %jmp T_11.115;
T_11.116 ;
    %pushi/vec4 6291603, 0, 32;
    %ix/load 4, 0, 0;
    %flag_set/imm 4, 0;
    %store/vec4a v0x602ebb3fcd50, 4, 0;
    %pushi/vec4 42991891, 0, 32;
    %ix/load 4, 1, 0;
    %flag_set/imm 4, 0;
    %store/vec4a v0x602ebb3fcd50, 4, 0;
    %pushi/vec4 4194707, 0, 32;
    %ix/load 4, 2, 0;
    %flag_set/imm 4, 0;
    %store/vec4a v0x602ebb3fcd50, 4, 0;
    %pushi/vec4 4194835, 0, 32;
    %ix/load 4, 3, 0;
    %flag_set/imm 4, 0;
    %store/vec4a v0x602ebb3fcd50, 4, 0;
    %pushi/vec4 1, 0, 1;
    %store/vec4 v0x602ebb401650_0, 0, 1;
    %fork TD_tb.tick, S_0x602ebb400e60;
    %join;
    %pushi/vec4 0, 0, 1;
    %store/vec4 v0x602ebb401650_0, 0, 1;
    %pushi/vec4 0, 0, 32;
    %store/vec4 v0x602ebb401210_0, 0, 32;
T_11.117 ;
    %load/vec4 v0x602ebb4012d0_0;
    %nor/r;
    %flag_set/vec4 9;
    %flag_get/vec4 9;
    %jmp/0 T_11.119, 9;
    %load/vec4 v0x602ebb401210_0;
    %cmpi/s 5000, 0, 32;
    %flag_get/vec4 5;
    %and;
T_11.119;
    %flag_set/vec4 8;
    %jmp/0xz T_11.118, 8;
    %fork TD_tb.tick, S_0x602ebb400e60;
    %join;
    %jmp T_11.117;
T_11.118 ;
    %vpi_call/w 5 548 "$display", "BATCH_RESULT idx=23 prediction=%0d cycles=%0d halted=%0d", &A<v0x602ebb3fe380, 31>, v0x602ebb401210_0, v0x602ebb4012d0_0 {0 0 0};
    %pushi/vec4 0, 0, 32;
    %store/vec4 v0x602ebb401570_0, 0, 32;
T_11.120 ;
    %load/vec4 v0x602ebb401570_0;
    %cmpi/s 32, 0, 32;
    %jmp/0xz T_11.121, 5;
    %pushi/vec4 0, 0, 32;
    %ix/getv/s 4, v0x602ebb401570_0;
    %store/vec4a v0x602ebb3fe380, 4, 0;
    %load/vec4 v0x602ebb401570_0;
    %addi 1, 0, 32;
    %store/vec4 v0x602ebb401570_0, 0, 32;
    %jmp T_11.120;
T_11.121 ;
    %pushi/vec4 22020243, 0, 32;
    %ix/load 4, 0, 0;
    %flag_set/imm 4, 0;
    %store/vec4a v0x602ebb3fcd50, 4, 0;
    %pushi/vec4 5243155, 0, 32;
    %ix/load 4, 1, 0;
    %flag_set/imm 4, 0;
    %store/vec4a v0x602ebb3fcd50, 4, 0;
    %pushi/vec4 22020499, 0, 32;
    %ix/load 4, 2, 0;
    %flag_set/imm 4, 0;
    %store/vec4a v0x602ebb3fcd50, 4, 0;
    %pushi/vec4 20972051, 0, 32;
    %ix/load 4, 3, 0;
    %flag_set/imm 4, 0;
    %store/vec4a v0x602ebb3fcd50, 4, 0;
    %pushi/vec4 1, 0, 1;
    %store/vec4 v0x602ebb401650_0, 0, 1;
    %fork TD_tb.tick, S_0x602ebb400e60;
    %join;
    %pushi/vec4 0, 0, 1;
    %store/vec4 v0x602ebb401650_0, 0, 1;
    %pushi/vec4 0, 0, 32;
    %store/vec4 v0x602ebb401210_0, 0, 32;
T_11.122 ;
    %load/vec4 v0x602ebb4012d0_0;
    %nor/r;
    %flag_set/vec4 9;
    %flag_get/vec4 9;
    %jmp/0 T_11.124, 9;
    %load/vec4 v0x602ebb401210_0;
    %cmpi/s 5000, 0, 32;
    %flag_get/vec4 5;
    %and;
T_11.124;
    %flag_set/vec4 8;
    %jmp/0xz T_11.123, 8;
    %fork TD_tb.tick, S_0x602ebb400e60;
    %join;
    %jmp T_11.122;
T_11.123 ;
    %vpi_call/w 5 557 "$display", "BATCH_RESULT idx=24 prediction=%0d cycles=%0d halted=%0d", &A<v0x602ebb3fe380, 31>, v0x602ebb401210_0, v0x602ebb4012d0_0 {0 0 0};
    %pushi/vec4 0, 0, 32;
    %store/vec4 v0x602ebb401570_0, 0, 32;
T_11.125 ;
    %load/vec4 v0x602ebb401570_0;
    %cmpi/s 32, 0, 32;
    %jmp/0xz T_11.126, 5;
    %pushi/vec4 0, 0, 32;
    %ix/getv/s 4, v0x602ebb401570_0;
    %store/vec4a v0x602ebb3fe380, 4, 0;
    %load/vec4 v0x602ebb401570_0;
    %addi 1, 0, 32;
    %store/vec4 v0x602ebb401570_0, 0, 32;
    %jmp T_11.125;
T_11.126 ;
    %pushi/vec4 1048723, 0, 32;
    %ix/load 4, 0, 0;
    %flag_set/imm 4, 0;
    %store/vec4a v0x602ebb3fcd50, 4, 0;
    %pushi/vec4 18874643, 0, 32;
    %ix/load 4, 1, 0;
    %flag_set/imm 4, 0;
    %store/vec4a v0x602ebb3fcd50, 4, 0;
    %pushi/vec4 2097555, 0, 32;
    %ix/load 4, 2, 0;
    %flag_set/imm 4, 0;
    %store/vec4a v0x602ebb3fcd50, 4, 0;
    %pushi/vec4 4293919251, 0, 32;
    %ix/load 4, 3, 0;
    %flag_set/imm 4, 0;
    %store/vec4a v0x602ebb3fcd50, 4, 0;
    %pushi/vec4 1, 0, 1;
    %store/vec4 v0x602ebb401650_0, 0, 1;
    %fork TD_tb.tick, S_0x602ebb400e60;
    %join;
    %pushi/vec4 0, 0, 1;
    %store/vec4 v0x602ebb401650_0, 0, 1;
    %pushi/vec4 0, 0, 32;
    %store/vec4 v0x602ebb401210_0, 0, 32;
T_11.127 ;
    %load/vec4 v0x602ebb4012d0_0;
    %nor/r;
    %flag_set/vec4 9;
    %flag_get/vec4 9;
    %jmp/0 T_11.129, 9;
    %load/vec4 v0x602ebb401210_0;
    %cmpi/s 5000, 0, 32;
    %flag_get/vec4 5;
    %and;
T_11.129;
    %flag_set/vec4 8;
    %jmp/0xz T_11.128, 8;
    %fork TD_tb.tick, S_0x602ebb400e60;
    %join;
    %jmp T_11.127;
T_11.128 ;
    %vpi_call/w 5 566 "$display", "BATCH_RESULT idx=25 prediction=%0d cycles=%0d halted=%0d", &A<v0x602ebb3fe380, 31>, v0x602ebb401210_0, v0x602ebb4012d0_0 {0 0 0};
    %pushi/vec4 0, 0, 32;
    %store/vec4 v0x602ebb401570_0, 0, 32;
T_11.130 ;
    %load/vec4 v0x602ebb401570_0;
    %cmpi/s 32, 0, 32;
    %jmp/0xz T_11.131, 5;
    %pushi/vec4 0, 0, 32;
    %ix/getv/s 4, v0x602ebb401570_0;
    %store/vec4a v0x602ebb3fe380, 4, 0;
    %load/vec4 v0x602ebb401570_0;
    %addi 1, 0, 32;
    %store/vec4 v0x602ebb401570_0, 0, 32;
    %jmp T_11.130;
T_11.131 ;
    %pushi/vec4 61866131, 0, 32;
    %ix/load 4, 0, 0;
    %flag_set/imm 4, 0;
    %store/vec4a v0x602ebb3fcd50, 4, 0;
    %pushi/vec4 23068947, 0, 32;
    %ix/load 4, 1, 0;
    %flag_set/imm 4, 0;
    %store/vec4a v0x602ebb3fcd50, 4, 0;
    %pushi/vec4 65012115, 0, 32;
    %ix/load 4, 2, 0;
    %flag_set/imm 4, 0;
    %store/vec4a v0x602ebb3fcd50, 4, 0;
    %pushi/vec4 70255123, 0, 32;
    %ix/load 4, 3, 0;
    %flag_set/imm 4, 0;
    %store/vec4a v0x602ebb3fcd50, 4, 0;
    %pushi/vec4 1, 0, 1;
    %store/vec4 v0x602ebb401650_0, 0, 1;
    %fork TD_tb.tick, S_0x602ebb400e60;
    %join;
    %pushi/vec4 0, 0, 1;
    %store/vec4 v0x602ebb401650_0, 0, 1;
    %pushi/vec4 0, 0, 32;
    %store/vec4 v0x602ebb401210_0, 0, 32;
T_11.132 ;
    %load/vec4 v0x602ebb4012d0_0;
    %nor/r;
    %flag_set/vec4 9;
    %flag_get/vec4 9;
    %jmp/0 T_11.134, 9;
    %load/vec4 v0x602ebb401210_0;
    %cmpi/s 5000, 0, 32;
    %flag_get/vec4 5;
    %and;
T_11.134;
    %flag_set/vec4 8;
    %jmp/0xz T_11.133, 8;
    %fork TD_tb.tick, S_0x602ebb400e60;
    %join;
    %jmp T_11.132;
T_11.133 ;
    %vpi_call/w 5 575 "$display", "BATCH_RESULT idx=26 prediction=%0d cycles=%0d halted=%0d", &A<v0x602ebb3fe380, 31>, v0x602ebb401210_0, v0x602ebb4012d0_0 {0 0 0};
    %pushi/vec4 0, 0, 32;
    %store/vec4 v0x602ebb401570_0, 0, 32;
T_11.135 ;
    %load/vec4 v0x602ebb401570_0;
    %cmpi/s 32, 0, 32;
    %jmp/0xz T_11.136, 5;
    %pushi/vec4 0, 0, 32;
    %ix/getv/s 4, v0x602ebb401570_0;
    %store/vec4a v0x602ebb3fe380, 4, 0;
    %load/vec4 v0x602ebb401570_0;
    %addi 1, 0, 32;
    %store/vec4 v0x602ebb401570_0, 0, 32;
    %jmp T_11.135;
T_11.136 ;
    %pushi/vec4 37748883, 0, 32;
    %ix/load 4, 0, 0;
    %flag_set/imm 4, 0;
    %store/vec4a v0x602ebb3fcd50, 4, 0;
    %pushi/vec4 24117523, 0, 32;
    %ix/load 4, 1, 0;
    %flag_set/imm 4, 0;
    %store/vec4a v0x602ebb3fcd50, 4, 0;
    %pushi/vec4 41943443, 0, 32;
    %ix/load 4, 2, 0;
    %flag_set/imm 4, 0;
    %store/vec4a v0x602ebb3fcd50, 4, 0;
    %pushi/vec4 39846419, 0, 32;
    %ix/load 4, 3, 0;
    %flag_set/imm 4, 0;
    %store/vec4a v0x602ebb3fcd50, 4, 0;
    %pushi/vec4 1, 0, 1;
    %store/vec4 v0x602ebb401650_0, 0, 1;
    %fork TD_tb.tick, S_0x602ebb400e60;
    %join;
    %pushi/vec4 0, 0, 1;
    %store/vec4 v0x602ebb401650_0, 0, 1;
    %pushi/vec4 0, 0, 32;
    %store/vec4 v0x602ebb401210_0, 0, 32;
T_11.137 ;
    %load/vec4 v0x602ebb4012d0_0;
    %nor/r;
    %flag_set/vec4 9;
    %flag_get/vec4 9;
    %jmp/0 T_11.139, 9;
    %load/vec4 v0x602ebb401210_0;
    %cmpi/s 5000, 0, 32;
    %flag_get/vec4 5;
    %and;
T_11.139;
    %flag_set/vec4 8;
    %jmp/0xz T_11.138, 8;
    %fork TD_tb.tick, S_0x602ebb400e60;
    %join;
    %jmp T_11.137;
T_11.138 ;
    %vpi_call/w 5 584 "$display", "BATCH_RESULT idx=27 prediction=%0d cycles=%0d halted=%0d", &A<v0x602ebb3fe380, 31>, v0x602ebb401210_0, v0x602ebb4012d0_0 {0 0 0};
    %pushi/vec4 0, 0, 32;
    %store/vec4 v0x602ebb401570_0, 0, 32;
T_11.140 ;
    %load/vec4 v0x602ebb401570_0;
    %cmpi/s 32, 0, 32;
    %jmp/0xz T_11.141, 5;
    %pushi/vec4 0, 0, 32;
    %ix/getv/s 4, v0x602ebb401570_0;
    %store/vec4a v0x602ebb3fe380, 4, 0;
    %load/vec4 v0x602ebb401570_0;
    %addi 1, 0, 32;
    %store/vec4 v0x602ebb401570_0, 0, 32;
    %jmp T_11.140;
T_11.141 ;
    %pushi/vec4 11534483, 0, 32;
    %ix/load 4, 0, 0;
    %flag_set/imm 4, 0;
    %store/vec4a v0x602ebb3fcd50, 4, 0;
    %pushi/vec4 15728915, 0, 32;
    %ix/load 4, 1, 0;
    %flag_set/imm 4, 0;
    %store/vec4a v0x602ebb3fcd50, 4, 0;
    %pushi/vec4 9437587, 0, 32;
    %ix/load 4, 2, 0;
    %flag_set/imm 4, 0;
    %store/vec4a v0x602ebb3fcd50, 4, 0;
    %pushi/vec4 9437715, 0, 32;
    %ix/load 4, 3, 0;
    %flag_set/imm 4, 0;
    %store/vec4a v0x602ebb3fcd50, 4, 0;
    %pushi/vec4 1, 0, 1;
    %store/vec4 v0x602ebb401650_0, 0, 1;
    %fork TD_tb.tick, S_0x602ebb400e60;
    %join;
    %pushi/vec4 0, 0, 1;
    %store/vec4 v0x602ebb401650_0, 0, 1;
    %pushi/vec4 0, 0, 32;
    %store/vec4 v0x602ebb401210_0, 0, 32;
T_11.142 ;
    %load/vec4 v0x602ebb4012d0_0;
    %nor/r;
    %flag_set/vec4 9;
    %flag_get/vec4 9;
    %jmp/0 T_11.144, 9;
    %load/vec4 v0x602ebb401210_0;
    %cmpi/s 5000, 0, 32;
    %flag_get/vec4 5;
    %and;
T_11.144;
    %flag_set/vec4 8;
    %jmp/0xz T_11.143, 8;
    %fork TD_tb.tick, S_0x602ebb400e60;
    %join;
    %jmp T_11.142;
T_11.143 ;
    %vpi_call/w 5 593 "$display", "BATCH_RESULT idx=28 prediction=%0d cycles=%0d halted=%0d", &A<v0x602ebb3fe380, 31>, v0x602ebb401210_0, v0x602ebb4012d0_0 {0 0 0};
    %pushi/vec4 0, 0, 32;
    %store/vec4 v0x602ebb401570_0, 0, 32;
T_11.145 ;
    %load/vec4 v0x602ebb401570_0;
    %cmpi/s 32, 0, 32;
    %jmp/0xz T_11.146, 5;
    %pushi/vec4 0, 0, 32;
    %ix/getv/s 4, v0x602ebb401570_0;
    %store/vec4a v0x602ebb3fe380, 4, 0;
    %load/vec4 v0x602ebb401570_0;
    %addi 1, 0, 32;
    %store/vec4 v0x602ebb401570_0, 0, 32;
    %jmp T_11.145;
T_11.146 ;
    %pushi/vec4 20971667, 0, 32;
    %ix/load 4, 0, 0;
    %flag_set/imm 4, 0;
    %store/vec4a v0x602ebb3fcd50, 4, 0;
    %pushi/vec4 35651859, 0, 32;
    %ix/load 4, 1, 0;
    %flag_set/imm 4, 0;
    %store/vec4a v0x602ebb3fcd50, 4, 0;
    %pushi/vec4 20971923, 0, 32;
    %ix/load 4, 2, 0;
    %flag_set/imm 4, 0;
    %store/vec4a v0x602ebb3fcd50, 4, 0;
    %pushi/vec4 18874899, 0, 32;
    %ix/load 4, 3, 0;
    %flag_set/imm 4, 0;
    %store/vec4a v0x602ebb3fcd50, 4, 0;
    %pushi/vec4 1, 0, 1;
    %store/vec4 v0x602ebb401650_0, 0, 1;
    %fork TD_tb.tick, S_0x602ebb400e60;
    %join;
    %pushi/vec4 0, 0, 1;
    %store/vec4 v0x602ebb401650_0, 0, 1;
    %pushi/vec4 0, 0, 32;
    %store/vec4 v0x602ebb401210_0, 0, 32;
T_11.147 ;
    %load/vec4 v0x602ebb4012d0_0;
    %nor/r;
    %flag_set/vec4 9;
    %flag_get/vec4 9;
    %jmp/0 T_11.149, 9;
    %load/vec4 v0x602ebb401210_0;
    %cmpi/s 5000, 0, 32;
    %flag_get/vec4 5;
    %and;
T_11.149;
    %flag_set/vec4 8;
    %jmp/0xz T_11.148, 8;
    %fork TD_tb.tick, S_0x602ebb400e60;
    %join;
    %jmp T_11.147;
T_11.148 ;
    %vpi_call/w 5 602 "$display", "BATCH_RESULT idx=29 prediction=%0d cycles=%0d halted=%0d", &A<v0x602ebb3fe380, 31>, v0x602ebb401210_0, v0x602ebb4012d0_0 {0 0 0};
    %pushi/vec4 0, 0, 32;
    %store/vec4 v0x602ebb401570_0, 0, 32;
T_11.150 ;
    %load/vec4 v0x602ebb401570_0;
    %cmpi/s 32, 0, 32;
    %jmp/0xz T_11.151, 5;
    %pushi/vec4 0, 0, 32;
    %ix/getv/s 4, v0x602ebb401570_0;
    %store/vec4a v0x602ebb3fe380, 4, 0;
    %load/vec4 v0x602ebb401570_0;
    %addi 1, 0, 32;
    %store/vec4 v0x602ebb401570_0, 0, 32;
    %jmp T_11.150;
T_11.151 ;
    %pushi/vec4 9437331, 0, 32;
    %ix/load 4, 0, 0;
    %flag_set/imm 4, 0;
    %store/vec4a v0x602ebb3fcd50, 4, 0;
    %pushi/vec4 14680339, 0, 32;
    %ix/load 4, 1, 0;
    %flag_set/imm 4, 0;
    %store/vec4a v0x602ebb3fcd50, 4, 0;
    %pushi/vec4 11534739, 0, 32;
    %ix/load 4, 2, 0;
    %flag_set/imm 4, 0;
    %store/vec4a v0x602ebb3fcd50, 4, 0;
    %pushi/vec4 8389139, 0, 32;
    %ix/load 4, 3, 0;
    %flag_set/imm 4, 0;
    %store/vec4a v0x602ebb3fcd50, 4, 0;
    %pushi/vec4 1, 0, 1;
    %store/vec4 v0x602ebb401650_0, 0, 1;
    %fork TD_tb.tick, S_0x602ebb400e60;
    %join;
    %pushi/vec4 0, 0, 1;
    %store/vec4 v0x602ebb401650_0, 0, 1;
    %pushi/vec4 0, 0, 32;
    %store/vec4 v0x602ebb401210_0, 0, 32;
T_11.152 ;
    %load/vec4 v0x602ebb4012d0_0;
    %nor/r;
    %flag_set/vec4 9;
    %flag_get/vec4 9;
    %jmp/0 T_11.154, 9;
    %load/vec4 v0x602ebb401210_0;
    %cmpi/s 5000, 0, 32;
    %flag_get/vec4 5;
    %and;
T_11.154;
    %flag_set/vec4 8;
    %jmp/0xz T_11.153, 8;
    %fork TD_tb.tick, S_0x602ebb400e60;
    %join;
    %jmp T_11.152;
T_11.153 ;
    %vpi_call/w 5 611 "$display", "BATCH_RESULT idx=30 prediction=%0d cycles=%0d halted=%0d", &A<v0x602ebb3fe380, 31>, v0x602ebb401210_0, v0x602ebb4012d0_0 {0 0 0};
    %pushi/vec4 0, 0, 32;
    %store/vec4 v0x602ebb401570_0, 0, 32;
T_11.155 ;
    %load/vec4 v0x602ebb401570_0;
    %cmpi/s 32, 0, 32;
    %jmp/0xz T_11.156, 5;
    %pushi/vec4 0, 0, 32;
    %ix/getv/s 4, v0x602ebb401570_0;
    %store/vec4a v0x602ebb3fe380, 4, 0;
    %load/vec4 v0x602ebb401570_0;
    %addi 1, 0, 32;
    %store/vec4 v0x602ebb401570_0, 0, 32;
    %jmp T_11.155;
T_11.156 ;
    %pushi/vec4 2097299, 0, 32;
    %ix/load 4, 0, 0;
    %flag_set/imm 4, 0;
    %store/vec4a v0x602ebb3fcd50, 4, 0;
    %pushi/vec4 13631763, 0, 32;
    %ix/load 4, 1, 0;
    %flag_set/imm 4, 0;
    %store/vec4a v0x602ebb3fcd50, 4, 0;
    %pushi/vec4 2097555, 0, 32;
    %ix/load 4, 2, 0;
    %flag_set/imm 4, 0;
    %store/vec4a v0x602ebb3fcd50, 4, 0;
    %pushi/vec4 531, 0, 32;
    %ix/load 4, 3, 0;
    %flag_set/imm 4, 0;
    %store/vec4a v0x602ebb3fcd50, 4, 0;
    %pushi/vec4 1, 0, 1;
    %store/vec4 v0x602ebb401650_0, 0, 1;
    %fork TD_tb.tick, S_0x602ebb400e60;
    %join;
    %pushi/vec4 0, 0, 1;
    %store/vec4 v0x602ebb401650_0, 0, 1;
    %pushi/vec4 0, 0, 32;
    %store/vec4 v0x602ebb401210_0, 0, 32;
T_11.157 ;
    %load/vec4 v0x602ebb4012d0_0;
    %nor/r;
    %flag_set/vec4 9;
    %flag_get/vec4 9;
    %jmp/0 T_11.159, 9;
    %load/vec4 v0x602ebb401210_0;
    %cmpi/s 5000, 0, 32;
    %flag_get/vec4 5;
    %and;
T_11.159;
    %flag_set/vec4 8;
    %jmp/0xz T_11.158, 8;
    %fork TD_tb.tick, S_0x602ebb400e60;
    %join;
    %jmp T_11.157;
T_11.158 ;
    %vpi_call/w 5 620 "$display", "BATCH_RESULT idx=31 prediction=%0d cycles=%0d halted=%0d", &A<v0x602ebb3fe380, 31>, v0x602ebb401210_0, v0x602ebb4012d0_0 {0 0 0};
    %pushi/vec4 0, 0, 32;
    %store/vec4 v0x602ebb401570_0, 0, 32;
T_11.160 ;
    %load/vec4 v0x602ebb401570_0;
    %cmpi/s 32, 0, 32;
    %jmp/0xz T_11.161, 5;
    %pushi/vec4 0, 0, 32;
    %ix/getv/s 4, v0x602ebb401570_0;
    %store/vec4a v0x602ebb3fe380, 4, 0;
    %load/vec4 v0x602ebb401570_0;
    %addi 1, 0, 32;
    %store/vec4 v0x602ebb401570_0, 0, 32;
    %jmp T_11.160;
T_11.161 ;
    %pushi/vec4 15728787, 0, 32;
    %ix/load 4, 0, 0;
    %flag_set/imm 4, 0;
    %store/vec4a v0x602ebb3fcd50, 4, 0;
    %pushi/vec4 4292870419, 0, 32;
    %ix/load 4, 1, 0;
    %flag_set/imm 4, 0;
    %store/vec4a v0x602ebb3fcd50, 4, 0;
    %pushi/vec4 14680467, 0, 32;
    %ix/load 4, 2, 0;
    %flag_set/imm 4, 0;
    %store/vec4a v0x602ebb3fcd50, 4, 0;
    %pushi/vec4 13632019, 0, 32;
    %ix/load 4, 3, 0;
    %flag_set/imm 4, 0;
    %store/vec4a v0x602ebb3fcd50, 4, 0;
    %pushi/vec4 1, 0, 1;
    %store/vec4 v0x602ebb401650_0, 0, 1;
    %fork TD_tb.tick, S_0x602ebb400e60;
    %join;
    %pushi/vec4 0, 0, 1;
    %store/vec4 v0x602ebb401650_0, 0, 1;
    %pushi/vec4 0, 0, 32;
    %store/vec4 v0x602ebb401210_0, 0, 32;
T_11.162 ;
    %load/vec4 v0x602ebb4012d0_0;
    %nor/r;
    %flag_set/vec4 9;
    %flag_get/vec4 9;
    %jmp/0 T_11.164, 9;
    %load/vec4 v0x602ebb401210_0;
    %cmpi/s 5000, 0, 32;
    %flag_get/vec4 5;
    %and;
T_11.164;
    %flag_set/vec4 8;
    %jmp/0xz T_11.163, 8;
    %fork TD_tb.tick, S_0x602ebb400e60;
    %join;
    %jmp T_11.162;
T_11.163 ;
    %vpi_call/w 5 629 "$display", "BATCH_RESULT idx=32 prediction=%0d cycles=%0d halted=%0d", &A<v0x602ebb3fe380, 31>, v0x602ebb401210_0, v0x602ebb4012d0_0 {0 0 0};
    %pushi/vec4 0, 0, 32;
    %store/vec4 v0x602ebb401570_0, 0, 32;
T_11.165 ;
    %load/vec4 v0x602ebb401570_0;
    %cmpi/s 32, 0, 32;
    %jmp/0xz T_11.166, 5;
    %pushi/vec4 0, 0, 32;
    %ix/getv/s 4, v0x602ebb401570_0;
    %store/vec4a v0x602ebb3fe380, 4, 0;
    %load/vec4 v0x602ebb401570_0;
    %addi 1, 0, 32;
    %store/vec4 v0x602ebb401570_0, 0, 32;
    %jmp T_11.165;
T_11.166 ;
    %pushi/vec4 11534483, 0, 32;
    %ix/load 4, 0, 0;
    %flag_set/imm 4, 0;
    %store/vec4a v0x602ebb3fcd50, 4, 0;
    %pushi/vec4 4279238931, 0, 32;
    %ix/load 4, 1, 0;
    %flag_set/imm 4, 0;
    %store/vec4a v0x602ebb3fcd50, 4, 0;
    %pushi/vec4 11534739, 0, 32;
    %ix/load 4, 2, 0;
    %flag_set/imm 4, 0;
    %store/vec4a v0x602ebb3fcd50, 4, 0;
    %pushi/vec4 8389139, 0, 32;
    %ix/load 4, 3, 0;
    %flag_set/imm 4, 0;
    %store/vec4a v0x602ebb3fcd50, 4, 0;
    %pushi/vec4 1, 0, 1;
    %store/vec4 v0x602ebb401650_0, 0, 1;
    %fork TD_tb.tick, S_0x602ebb400e60;
    %join;
    %pushi/vec4 0, 0, 1;
    %store/vec4 v0x602ebb401650_0, 0, 1;
    %pushi/vec4 0, 0, 32;
    %store/vec4 v0x602ebb401210_0, 0, 32;
T_11.167 ;
    %load/vec4 v0x602ebb4012d0_0;
    %nor/r;
    %flag_set/vec4 9;
    %flag_get/vec4 9;
    %jmp/0 T_11.169, 9;
    %load/vec4 v0x602ebb401210_0;
    %cmpi/s 5000, 0, 32;
    %flag_get/vec4 5;
    %and;
T_11.169;
    %flag_set/vec4 8;
    %jmp/0xz T_11.168, 8;
    %fork TD_tb.tick, S_0x602ebb400e60;
    %join;
    %jmp T_11.167;
T_11.168 ;
    %vpi_call/w 5 638 "$display", "BATCH_RESULT idx=33 prediction=%0d cycles=%0d halted=%0d", &A<v0x602ebb3fe380, 31>, v0x602ebb401210_0, v0x602ebb4012d0_0 {0 0 0};
    %pushi/vec4 0, 0, 32;
    %store/vec4 v0x602ebb401570_0, 0, 32;
T_11.170 ;
    %load/vec4 v0x602ebb401570_0;
    %cmpi/s 32, 0, 32;
    %jmp/0xz T_11.171, 5;
    %pushi/vec4 0, 0, 32;
    %ix/getv/s 4, v0x602ebb401570_0;
    %store/vec4a v0x602ebb3fe380, 4, 0;
    %load/vec4 v0x602ebb401570_0;
    %addi 1, 0, 32;
    %store/vec4 v0x602ebb401570_0, 0, 32;
    %jmp T_11.170;
T_11.171 ;
    %pushi/vec4 36700307, 0, 32;
    %ix/load 4, 0, 0;
    %flag_set/imm 4, 0;
    %store/vec4a v0x602ebb3fcd50, 4, 0;
    %pushi/vec4 4288676115, 0, 32;
    %ix/load 4, 1, 0;
    %flag_set/imm 4, 0;
    %store/vec4a v0x602ebb3fcd50, 4, 0;
    %pushi/vec4 33554835, 0, 32;
    %ix/load 4, 2, 0;
    %flag_set/imm 4, 0;
    %store/vec4a v0x602ebb3fcd50, 4, 0;
    %pushi/vec4 38797843, 0, 32;
    %ix/load 4, 3, 0;
    %flag_set/imm 4, 0;
    %store/vec4a v0x602ebb3fcd50, 4, 0;
    %pushi/vec4 1, 0, 1;
    %store/vec4 v0x602ebb401650_0, 0, 1;
    %fork TD_tb.tick, S_0x602ebb400e60;
    %join;
    %pushi/vec4 0, 0, 1;
    %store/vec4 v0x602ebb401650_0, 0, 1;
    %pushi/vec4 0, 0, 32;
    %store/vec4 v0x602ebb401210_0, 0, 32;
T_11.172 ;
    %load/vec4 v0x602ebb4012d0_0;
    %nor/r;
    %flag_set/vec4 9;
    %flag_get/vec4 9;
    %jmp/0 T_11.174, 9;
    %load/vec4 v0x602ebb401210_0;
    %cmpi/s 5000, 0, 32;
    %flag_get/vec4 5;
    %and;
T_11.174;
    %flag_set/vec4 8;
    %jmp/0xz T_11.173, 8;
    %fork TD_tb.tick, S_0x602ebb400e60;
    %join;
    %jmp T_11.172;
T_11.173 ;
    %vpi_call/w 5 647 "$display", "BATCH_RESULT idx=34 prediction=%0d cycles=%0d halted=%0d", &A<v0x602ebb3fe380, 31>, v0x602ebb401210_0, v0x602ebb4012d0_0 {0 0 0};
    %pushi/vec4 0, 0, 32;
    %store/vec4 v0x602ebb401570_0, 0, 32;
T_11.175 ;
    %load/vec4 v0x602ebb401570_0;
    %cmpi/s 32, 0, 32;
    %jmp/0xz T_11.176, 5;
    %pushi/vec4 0, 0, 32;
    %ix/getv/s 4, v0x602ebb401570_0;
    %store/vec4a v0x602ebb3fe380, 4, 0;
    %load/vec4 v0x602ebb401570_0;
    %addi 1, 0, 32;
    %store/vec4 v0x602ebb401570_0, 0, 32;
    %jmp T_11.175;
T_11.176 ;
    %pushi/vec4 16777363, 0, 32;
    %ix/load 4, 0, 0;
    %flag_set/imm 4, 0;
    %store/vec4a v0x602ebb3fcd50, 4, 0;
    %pushi/vec4 4293918995, 0, 32;
    %ix/load 4, 1, 0;
    %flag_set/imm 4, 0;
    %store/vec4a v0x602ebb3fcd50, 4, 0;
    %pushi/vec4 17826195, 0, 32;
    %ix/load 4, 2, 0;
    %flag_set/imm 4, 0;
    %store/vec4a v0x602ebb3fcd50, 4, 0;
    %pushi/vec4 14680595, 0, 32;
    %ix/load 4, 3, 0;
    %flag_set/imm 4, 0;
    %store/vec4a v0x602ebb3fcd50, 4, 0;
    %pushi/vec4 1, 0, 1;
    %store/vec4 v0x602ebb401650_0, 0, 1;
    %fork TD_tb.tick, S_0x602ebb400e60;
    %join;
    %pushi/vec4 0, 0, 1;
    %store/vec4 v0x602ebb401650_0, 0, 1;
    %pushi/vec4 0, 0, 32;
    %store/vec4 v0x602ebb401210_0, 0, 32;
T_11.177 ;
    %load/vec4 v0x602ebb4012d0_0;
    %nor/r;
    %flag_set/vec4 9;
    %flag_get/vec4 9;
    %jmp/0 T_11.179, 9;
    %load/vec4 v0x602ebb401210_0;
    %cmpi/s 5000, 0, 32;
    %flag_get/vec4 5;
    %and;
T_11.179;
    %flag_set/vec4 8;
    %jmp/0xz T_11.178, 8;
    %fork TD_tb.tick, S_0x602ebb400e60;
    %join;
    %jmp T_11.177;
T_11.178 ;
    %vpi_call/w 5 656 "$display", "BATCH_RESULT idx=35 prediction=%0d cycles=%0d halted=%0d", &A<v0x602ebb3fe380, 31>, v0x602ebb401210_0, v0x602ebb4012d0_0 {0 0 0};
    %pushi/vec4 0, 0, 32;
    %store/vec4 v0x602ebb401570_0, 0, 32;
T_11.180 ;
    %load/vec4 v0x602ebb401570_0;
    %cmpi/s 32, 0, 32;
    %jmp/0xz T_11.181, 5;
    %pushi/vec4 0, 0, 32;
    %ix/getv/s 4, v0x602ebb401570_0;
    %store/vec4a v0x602ebb3fe380, 4, 0;
    %load/vec4 v0x602ebb401570_0;
    %addi 1, 0, 32;
    %store/vec4 v0x602ebb401570_0, 0, 32;
    %jmp T_11.180;
T_11.181 ;
    %pushi/vec4 3145875, 0, 32;
    %ix/load 4, 0, 0;
    %flag_set/imm 4, 0;
    %store/vec4a v0x602ebb3fcd50, 4, 0;
    %pushi/vec4 4194579, 0, 32;
    %ix/load 4, 1, 0;
    %flag_set/imm 4, 0;
    %store/vec4a v0x602ebb3fcd50, 4, 0;
    %pushi/vec4 3146131, 0, 32;
    %ix/load 4, 2, 0;
    %flag_set/imm 4, 0;
    %store/vec4a v0x602ebb3fcd50, 4, 0;
    %pushi/vec4 531, 0, 32;
    %ix/load 4, 3, 0;
    %flag_set/imm 4, 0;
    %store/vec4a v0x602ebb3fcd50, 4, 0;
    %pushi/vec4 1, 0, 1;
    %store/vec4 v0x602ebb401650_0, 0, 1;
    %fork TD_tb.tick, S_0x602ebb400e60;
    %join;
    %pushi/vec4 0, 0, 1;
    %store/vec4 v0x602ebb401650_0, 0, 1;
    %pushi/vec4 0, 0, 32;
    %store/vec4 v0x602ebb401210_0, 0, 32;
T_11.182 ;
    %load/vec4 v0x602ebb4012d0_0;
    %nor/r;
    %flag_set/vec4 9;
    %flag_get/vec4 9;
    %jmp/0 T_11.184, 9;
    %load/vec4 v0x602ebb401210_0;
    %cmpi/s 5000, 0, 32;
    %flag_get/vec4 5;
    %and;
T_11.184;
    %flag_set/vec4 8;
    %jmp/0xz T_11.183, 8;
    %fork TD_tb.tick, S_0x602ebb400e60;
    %join;
    %jmp T_11.182;
T_11.183 ;
    %vpi_call/w 5 665 "$display", "BATCH_RESULT idx=36 prediction=%0d cycles=%0d halted=%0d", &A<v0x602ebb3fe380, 31>, v0x602ebb401210_0, v0x602ebb4012d0_0 {0 0 0};
    %pushi/vec4 0, 0, 32;
    %store/vec4 v0x602ebb401570_0, 0, 32;
T_11.185 ;
    %load/vec4 v0x602ebb401570_0;
    %cmpi/s 32, 0, 32;
    %jmp/0xz T_11.186, 5;
    %pushi/vec4 0, 0, 32;
    %ix/getv/s 4, v0x602ebb401570_0;
    %store/vec4a v0x602ebb3fe380, 4, 0;
    %load/vec4 v0x602ebb401570_0;
    %addi 1, 0, 32;
    %store/vec4 v0x602ebb401570_0, 0, 32;
    %jmp T_11.185;
T_11.186 ;
    %pushi/vec4 40894611, 0, 32;
    %ix/load 4, 0, 0;
    %flag_set/imm 4, 0;
    %store/vec4a v0x602ebb3fcd50, 4, 0;
    %pushi/vec4 4277141779, 0, 32;
    %ix/load 4, 1, 0;
    %flag_set/imm 4, 0;
    %store/vec4a v0x602ebb3fcd50, 4, 0;
    %pushi/vec4 40894867, 0, 32;
    %ix/load 4, 2, 0;
    %flag_set/imm 4, 0;
    %store/vec4a v0x602ebb3fcd50, 4, 0;
    %pushi/vec4 41943571, 0, 32;
    %ix/load 4, 3, 0;
    %flag_set/imm 4, 0;
    %store/vec4a v0x602ebb3fcd50, 4, 0;
    %pushi/vec4 1, 0, 1;
    %store/vec4 v0x602ebb401650_0, 0, 1;
    %fork TD_tb.tick, S_0x602ebb400e60;
    %join;
    %pushi/vec4 0, 0, 1;
    %store/vec4 v0x602ebb401650_0, 0, 1;
    %pushi/vec4 0, 0, 32;
    %store/vec4 v0x602ebb401210_0, 0, 32;
T_11.187 ;
    %load/vec4 v0x602ebb4012d0_0;
    %nor/r;
    %flag_set/vec4 9;
    %flag_get/vec4 9;
    %jmp/0 T_11.189, 9;
    %load/vec4 v0x602ebb401210_0;
    %cmpi/s 5000, 0, 32;
    %flag_get/vec4 5;
    %and;
T_11.189;
    %flag_set/vec4 8;
    %jmp/0xz T_11.188, 8;
    %fork TD_tb.tick, S_0x602ebb400e60;
    %join;
    %jmp T_11.187;
T_11.188 ;
    %vpi_call/w 5 674 "$display", "BATCH_RESULT idx=37 prediction=%0d cycles=%0d halted=%0d", &A<v0x602ebb3fe380, 31>, v0x602ebb401210_0, v0x602ebb4012d0_0 {0 0 0};
    %pushi/vec4 0, 0, 32;
    %store/vec4 v0x602ebb401570_0, 0, 32;
T_11.190 ;
    %load/vec4 v0x602ebb401570_0;
    %cmpi/s 32, 0, 32;
    %jmp/0xz T_11.191, 5;
    %pushi/vec4 0, 0, 32;
    %ix/getv/s 4, v0x602ebb401570_0;
    %store/vec4a v0x602ebb3fe380, 4, 0;
    %load/vec4 v0x602ebb401570_0;
    %addi 1, 0, 32;
    %store/vec4 v0x602ebb401570_0, 0, 32;
    %jmp T_11.190;
T_11.191 ;
    %pushi/vec4 17825939, 0, 32;
    %ix/load 4, 0, 0;
    %flag_set/imm 4, 0;
    %store/vec4a v0x602ebb3fcd50, 4, 0;
    %pushi/vec4 25166099, 0, 32;
    %ix/load 4, 1, 0;
    %flag_set/imm 4, 0;
    %store/vec4a v0x602ebb3fcd50, 4, 0;
    %pushi/vec4 16777619, 0, 32;
    %ix/load 4, 2, 0;
    %flag_set/imm 4, 0;
    %store/vec4a v0x602ebb3fcd50, 4, 0;
    %pushi/vec4 16777747, 0, 32;
    %ix/load 4, 3, 0;
    %flag_set/imm 4, 0;
    %store/vec4a v0x602ebb3fcd50, 4, 0;
    %pushi/vec4 1, 0, 1;
    %store/vec4 v0x602ebb401650_0, 0, 1;
    %fork TD_tb.tick, S_0x602ebb400e60;
    %join;
    %pushi/vec4 0, 0, 1;
    %store/vec4 v0x602ebb401650_0, 0, 1;
    %pushi/vec4 0, 0, 32;
    %store/vec4 v0x602ebb401210_0, 0, 32;
T_11.192 ;
    %load/vec4 v0x602ebb4012d0_0;
    %nor/r;
    %flag_set/vec4 9;
    %flag_get/vec4 9;
    %jmp/0 T_11.194, 9;
    %load/vec4 v0x602ebb401210_0;
    %cmpi/s 5000, 0, 32;
    %flag_get/vec4 5;
    %and;
T_11.194;
    %flag_set/vec4 8;
    %jmp/0xz T_11.193, 8;
    %fork TD_tb.tick, S_0x602ebb400e60;
    %join;
    %jmp T_11.192;
T_11.193 ;
    %vpi_call/w 5 683 "$display", "BATCH_RESULT idx=38 prediction=%0d cycles=%0d halted=%0d", &A<v0x602ebb3fe380, 31>, v0x602ebb401210_0, v0x602ebb4012d0_0 {0 0 0};
    %pushi/vec4 0, 0, 32;
    %store/vec4 v0x602ebb401570_0, 0, 32;
T_11.195 ;
    %load/vec4 v0x602ebb401570_0;
    %cmpi/s 32, 0, 32;
    %jmp/0xz T_11.196, 5;
    %pushi/vec4 0, 0, 32;
    %ix/getv/s 4, v0x602ebb401570_0;
    %store/vec4a v0x602ebb3fe380, 4, 0;
    %load/vec4 v0x602ebb401570_0;
    %addi 1, 0, 32;
    %store/vec4 v0x602ebb401570_0, 0, 32;
    %jmp T_11.195;
T_11.196 ;
    %pushi/vec4 4291821715, 0, 32;
    %ix/load 4, 0, 0;
    %flag_set/imm 4, 0;
    %store/vec4a v0x602ebb3fcd50, 4, 0;
    %pushi/vec4 1048851, 0, 32;
    %ix/load 4, 1, 0;
    %flag_set/imm 4, 0;
    %store/vec4a v0x602ebb3fcd50, 4, 0;
    %pushi/vec4 4290773395, 0, 32;
    %ix/load 4, 2, 0;
    %flag_set/imm 4, 0;
    %store/vec4a v0x602ebb3fcd50, 4, 0;
    %pushi/vec4 4290773523, 0, 32;
    %ix/load 4, 3, 0;
    %flag_set/imm 4, 0;
    %store/vec4a v0x602ebb3fcd50, 4, 0;
    %pushi/vec4 1, 0, 1;
    %store/vec4 v0x602ebb401650_0, 0, 1;
    %fork TD_tb.tick, S_0x602ebb400e60;
    %join;
    %pushi/vec4 0, 0, 1;
    %store/vec4 v0x602ebb401650_0, 0, 1;
    %pushi/vec4 0, 0, 32;
    %store/vec4 v0x602ebb401210_0, 0, 32;
T_11.197 ;
    %load/vec4 v0x602ebb4012d0_0;
    %nor/r;
    %flag_set/vec4 9;
    %flag_get/vec4 9;
    %jmp/0 T_11.199, 9;
    %load/vec4 v0x602ebb401210_0;
    %cmpi/s 5000, 0, 32;
    %flag_get/vec4 5;
    %and;
T_11.199;
    %flag_set/vec4 8;
    %jmp/0xz T_11.198, 8;
    %fork TD_tb.tick, S_0x602ebb400e60;
    %join;
    %jmp T_11.197;
T_11.198 ;
    %vpi_call/w 5 692 "$display", "BATCH_RESULT idx=39 prediction=%0d cycles=%0d halted=%0d", &A<v0x602ebb3fe380, 31>, v0x602ebb401210_0, v0x602ebb4012d0_0 {0 0 0};
    %pushi/vec4 0, 0, 32;
    %store/vec4 v0x602ebb401570_0, 0, 32;
T_11.200 ;
    %load/vec4 v0x602ebb401570_0;
    %cmpi/s 32, 0, 32;
    %jmp/0xz T_11.201, 5;
    %pushi/vec4 0, 0, 32;
    %ix/getv/s 4, v0x602ebb401570_0;
    %store/vec4a v0x602ebb3fe380, 4, 0;
    %load/vec4 v0x602ebb401570_0;
    %addi 1, 0, 32;
    %store/vec4 v0x602ebb401570_0, 0, 32;
    %jmp T_11.200;
T_11.201 ;
    %pushi/vec4 36700307, 0, 32;
    %ix/load 4, 0, 0;
    %flag_set/imm 4, 0;
    %store/vec4a v0x602ebb3fcd50, 4, 0;
    %pushi/vec4 4286578963, 0, 32;
    %ix/load 4, 1, 0;
    %flag_set/imm 4, 0;
    %store/vec4a v0x602ebb3fcd50, 4, 0;
    %pushi/vec4 35651987, 0, 32;
    %ix/load 4, 2, 0;
    %flag_set/imm 4, 0;
    %store/vec4a v0x602ebb3fcd50, 4, 0;
    %pushi/vec4 38797843, 0, 32;
    %ix/load 4, 3, 0;
    %flag_set/imm 4, 0;
    %store/vec4a v0x602ebb3fcd50, 4, 0;
    %pushi/vec4 1, 0, 1;
    %store/vec4 v0x602ebb401650_0, 0, 1;
    %fork TD_tb.tick, S_0x602ebb400e60;
    %join;
    %pushi/vec4 0, 0, 1;
    %store/vec4 v0x602ebb401650_0, 0, 1;
    %pushi/vec4 0, 0, 32;
    %store/vec4 v0x602ebb401210_0, 0, 32;
T_11.202 ;
    %load/vec4 v0x602ebb4012d0_0;
    %nor/r;
    %flag_set/vec4 9;
    %flag_get/vec4 9;
    %jmp/0 T_11.204, 9;
    %load/vec4 v0x602ebb401210_0;
    %cmpi/s 5000, 0, 32;
    %flag_get/vec4 5;
    %and;
T_11.204;
    %flag_set/vec4 8;
    %jmp/0xz T_11.203, 8;
    %fork TD_tb.tick, S_0x602ebb400e60;
    %join;
    %jmp T_11.202;
T_11.203 ;
    %vpi_call/w 5 701 "$display", "BATCH_RESULT idx=40 prediction=%0d cycles=%0d halted=%0d", &A<v0x602ebb3fe380, 31>, v0x602ebb401210_0, v0x602ebb4012d0_0 {0 0 0};
    %pushi/vec4 0, 0, 32;
    %store/vec4 v0x602ebb401570_0, 0, 32;
T_11.205 ;
    %load/vec4 v0x602ebb401570_0;
    %cmpi/s 32, 0, 32;
    %jmp/0xz T_11.206, 5;
    %pushi/vec4 0, 0, 32;
    %ix/getv/s 4, v0x602ebb401570_0;
    %store/vec4a v0x602ebb3fe380, 4, 0;
    %load/vec4 v0x602ebb401570_0;
    %addi 1, 0, 32;
    %store/vec4 v0x602ebb401570_0, 0, 32;
    %jmp T_11.205;
T_11.206 ;
    %pushi/vec4 41943187, 0, 32;
    %ix/load 4, 0, 0;
    %flag_set/imm 4, 0;
    %store/vec4a v0x602ebb3fcd50, 4, 0;
    %pushi/vec4 12583187, 0, 32;
    %ix/load 4, 1, 0;
    %flag_set/imm 4, 0;
    %store/vec4a v0x602ebb3fcd50, 4, 0;
    %pushi/vec4 42992019, 0, 32;
    %ix/load 4, 2, 0;
    %flag_set/imm 4, 0;
    %store/vec4a v0x602ebb3fcd50, 4, 0;
    %pushi/vec4 42992147, 0, 32;
    %ix/load 4, 3, 0;
    %flag_set/imm 4, 0;
    %store/vec4a v0x602ebb3fcd50, 4, 0;
    %pushi/vec4 1, 0, 1;
    %store/vec4 v0x602ebb401650_0, 0, 1;
    %fork TD_tb.tick, S_0x602ebb400e60;
    %join;
    %pushi/vec4 0, 0, 1;
    %store/vec4 v0x602ebb401650_0, 0, 1;
    %pushi/vec4 0, 0, 32;
    %store/vec4 v0x602ebb401210_0, 0, 32;
T_11.207 ;
    %load/vec4 v0x602ebb4012d0_0;
    %nor/r;
    %flag_set/vec4 9;
    %flag_get/vec4 9;
    %jmp/0 T_11.209, 9;
    %load/vec4 v0x602ebb401210_0;
    %cmpi/s 5000, 0, 32;
    %flag_get/vec4 5;
    %and;
T_11.209;
    %flag_set/vec4 8;
    %jmp/0xz T_11.208, 8;
    %fork TD_tb.tick, S_0x602ebb400e60;
    %join;
    %jmp T_11.207;
T_11.208 ;
    %vpi_call/w 5 710 "$display", "BATCH_RESULT idx=41 prediction=%0d cycles=%0d halted=%0d", &A<v0x602ebb3fe380, 31>, v0x602ebb401210_0, v0x602ebb4012d0_0 {0 0 0};
    %pushi/vec4 0, 0, 32;
    %store/vec4 v0x602ebb401570_0, 0, 32;
T_11.210 ;
    %load/vec4 v0x602ebb401570_0;
    %cmpi/s 32, 0, 32;
    %jmp/0xz T_11.211, 5;
    %pushi/vec4 0, 0, 32;
    %ix/getv/s 4, v0x602ebb401570_0;
    %store/vec4a v0x602ebb3fe380, 4, 0;
    %load/vec4 v0x602ebb401570_0;
    %addi 1, 0, 32;
    %store/vec4 v0x602ebb401570_0, 0, 32;
    %jmp T_11.210;
T_11.211 ;
    %pushi/vec4 19923091, 0, 32;
    %ix/load 4, 0, 0;
    %flag_set/imm 4, 0;
    %store/vec4a v0x602ebb3fcd50, 4, 0;
    %pushi/vec4 6291731, 0, 32;
    %ix/load 4, 1, 0;
    %flag_set/imm 4, 0;
    %store/vec4a v0x602ebb3fcd50, 4, 0;
    %pushi/vec4 20971923, 0, 32;
    %ix/load 4, 2, 0;
    %flag_set/imm 4, 0;
    %store/vec4a v0x602ebb3fcd50, 4, 0;
    %pushi/vec4 17826323, 0, 32;
    %ix/load 4, 3, 0;
    %flag_set/imm 4, 0;
    %store/vec4a v0x602ebb3fcd50, 4, 0;
    %pushi/vec4 1, 0, 1;
    %store/vec4 v0x602ebb401650_0, 0, 1;
    %fork TD_tb.tick, S_0x602ebb400e60;
    %join;
    %pushi/vec4 0, 0, 1;
    %store/vec4 v0x602ebb401650_0, 0, 1;
    %pushi/vec4 0, 0, 32;
    %store/vec4 v0x602ebb401210_0, 0, 32;
T_11.212 ;
    %load/vec4 v0x602ebb4012d0_0;
    %nor/r;
    %flag_set/vec4 9;
    %flag_get/vec4 9;
    %jmp/0 T_11.214, 9;
    %load/vec4 v0x602ebb401210_0;
    %cmpi/s 5000, 0, 32;
    %flag_get/vec4 5;
    %and;
T_11.214;
    %flag_set/vec4 8;
    %jmp/0xz T_11.213, 8;
    %fork TD_tb.tick, S_0x602ebb400e60;
    %join;
    %jmp T_11.212;
T_11.213 ;
    %vpi_call/w 5 719 "$display", "BATCH_RESULT idx=42 prediction=%0d cycles=%0d halted=%0d", &A<v0x602ebb3fe380, 31>, v0x602ebb401210_0, v0x602ebb4012d0_0 {0 0 0};
    %pushi/vec4 0, 0, 32;
    %store/vec4 v0x602ebb401570_0, 0, 32;
T_11.215 ;
    %load/vec4 v0x602ebb401570_0;
    %cmpi/s 32, 0, 32;
    %jmp/0xz T_11.216, 5;
    %pushi/vec4 0, 0, 32;
    %ix/getv/s 4, v0x602ebb401570_0;
    %store/vec4a v0x602ebb3fe380, 4, 0;
    %load/vec4 v0x602ebb401570_0;
    %addi 1, 0, 32;
    %store/vec4 v0x602ebb401570_0, 0, 32;
    %jmp T_11.215;
T_11.216 ;
    %pushi/vec4 38797459, 0, 32;
    %ix/load 4, 0, 0;
    %flag_set/imm 4, 0;
    %store/vec4a v0x602ebb3fcd50, 4, 0;
    %pushi/vec4 30408979, 0, 32;
    %ix/load 4, 1, 0;
    %flag_set/imm 4, 0;
    %store/vec4a v0x602ebb3fcd50, 4, 0;
    %pushi/vec4 41943443, 0, 32;
    %ix/load 4, 2, 0;
    %flag_set/imm 4, 0;
    %store/vec4a v0x602ebb3fcd50, 4, 0;
    %pushi/vec4 37749267, 0, 32;
    %ix/load 4, 3, 0;
    %flag_set/imm 4, 0;
    %store/vec4a v0x602ebb3fcd50, 4, 0;
    %pushi/vec4 1, 0, 1;
    %store/vec4 v0x602ebb401650_0, 0, 1;
    %fork TD_tb.tick, S_0x602ebb400e60;
    %join;
    %pushi/vec4 0, 0, 1;
    %store/vec4 v0x602ebb401650_0, 0, 1;
    %pushi/vec4 0, 0, 32;
    %store/vec4 v0x602ebb401210_0, 0, 32;
T_11.217 ;
    %load/vec4 v0x602ebb4012d0_0;
    %nor/r;
    %flag_set/vec4 9;
    %flag_get/vec4 9;
    %jmp/0 T_11.219, 9;
    %load/vec4 v0x602ebb401210_0;
    %cmpi/s 5000, 0, 32;
    %flag_get/vec4 5;
    %and;
T_11.219;
    %flag_set/vec4 8;
    %jmp/0xz T_11.218, 8;
    %fork TD_tb.tick, S_0x602ebb400e60;
    %join;
    %jmp T_11.217;
T_11.218 ;
    %vpi_call/w 5 728 "$display", "BATCH_RESULT idx=43 prediction=%0d cycles=%0d halted=%0d", &A<v0x602ebb3fe380, 31>, v0x602ebb401210_0, v0x602ebb4012d0_0 {0 0 0};
    %pushi/vec4 0, 0, 32;
    %store/vec4 v0x602ebb401570_0, 0, 32;
T_11.220 ;
    %load/vec4 v0x602ebb401570_0;
    %cmpi/s 32, 0, 32;
    %jmp/0xz T_11.221, 5;
    %pushi/vec4 0, 0, 32;
    %ix/getv/s 4, v0x602ebb401570_0;
    %store/vec4a v0x602ebb3fe380, 4, 0;
    %load/vec4 v0x602ebb401570_0;
    %addi 1, 0, 32;
    %store/vec4 v0x602ebb401570_0, 0, 32;
    %jmp T_11.220;
T_11.221 ;
    %pushi/vec4 23068819, 0, 32;
    %ix/load 4, 0, 0;
    %flag_set/imm 4, 0;
    %store/vec4a v0x602ebb3fcd50, 4, 0;
    %pushi/vec4 3146003, 0, 32;
    %ix/load 4, 1, 0;
    %flag_set/imm 4, 0;
    %store/vec4a v0x602ebb3fcd50, 4, 0;
    %pushi/vec4 23069075, 0, 32;
    %ix/load 4, 2, 0;
    %flag_set/imm 4, 0;
    %store/vec4a v0x602ebb3fcd50, 4, 0;
    %pushi/vec4 23069203, 0, 32;
    %ix/load 4, 3, 0;
    %flag_set/imm 4, 0;
    %store/vec4a v0x602ebb3fcd50, 4, 0;
    %pushi/vec4 1, 0, 1;
    %store/vec4 v0x602ebb401650_0, 0, 1;
    %fork TD_tb.tick, S_0x602ebb400e60;
    %join;
    %pushi/vec4 0, 0, 1;
    %store/vec4 v0x602ebb401650_0, 0, 1;
    %pushi/vec4 0, 0, 32;
    %store/vec4 v0x602ebb401210_0, 0, 32;
T_11.222 ;
    %load/vec4 v0x602ebb4012d0_0;
    %nor/r;
    %flag_set/vec4 9;
    %flag_get/vec4 9;
    %jmp/0 T_11.224, 9;
    %load/vec4 v0x602ebb401210_0;
    %cmpi/s 5000, 0, 32;
    %flag_get/vec4 5;
    %and;
T_11.224;
    %flag_set/vec4 8;
    %jmp/0xz T_11.223, 8;
    %fork TD_tb.tick, S_0x602ebb400e60;
    %join;
    %jmp T_11.222;
T_11.223 ;
    %vpi_call/w 5 737 "$display", "BATCH_RESULT idx=44 prediction=%0d cycles=%0d halted=%0d", &A<v0x602ebb3fe380, 31>, v0x602ebb401210_0, v0x602ebb4012d0_0 {0 0 0};
    %pushi/vec4 0, 0, 32;
    %store/vec4 v0x602ebb401570_0, 0, 32;
T_11.225 ;
    %load/vec4 v0x602ebb401570_0;
    %cmpi/s 32, 0, 32;
    %jmp/0xz T_11.226, 5;
    %pushi/vec4 0, 0, 32;
    %ix/getv/s 4, v0x602ebb401570_0;
    %store/vec4a v0x602ebb3fe380, 4, 0;
    %load/vec4 v0x602ebb401570_0;
    %addi 1, 0, 32;
    %store/vec4 v0x602ebb401570_0, 0, 32;
    %jmp T_11.225;
T_11.226 ;
    %pushi/vec4 5243027, 0, 32;
    %ix/load 4, 0, 0;
    %flag_set/imm 4, 0;
    %store/vec4a v0x602ebb3fcd50, 4, 0;
    %pushi/vec4 24117523, 0, 32;
    %ix/load 4, 1, 0;
    %flag_set/imm 4, 0;
    %store/vec4a v0x602ebb3fcd50, 4, 0;
    %pushi/vec4 4194707, 0, 32;
    %ix/load 4, 2, 0;
    %flag_set/imm 4, 0;
    %store/vec4a v0x602ebb3fcd50, 4, 0;
    %pushi/vec4 3146259, 0, 32;
    %ix/load 4, 3, 0;
    %flag_set/imm 4, 0;
    %store/vec4a v0x602ebb3fcd50, 4, 0;
    %pushi/vec4 1, 0, 1;
    %store/vec4 v0x602ebb401650_0, 0, 1;
    %fork TD_tb.tick, S_0x602ebb400e60;
    %join;
    %pushi/vec4 0, 0, 1;
    %store/vec4 v0x602ebb401650_0, 0, 1;
    %pushi/vec4 0, 0, 32;
    %store/vec4 v0x602ebb401210_0, 0, 32;
T_11.227 ;
    %load/vec4 v0x602ebb4012d0_0;
    %nor/r;
    %flag_set/vec4 9;
    %flag_get/vec4 9;
    %jmp/0 T_11.229, 9;
    %load/vec4 v0x602ebb401210_0;
    %cmpi/s 5000, 0, 32;
    %flag_get/vec4 5;
    %and;
T_11.229;
    %flag_set/vec4 8;
    %jmp/0xz T_11.228, 8;
    %fork TD_tb.tick, S_0x602ebb400e60;
    %join;
    %jmp T_11.227;
T_11.228 ;
    %vpi_call/w 5 746 "$display", "BATCH_RESULT idx=45 prediction=%0d cycles=%0d halted=%0d", &A<v0x602ebb3fe380, 31>, v0x602ebb401210_0, v0x602ebb4012d0_0 {0 0 0};
    %pushi/vec4 0, 0, 32;
    %store/vec4 v0x602ebb401570_0, 0, 32;
T_11.230 ;
    %load/vec4 v0x602ebb401570_0;
    %cmpi/s 32, 0, 32;
    %jmp/0xz T_11.231, 5;
    %pushi/vec4 0, 0, 32;
    %ix/getv/s 4, v0x602ebb401570_0;
    %store/vec4a v0x602ebb3fe380, 4, 0;
    %load/vec4 v0x602ebb401570_0;
    %addi 1, 0, 32;
    %store/vec4 v0x602ebb401570_0, 0, 32;
    %jmp T_11.230;
T_11.231 ;
    %pushi/vec4 58720403, 0, 32;
    %ix/load 4, 0, 0;
    %flag_set/imm 4, 0;
    %store/vec4a v0x602ebb3fcd50, 4, 0;
    %pushi/vec4 9437459, 0, 32;
    %ix/load 4, 1, 0;
    %flag_set/imm 4, 0;
    %store/vec4a v0x602ebb3fcd50, 4, 0;
    %pushi/vec4 59769235, 0, 32;
    %ix/load 4, 2, 0;
    %flag_set/imm 4, 0;
    %store/vec4a v0x602ebb3fcd50, 4, 0;
    %pushi/vec4 68157971, 0, 32;
    %ix/load 4, 3, 0;
    %flag_set/imm 4, 0;
    %store/vec4a v0x602ebb3fcd50, 4, 0;
    %pushi/vec4 1, 0, 1;
    %store/vec4 v0x602ebb401650_0, 0, 1;
    %fork TD_tb.tick, S_0x602ebb400e60;
    %join;
    %pushi/vec4 0, 0, 1;
    %store/vec4 v0x602ebb401650_0, 0, 1;
    %pushi/vec4 0, 0, 32;
    %store/vec4 v0x602ebb401210_0, 0, 32;
T_11.232 ;
    %load/vec4 v0x602ebb4012d0_0;
    %nor/r;
    %flag_set/vec4 9;
    %flag_get/vec4 9;
    %jmp/0 T_11.234, 9;
    %load/vec4 v0x602ebb401210_0;
    %cmpi/s 5000, 0, 32;
    %flag_get/vec4 5;
    %and;
T_11.234;
    %flag_set/vec4 8;
    %jmp/0xz T_11.233, 8;
    %fork TD_tb.tick, S_0x602ebb400e60;
    %join;
    %jmp T_11.232;
T_11.233 ;
    %vpi_call/w 5 755 "$display", "BATCH_RESULT idx=46 prediction=%0d cycles=%0d halted=%0d", &A<v0x602ebb3fe380, 31>, v0x602ebb401210_0, v0x602ebb4012d0_0 {0 0 0};
    %pushi/vec4 0, 0, 32;
    %store/vec4 v0x602ebb401570_0, 0, 32;
T_11.235 ;
    %load/vec4 v0x602ebb401570_0;
    %cmpi/s 32, 0, 32;
    %jmp/0xz T_11.236, 5;
    %pushi/vec4 0, 0, 32;
    %ix/getv/s 4, v0x602ebb401570_0;
    %store/vec4a v0x602ebb3fe380, 4, 0;
    %load/vec4 v0x602ebb401570_0;
    %addi 1, 0, 32;
    %store/vec4 v0x602ebb401570_0, 0, 32;
    %jmp T_11.235;
T_11.236 ;
    %pushi/vec4 22020243, 0, 32;
    %ix/load 4, 0, 0;
    %flag_set/imm 4, 0;
    %store/vec4a v0x602ebb3fcd50, 4, 0;
    %pushi/vec4 4258267411, 0, 32;
    %ix/load 4, 1, 0;
    %flag_set/imm 4, 0;
    %store/vec4a v0x602ebb3fcd50, 4, 0;
    %pushi/vec4 25166227, 0, 32;
    %ix/load 4, 2, 0;
    %flag_set/imm 4, 0;
    %store/vec4a v0x602ebb3fcd50, 4, 0;
    %pushi/vec4 19923475, 0, 32;
    %ix/load 4, 3, 0;
    %flag_set/imm 4, 0;
    %store/vec4a v0x602ebb3fcd50, 4, 0;
    %pushi/vec4 1, 0, 1;
    %store/vec4 v0x602ebb401650_0, 0, 1;
    %fork TD_tb.tick, S_0x602ebb400e60;
    %join;
    %pushi/vec4 0, 0, 1;
    %store/vec4 v0x602ebb401650_0, 0, 1;
    %pushi/vec4 0, 0, 32;
    %store/vec4 v0x602ebb401210_0, 0, 32;
T_11.237 ;
    %load/vec4 v0x602ebb4012d0_0;
    %nor/r;
    %flag_set/vec4 9;
    %flag_get/vec4 9;
    %jmp/0 T_11.239, 9;
    %load/vec4 v0x602ebb401210_0;
    %cmpi/s 5000, 0, 32;
    %flag_get/vec4 5;
    %and;
T_11.239;
    %flag_set/vec4 8;
    %jmp/0xz T_11.238, 8;
    %fork TD_tb.tick, S_0x602ebb400e60;
    %join;
    %jmp T_11.237;
T_11.238 ;
    %vpi_call/w 5 764 "$display", "BATCH_RESULT idx=47 prediction=%0d cycles=%0d halted=%0d", &A<v0x602ebb3fe380, 31>, v0x602ebb401210_0, v0x602ebb4012d0_0 {0 0 0};
    %pushi/vec4 0, 0, 32;
    %store/vec4 v0x602ebb401570_0, 0, 32;
T_11.240 ;
    %load/vec4 v0x602ebb401570_0;
    %cmpi/s 32, 0, 32;
    %jmp/0xz T_11.241, 5;
    %pushi/vec4 0, 0, 32;
    %ix/getv/s 4, v0x602ebb401570_0;
    %store/vec4a v0x602ebb3fe380, 4, 0;
    %load/vec4 v0x602ebb401570_0;
    %addi 1, 0, 32;
    %store/vec4 v0x602ebb401570_0, 0, 32;
    %jmp T_11.240;
T_11.241 ;
    %pushi/vec4 30408851, 0, 32;
    %ix/load 4, 0, 0;
    %flag_set/imm 4, 0;
    %store/vec4a v0x602ebb3fcd50, 4, 0;
    %pushi/vec4 23068947, 0, 32;
    %ix/load 4, 1, 0;
    %flag_set/imm 4, 0;
    %store/vec4a v0x602ebb3fcd50, 4, 0;
    %pushi/vec4 29360531, 0, 32;
    %ix/load 4, 2, 0;
    %flag_set/imm 4, 0;
    %store/vec4a v0x602ebb3fcd50, 4, 0;
    %pushi/vec4 31457811, 0, 32;
    %ix/load 4, 3, 0;
    %flag_set/imm 4, 0;
    %store/vec4a v0x602ebb3fcd50, 4, 0;
    %pushi/vec4 1, 0, 1;
    %store/vec4 v0x602ebb401650_0, 0, 1;
    %fork TD_tb.tick, S_0x602ebb400e60;
    %join;
    %pushi/vec4 0, 0, 1;
    %store/vec4 v0x602ebb401650_0, 0, 1;
    %pushi/vec4 0, 0, 32;
    %store/vec4 v0x602ebb401210_0, 0, 32;
T_11.242 ;
    %load/vec4 v0x602ebb4012d0_0;
    %nor/r;
    %flag_set/vec4 9;
    %flag_get/vec4 9;
    %jmp/0 T_11.244, 9;
    %load/vec4 v0x602ebb401210_0;
    %cmpi/s 5000, 0, 32;
    %flag_get/vec4 5;
    %and;
T_11.244;
    %flag_set/vec4 8;
    %jmp/0xz T_11.243, 8;
    %fork TD_tb.tick, S_0x602ebb400e60;
    %join;
    %jmp T_11.242;
T_11.243 ;
    %vpi_call/w 5 773 "$display", "BATCH_RESULT idx=48 prediction=%0d cycles=%0d halted=%0d", &A<v0x602ebb3fe380, 31>, v0x602ebb401210_0, v0x602ebb4012d0_0 {0 0 0};
    %pushi/vec4 0, 0, 32;
    %store/vec4 v0x602ebb401570_0, 0, 32;
T_11.245 ;
    %load/vec4 v0x602ebb401570_0;
    %cmpi/s 32, 0, 32;
    %jmp/0xz T_11.246, 5;
    %pushi/vec4 0, 0, 32;
    %ix/getv/s 4, v0x602ebb401570_0;
    %store/vec4a v0x602ebb3fe380, 4, 0;
    %load/vec4 v0x602ebb401570_0;
    %addi 1, 0, 32;
    %store/vec4 v0x602ebb401570_0, 0, 32;
    %jmp T_11.245;
T_11.246 ;
    %pushi/vec4 50331795, 0, 32;
    %ix/load 4, 0, 0;
    %flag_set/imm 4, 0;
    %store/vec4a v0x602ebb3fcd50, 4, 0;
    %pushi/vec4 2097427, 0, 32;
    %ix/load 4, 1, 0;
    %flag_set/imm 4, 0;
    %store/vec4a v0x602ebb3fcd50, 4, 0;
    %pushi/vec4 49283475, 0, 32;
    %ix/load 4, 2, 0;
    %flag_set/imm 4, 0;
    %store/vec4a v0x602ebb3fcd50, 4, 0;
    %pushi/vec4 58720787, 0, 32;
    %ix/load 4, 3, 0;
    %flag_set/imm 4, 0;
    %store/vec4a v0x602ebb3fcd50, 4, 0;
    %pushi/vec4 1, 0, 1;
    %store/vec4 v0x602ebb401650_0, 0, 1;
    %fork TD_tb.tick, S_0x602ebb400e60;
    %join;
    %pushi/vec4 0, 0, 1;
    %store/vec4 v0x602ebb401650_0, 0, 1;
    %pushi/vec4 0, 0, 32;
    %store/vec4 v0x602ebb401210_0, 0, 32;
T_11.247 ;
    %load/vec4 v0x602ebb4012d0_0;
    %nor/r;
    %flag_set/vec4 9;
    %flag_get/vec4 9;
    %jmp/0 T_11.249, 9;
    %load/vec4 v0x602ebb401210_0;
    %cmpi/s 5000, 0, 32;
    %flag_get/vec4 5;
    %and;
T_11.249;
    %flag_set/vec4 8;
    %jmp/0xz T_11.248, 8;
    %fork TD_tb.tick, S_0x602ebb400e60;
    %join;
    %jmp T_11.247;
T_11.248 ;
    %vpi_call/w 5 782 "$display", "BATCH_RESULT idx=49 prediction=%0d cycles=%0d halted=%0d", &A<v0x602ebb3fe380, 31>, v0x602ebb401210_0, v0x602ebb4012d0_0 {0 0 0};
    %pushi/vec4 0, 0, 32;
    %store/vec4 v0x602ebb401570_0, 0, 32;
T_11.250 ;
    %load/vec4 v0x602ebb401570_0;
    %cmpi/s 32, 0, 32;
    %jmp/0xz T_11.251, 5;
    %pushi/vec4 0, 0, 32;
    %ix/getv/s 4, v0x602ebb401570_0;
    %store/vec4a v0x602ebb3fe380, 4, 0;
    %load/vec4 v0x602ebb401570_0;
    %addi 1, 0, 32;
    %store/vec4 v0x602ebb401570_0, 0, 32;
    %jmp T_11.250;
T_11.251 ;
    %pushi/vec4 7340179, 0, 32;
    %ix/load 4, 0, 0;
    %flag_set/imm 4, 0;
    %store/vec4a v0x602ebb3fcd50, 4, 0;
    %pushi/vec4 4273996051, 0, 32;
    %ix/load 4, 1, 0;
    %flag_set/imm 4, 0;
    %store/vec4a v0x602ebb3fcd50, 4, 0;
    %pushi/vec4 9437587, 0, 32;
    %ix/load 4, 2, 0;
    %flag_set/imm 4, 0;
    %store/vec4a v0x602ebb3fcd50, 4, 0;
    %pushi/vec4 4194835, 0, 32;
    %ix/load 4, 3, 0;
    %flag_set/imm 4, 0;
    %store/vec4a v0x602ebb3fcd50, 4, 0;
    %pushi/vec4 1, 0, 1;
    %store/vec4 v0x602ebb401650_0, 0, 1;
    %fork TD_tb.tick, S_0x602ebb400e60;
    %join;
    %pushi/vec4 0, 0, 1;
    %store/vec4 v0x602ebb401650_0, 0, 1;
    %pushi/vec4 0, 0, 32;
    %store/vec4 v0x602ebb401210_0, 0, 32;
T_11.252 ;
    %load/vec4 v0x602ebb4012d0_0;
    %nor/r;
    %flag_set/vec4 9;
    %flag_get/vec4 9;
    %jmp/0 T_11.254, 9;
    %load/vec4 v0x602ebb401210_0;
    %cmpi/s 5000, 0, 32;
    %flag_get/vec4 5;
    %and;
T_11.254;
    %flag_set/vec4 8;
    %jmp/0xz T_11.253, 8;
    %fork TD_tb.tick, S_0x602ebb400e60;
    %join;
    %jmp T_11.252;
T_11.253 ;
    %vpi_call/w 5 791 "$display", "BATCH_RESULT idx=50 prediction=%0d cycles=%0d halted=%0d", &A<v0x602ebb3fe380, 31>, v0x602ebb401210_0, v0x602ebb4012d0_0 {0 0 0};
    %pushi/vec4 0, 0, 32;
    %store/vec4 v0x602ebb401570_0, 0, 32;
T_11.255 ;
    %load/vec4 v0x602ebb401570_0;
    %cmpi/s 32, 0, 32;
    %jmp/0xz T_11.256, 5;
    %pushi/vec4 0, 0, 32;
    %ix/getv/s 4, v0x602ebb401570_0;
    %store/vec4a v0x602ebb3fe380, 4, 0;
    %load/vec4 v0x602ebb401570_0;
    %addi 1, 0, 32;
    %store/vec4 v0x602ebb401570_0, 0, 32;
    %jmp T_11.255;
T_11.256 ;
    %pushi/vec4 4290773139, 0, 32;
    %ix/load 4, 0, 0;
    %flag_set/imm 4, 0;
    %store/vec4a v0x602ebb3fcd50, 4, 0;
    %pushi/vec4 4291821843, 0, 32;
    %ix/load 4, 1, 0;
    %flag_set/imm 4, 0;
    %store/vec4a v0x602ebb3fcd50, 4, 0;
    %pushi/vec4 4290773395, 0, 32;
    %ix/load 4, 2, 0;
    %flag_set/imm 4, 0;
    %store/vec4a v0x602ebb3fcd50, 4, 0;
    %pushi/vec4 4288676371, 0, 32;
    %ix/load 4, 3, 0;
    %flag_set/imm 4, 0;
    %store/vec4a v0x602ebb3fcd50, 4, 0;
    %pushi/vec4 1, 0, 1;
    %store/vec4 v0x602ebb401650_0, 0, 1;
    %fork TD_tb.tick, S_0x602ebb400e60;
    %join;
    %pushi/vec4 0, 0, 1;
    %store/vec4 v0x602ebb401650_0, 0, 1;
    %pushi/vec4 0, 0, 32;
    %store/vec4 v0x602ebb401210_0, 0, 32;
T_11.257 ;
    %load/vec4 v0x602ebb4012d0_0;
    %nor/r;
    %flag_set/vec4 9;
    %flag_get/vec4 9;
    %jmp/0 T_11.259, 9;
    %load/vec4 v0x602ebb401210_0;
    %cmpi/s 5000, 0, 32;
    %flag_get/vec4 5;
    %and;
T_11.259;
    %flag_set/vec4 8;
    %jmp/0xz T_11.258, 8;
    %fork TD_tb.tick, S_0x602ebb400e60;
    %join;
    %jmp T_11.257;
T_11.258 ;
    %vpi_call/w 5 800 "$display", "BATCH_RESULT idx=51 prediction=%0d cycles=%0d halted=%0d", &A<v0x602ebb3fe380, 31>, v0x602ebb401210_0, v0x602ebb4012d0_0 {0 0 0};
    %pushi/vec4 0, 0, 32;
    %store/vec4 v0x602ebb401570_0, 0, 32;
T_11.260 ;
    %load/vec4 v0x602ebb401570_0;
    %cmpi/s 32, 0, 32;
    %jmp/0xz T_11.261, 5;
    %pushi/vec4 0, 0, 32;
    %ix/getv/s 4, v0x602ebb401570_0;
    %store/vec4a v0x602ebb3fe380, 4, 0;
    %load/vec4 v0x602ebb401570_0;
    %addi 1, 0, 32;
    %store/vec4 v0x602ebb401570_0, 0, 32;
    %jmp T_11.260;
T_11.261 ;
    %pushi/vec4 29360275, 0, 32;
    %ix/load 4, 0, 0;
    %flag_set/imm 4, 0;
    %store/vec4a v0x602ebb3fcd50, 4, 0;
    %pushi/vec4 16777491, 0, 32;
    %ix/load 4, 1, 0;
    %flag_set/imm 4, 0;
    %store/vec4a v0x602ebb3fcd50, 4, 0;
    %pushi/vec4 30409107, 0, 32;
    %ix/load 4, 2, 0;
    %flag_set/imm 4, 0;
    %store/vec4a v0x602ebb3fcd50, 4, 0;
    %pushi/vec4 29360659, 0, 32;
    %ix/load 4, 3, 0;
    %flag_set/imm 4, 0;
    %store/vec4a v0x602ebb3fcd50, 4, 0;
    %pushi/vec4 1, 0, 1;
    %store/vec4 v0x602ebb401650_0, 0, 1;
    %fork TD_tb.tick, S_0x602ebb400e60;
    %join;
    %pushi/vec4 0, 0, 1;
    %store/vec4 v0x602ebb401650_0, 0, 1;
    %pushi/vec4 0, 0, 32;
    %store/vec4 v0x602ebb401210_0, 0, 32;
T_11.262 ;
    %load/vec4 v0x602ebb4012d0_0;
    %nor/r;
    %flag_set/vec4 9;
    %flag_get/vec4 9;
    %jmp/0 T_11.264, 9;
    %load/vec4 v0x602ebb401210_0;
    %cmpi/s 5000, 0, 32;
    %flag_get/vec4 5;
    %and;
T_11.264;
    %flag_set/vec4 8;
    %jmp/0xz T_11.263, 8;
    %fork TD_tb.tick, S_0x602ebb400e60;
    %join;
    %jmp T_11.262;
T_11.263 ;
    %vpi_call/w 5 809 "$display", "BATCH_RESULT idx=52 prediction=%0d cycles=%0d halted=%0d", &A<v0x602ebb3fe380, 31>, v0x602ebb401210_0, v0x602ebb4012d0_0 {0 0 0};
    %pushi/vec4 0, 0, 32;
    %store/vec4 v0x602ebb401570_0, 0, 32;
T_11.265 ;
    %load/vec4 v0x602ebb401570_0;
    %cmpi/s 32, 0, 32;
    %jmp/0xz T_11.266, 5;
    %pushi/vec4 0, 0, 32;
    %ix/getv/s 4, v0x602ebb401570_0;
    %store/vec4a v0x602ebb3fe380, 4, 0;
    %load/vec4 v0x602ebb401570_0;
    %addi 1, 0, 32;
    %store/vec4 v0x602ebb401570_0, 0, 32;
    %jmp T_11.265;
T_11.266 ;
    %pushi/vec4 4291821715, 0, 32;
    %ix/load 4, 0, 0;
    %flag_set/imm 4, 0;
    %store/vec4a v0x602ebb3fcd50, 4, 0;
    %pushi/vec4 6291731, 0, 32;
    %ix/load 4, 1, 0;
    %flag_set/imm 4, 0;
    %store/vec4a v0x602ebb3fcd50, 4, 0;
    %pushi/vec4 4292870547, 0, 32;
    %ix/load 4, 2, 0;
    %flag_set/imm 4, 0;
    %store/vec4a v0x602ebb3fcd50, 4, 0;
    %pushi/vec4 4290773523, 0, 32;
    %ix/load 4, 3, 0;
    %flag_set/imm 4, 0;
    %store/vec4a v0x602ebb3fcd50, 4, 0;
    %pushi/vec4 1, 0, 1;
    %store/vec4 v0x602ebb401650_0, 0, 1;
    %fork TD_tb.tick, S_0x602ebb400e60;
    %join;
    %pushi/vec4 0, 0, 1;
    %store/vec4 v0x602ebb401650_0, 0, 1;
    %pushi/vec4 0, 0, 32;
    %store/vec4 v0x602ebb401210_0, 0, 32;
T_11.267 ;
    %load/vec4 v0x602ebb4012d0_0;
    %nor/r;
    %flag_set/vec4 9;
    %flag_get/vec4 9;
    %jmp/0 T_11.269, 9;
    %load/vec4 v0x602ebb401210_0;
    %cmpi/s 5000, 0, 32;
    %flag_get/vec4 5;
    %and;
T_11.269;
    %flag_set/vec4 8;
    %jmp/0xz T_11.268, 8;
    %fork TD_tb.tick, S_0x602ebb400e60;
    %join;
    %jmp T_11.267;
T_11.268 ;
    %vpi_call/w 5 818 "$display", "BATCH_RESULT idx=53 prediction=%0d cycles=%0d halted=%0d", &A<v0x602ebb3fe380, 31>, v0x602ebb401210_0, v0x602ebb4012d0_0 {0 0 0};
    %pushi/vec4 0, 0, 32;
    %store/vec4 v0x602ebb401570_0, 0, 32;
T_11.270 ;
    %load/vec4 v0x602ebb401570_0;
    %cmpi/s 32, 0, 32;
    %jmp/0xz T_11.271, 5;
    %pushi/vec4 0, 0, 32;
    %ix/getv/s 4, v0x602ebb401570_0;
    %store/vec4a v0x602ebb3fe380, 4, 0;
    %load/vec4 v0x602ebb401570_0;
    %addi 1, 0, 32;
    %store/vec4 v0x602ebb401570_0, 0, 32;
    %jmp T_11.270;
T_11.271 ;
    %pushi/vec4 7340179, 0, 32;
    %ix/load 4, 0, 0;
    %flag_set/imm 4, 0;
    %store/vec4a v0x602ebb3fcd50, 4, 0;
    %pushi/vec4 14680339, 0, 32;
    %ix/load 4, 1, 0;
    %flag_set/imm 4, 0;
    %store/vec4a v0x602ebb3fcd50, 4, 0;
    %pushi/vec4 7340435, 0, 32;
    %ix/load 4, 2, 0;
    %flag_set/imm 4, 0;
    %store/vec4a v0x602ebb3fcd50, 4, 0;
    %pushi/vec4 5243411, 0, 32;
    %ix/load 4, 3, 0;
    %flag_set/imm 4, 0;
    %store/vec4a v0x602ebb3fcd50, 4, 0;
    %pushi/vec4 1, 0, 1;
    %store/vec4 v0x602ebb401650_0, 0, 1;
    %fork TD_tb.tick, S_0x602ebb400e60;
    %join;
    %pushi/vec4 0, 0, 1;
    %store/vec4 v0x602ebb401650_0, 0, 1;
    %pushi/vec4 0, 0, 32;
    %store/vec4 v0x602ebb401210_0, 0, 32;
T_11.272 ;
    %load/vec4 v0x602ebb4012d0_0;
    %nor/r;
    %flag_set/vec4 9;
    %flag_get/vec4 9;
    %jmp/0 T_11.274, 9;
    %load/vec4 v0x602ebb401210_0;
    %cmpi/s 5000, 0, 32;
    %flag_get/vec4 5;
    %and;
T_11.274;
    %flag_set/vec4 8;
    %jmp/0xz T_11.273, 8;
    %fork TD_tb.tick, S_0x602ebb400e60;
    %join;
    %jmp T_11.272;
T_11.273 ;
    %vpi_call/w 5 827 "$display", "BATCH_RESULT idx=54 prediction=%0d cycles=%0d halted=%0d", &A<v0x602ebb3fe380, 31>, v0x602ebb401210_0, v0x602ebb4012d0_0 {0 0 0};
    %pushi/vec4 0, 0, 32;
    %store/vec4 v0x602ebb401570_0, 0, 32;
T_11.275 ;
    %load/vec4 v0x602ebb401570_0;
    %cmpi/s 32, 0, 32;
    %jmp/0xz T_11.276, 5;
    %pushi/vec4 0, 0, 32;
    %ix/getv/s 4, v0x602ebb401570_0;
    %store/vec4a v0x602ebb3fe380, 4, 0;
    %load/vec4 v0x602ebb401570_0;
    %addi 1, 0, 32;
    %store/vec4 v0x602ebb401570_0, 0, 32;
    %jmp T_11.275;
T_11.276 ;
    %pushi/vec4 12583059, 0, 32;
    %ix/load 4, 0, 0;
    %flag_set/imm 4, 0;
    %store/vec4a v0x602ebb3fcd50, 4, 0;
    %pushi/vec4 4292870419, 0, 32;
    %ix/load 4, 1, 0;
    %flag_set/imm 4, 0;
    %store/vec4a v0x602ebb3fcd50, 4, 0;
    %pushi/vec4 14680467, 0, 32;
    %ix/load 4, 2, 0;
    %flag_set/imm 4, 0;
    %store/vec4a v0x602ebb3fcd50, 4, 0;
    %pushi/vec4 9437715, 0, 32;
    %ix/load 4, 3, 0;
    %flag_set/imm 4, 0;
    %store/vec4a v0x602ebb3fcd50, 4, 0;
    %pushi/vec4 1, 0, 1;
    %store/vec4 v0x602ebb401650_0, 0, 1;
    %fork TD_tb.tick, S_0x602ebb400e60;
    %join;
    %pushi/vec4 0, 0, 1;
    %store/vec4 v0x602ebb401650_0, 0, 1;
    %pushi/vec4 0, 0, 32;
    %store/vec4 v0x602ebb401210_0, 0, 32;
T_11.277 ;
    %load/vec4 v0x602ebb4012d0_0;
    %nor/r;
    %flag_set/vec4 9;
    %flag_get/vec4 9;
    %jmp/0 T_11.279, 9;
    %load/vec4 v0x602ebb401210_0;
    %cmpi/s 5000, 0, 32;
    %flag_get/vec4 5;
    %and;
T_11.279;
    %flag_set/vec4 8;
    %jmp/0xz T_11.278, 8;
    %fork TD_tb.tick, S_0x602ebb400e60;
    %join;
    %jmp T_11.277;
T_11.278 ;
    %vpi_call/w 5 836 "$display", "BATCH_RESULT idx=55 prediction=%0d cycles=%0d halted=%0d", &A<v0x602ebb3fe380, 31>, v0x602ebb401210_0, v0x602ebb4012d0_0 {0 0 0};
    %pushi/vec4 0, 0, 32;
    %store/vec4 v0x602ebb401570_0, 0, 32;
T_11.280 ;
    %load/vec4 v0x602ebb401570_0;
    %cmpi/s 32, 0, 32;
    %jmp/0xz T_11.281, 5;
    %pushi/vec4 0, 0, 32;
    %ix/getv/s 4, v0x602ebb401570_0;
    %store/vec4a v0x602ebb3fe380, 4, 0;
    %load/vec4 v0x602ebb401570_0;
    %addi 1, 0, 32;
    %store/vec4 v0x602ebb401570_0, 0, 32;
    %jmp T_11.280;
T_11.281 ;
    %pushi/vec4 4293918867, 0, 32;
    %ix/load 4, 0, 0;
    %flag_set/imm 4, 0;
    %store/vec4a v0x602ebb3fcd50, 4, 0;
    %pushi/vec4 12583187, 0, 32;
    %ix/load 4, 1, 0;
    %flag_set/imm 4, 0;
    %store/vec4a v0x602ebb3fcd50, 4, 0;
    %pushi/vec4 403, 0, 32;
    %ix/load 4, 2, 0;
    %flag_set/imm 4, 0;
    %store/vec4a v0x602ebb3fcd50, 4, 0;
    %pushi/vec4 4291822099, 0, 32;
    %ix/load 4, 3, 0;
    %flag_set/imm 4, 0;
    %store/vec4a v0x602ebb3fcd50, 4, 0;
    %pushi/vec4 1, 0, 1;
    %store/vec4 v0x602ebb401650_0, 0, 1;
    %fork TD_tb.tick, S_0x602ebb400e60;
    %join;
    %pushi/vec4 0, 0, 1;
    %store/vec4 v0x602ebb401650_0, 0, 1;
    %pushi/vec4 0, 0, 32;
    %store/vec4 v0x602ebb401210_0, 0, 32;
T_11.282 ;
    %load/vec4 v0x602ebb4012d0_0;
    %nor/r;
    %flag_set/vec4 9;
    %flag_get/vec4 9;
    %jmp/0 T_11.284, 9;
    %load/vec4 v0x602ebb401210_0;
    %cmpi/s 5000, 0, 32;
    %flag_get/vec4 5;
    %and;
T_11.284;
    %flag_set/vec4 8;
    %jmp/0xz T_11.283, 8;
    %fork TD_tb.tick, S_0x602ebb400e60;
    %join;
    %jmp T_11.282;
T_11.283 ;
    %vpi_call/w 5 845 "$display", "BATCH_RESULT idx=56 prediction=%0d cycles=%0d halted=%0d", &A<v0x602ebb3fe380, 31>, v0x602ebb401210_0, v0x602ebb4012d0_0 {0 0 0};
    %pushi/vec4 0, 0, 32;
    %store/vec4 v0x602ebb401570_0, 0, 32;
T_11.285 ;
    %load/vec4 v0x602ebb401570_0;
    %cmpi/s 32, 0, 32;
    %jmp/0xz T_11.286, 5;
    %pushi/vec4 0, 0, 32;
    %ix/getv/s 4, v0x602ebb401570_0;
    %store/vec4a v0x602ebb3fe380, 4, 0;
    %load/vec4 v0x602ebb401570_0;
    %addi 1, 0, 32;
    %store/vec4 v0x602ebb401570_0, 0, 32;
    %jmp T_11.285;
T_11.286 ;
    %pushi/vec4 5243027, 0, 32;
    %ix/load 4, 0, 0;
    %flag_set/imm 4, 0;
    %store/vec4a v0x602ebb3fcd50, 4, 0;
    %pushi/vec4 4284481811, 0, 32;
    %ix/load 4, 1, 0;
    %flag_set/imm 4, 0;
    %store/vec4a v0x602ebb3fcd50, 4, 0;
    %pushi/vec4 6291859, 0, 32;
    %ix/load 4, 2, 0;
    %flag_set/imm 4, 0;
    %store/vec4a v0x602ebb3fcd50, 4, 0;
    %pushi/vec4 2097683, 0, 32;
    %ix/load 4, 3, 0;
    %flag_set/imm 4, 0;
    %store/vec4a v0x602ebb3fcd50, 4, 0;
    %pushi/vec4 1, 0, 1;
    %store/vec4 v0x602ebb401650_0, 0, 1;
    %fork TD_tb.tick, S_0x602ebb400e60;
    %join;
    %pushi/vec4 0, 0, 1;
    %store/vec4 v0x602ebb401650_0, 0, 1;
    %pushi/vec4 0, 0, 32;
    %store/vec4 v0x602ebb401210_0, 0, 32;
T_11.287 ;
    %load/vec4 v0x602ebb4012d0_0;
    %nor/r;
    %flag_set/vec4 9;
    %flag_get/vec4 9;
    %jmp/0 T_11.289, 9;
    %load/vec4 v0x602ebb401210_0;
    %cmpi/s 5000, 0, 32;
    %flag_get/vec4 5;
    %and;
T_11.289;
    %flag_set/vec4 8;
    %jmp/0xz T_11.288, 8;
    %fork TD_tb.tick, S_0x602ebb400e60;
    %join;
    %jmp T_11.287;
T_11.288 ;
    %vpi_call/w 5 854 "$display", "BATCH_RESULT idx=57 prediction=%0d cycles=%0d halted=%0d", &A<v0x602ebb3fe380, 31>, v0x602ebb401210_0, v0x602ebb4012d0_0 {0 0 0};
    %pushi/vec4 0, 0, 32;
    %store/vec4 v0x602ebb401570_0, 0, 32;
T_11.290 ;
    %load/vec4 v0x602ebb401570_0;
    %cmpi/s 32, 0, 32;
    %jmp/0xz T_11.291, 5;
    %pushi/vec4 0, 0, 32;
    %ix/getv/s 4, v0x602ebb401570_0;
    %store/vec4a v0x602ebb3fe380, 4, 0;
    %load/vec4 v0x602ebb401570_0;
    %addi 1, 0, 32;
    %store/vec4 v0x602ebb401570_0, 0, 32;
    %jmp T_11.290;
T_11.291 ;
    %pushi/vec4 65011859, 0, 32;
    %ix/load 4, 0, 0;
    %flag_set/imm 4, 0;
    %store/vec4a v0x602ebb3fcd50, 4, 0;
    %pushi/vec4 4287627539, 0, 32;
    %ix/load 4, 1, 0;
    %flag_set/imm 4, 0;
    %store/vec4a v0x602ebb3fcd50, 4, 0;
    %pushi/vec4 67109267, 0, 32;
    %ix/load 4, 2, 0;
    %flag_set/imm 4, 0;
    %store/vec4a v0x602ebb3fcd50, 4, 0;
    %pushi/vec4 77595155, 0, 32;
    %ix/load 4, 3, 0;
    %flag_set/imm 4, 0;
    %store/vec4a v0x602ebb3fcd50, 4, 0;
    %pushi/vec4 1, 0, 1;
    %store/vec4 v0x602ebb401650_0, 0, 1;
    %fork TD_tb.tick, S_0x602ebb400e60;
    %join;
    %pushi/vec4 0, 0, 1;
    %store/vec4 v0x602ebb401650_0, 0, 1;
    %pushi/vec4 0, 0, 32;
    %store/vec4 v0x602ebb401210_0, 0, 32;
T_11.292 ;
    %load/vec4 v0x602ebb4012d0_0;
    %nor/r;
    %flag_set/vec4 9;
    %flag_get/vec4 9;
    %jmp/0 T_11.294, 9;
    %load/vec4 v0x602ebb401210_0;
    %cmpi/s 5000, 0, 32;
    %flag_get/vec4 5;
    %and;
T_11.294;
    %flag_set/vec4 8;
    %jmp/0xz T_11.293, 8;
    %fork TD_tb.tick, S_0x602ebb400e60;
    %join;
    %jmp T_11.292;
T_11.293 ;
    %vpi_call/w 5 863 "$display", "BATCH_RESULT idx=58 prediction=%0d cycles=%0d halted=%0d", &A<v0x602ebb3fe380, 31>, v0x602ebb401210_0, v0x602ebb4012d0_0 {0 0 0};
    %pushi/vec4 0, 0, 32;
    %store/vec4 v0x602ebb401570_0, 0, 32;
T_11.295 ;
    %load/vec4 v0x602ebb401570_0;
    %cmpi/s 32, 0, 32;
    %jmp/0xz T_11.296, 5;
    %pushi/vec4 0, 0, 32;
    %ix/getv/s 4, v0x602ebb401570_0;
    %store/vec4a v0x602ebb3fe380, 4, 0;
    %load/vec4 v0x602ebb401570_0;
    %addi 1, 0, 32;
    %store/vec4 v0x602ebb401570_0, 0, 32;
    %jmp T_11.295;
T_11.296 ;
    %pushi/vec4 9437331, 0, 32;
    %ix/load 4, 0, 0;
    %flag_set/imm 4, 0;
    %store/vec4a v0x602ebb3fcd50, 4, 0;
    %pushi/vec4 275, 0, 32;
    %ix/load 4, 1, 0;
    %flag_set/imm 4, 0;
    %store/vec4a v0x602ebb3fcd50, 4, 0;
    %pushi/vec4 7340435, 0, 32;
    %ix/load 4, 2, 0;
    %flag_set/imm 4, 0;
    %store/vec4a v0x602ebb3fcd50, 4, 0;
    %pushi/vec4 6291987, 0, 32;
    %ix/load 4, 3, 0;
    %flag_set/imm 4, 0;
    %store/vec4a v0x602ebb3fcd50, 4, 0;
    %pushi/vec4 1, 0, 1;
    %store/vec4 v0x602ebb401650_0, 0, 1;
    %fork TD_tb.tick, S_0x602ebb400e60;
    %join;
    %pushi/vec4 0, 0, 1;
    %store/vec4 v0x602ebb401650_0, 0, 1;
    %pushi/vec4 0, 0, 32;
    %store/vec4 v0x602ebb401210_0, 0, 32;
T_11.297 ;
    %load/vec4 v0x602ebb4012d0_0;
    %nor/r;
    %flag_set/vec4 9;
    %flag_get/vec4 9;
    %jmp/0 T_11.299, 9;
    %load/vec4 v0x602ebb401210_0;
    %cmpi/s 5000, 0, 32;
    %flag_get/vec4 5;
    %and;
T_11.299;
    %flag_set/vec4 8;
    %jmp/0xz T_11.298, 8;
    %fork TD_tb.tick, S_0x602ebb400e60;
    %join;
    %jmp T_11.297;
T_11.298 ;
    %vpi_call/w 5 872 "$display", "BATCH_RESULT idx=59 prediction=%0d cycles=%0d halted=%0d", &A<v0x602ebb3fe380, 31>, v0x602ebb401210_0, v0x602ebb4012d0_0 {0 0 0};
    %pushi/vec4 0, 0, 32;
    %store/vec4 v0x602ebb401570_0, 0, 32;
T_11.300 ;
    %load/vec4 v0x602ebb401570_0;
    %cmpi/s 32, 0, 32;
    %jmp/0xz T_11.301, 5;
    %pushi/vec4 0, 0, 32;
    %ix/getv/s 4, v0x602ebb401570_0;
    %store/vec4a v0x602ebb3fe380, 4, 0;
    %load/vec4 v0x602ebb401570_0;
    %addi 1, 0, 32;
    %store/vec4 v0x602ebb401570_0, 0, 32;
    %jmp T_11.300;
T_11.301 ;
    %pushi/vec4 30408851, 0, 32;
    %ix/load 4, 0, 0;
    %flag_set/imm 4, 0;
    %store/vec4a v0x602ebb3fcd50, 4, 0;
    %pushi/vec4 275, 0, 32;
    %ix/load 4, 1, 0;
    %flag_set/imm 4, 0;
    %store/vec4a v0x602ebb3fcd50, 4, 0;
    %pushi/vec4 28311955, 0, 32;
    %ix/load 4, 2, 0;
    %flag_set/imm 4, 0;
    %store/vec4a v0x602ebb3fcd50, 4, 0;
    %pushi/vec4 30409235, 0, 32;
    %ix/load 4, 3, 0;
    %flag_set/imm 4, 0;
    %store/vec4a v0x602ebb3fcd50, 4, 0;
    %pushi/vec4 1, 0, 1;
    %store/vec4 v0x602ebb401650_0, 0, 1;
    %fork TD_tb.tick, S_0x602ebb400e60;
    %join;
    %pushi/vec4 0, 0, 1;
    %store/vec4 v0x602ebb401650_0, 0, 1;
    %pushi/vec4 0, 0, 32;
    %store/vec4 v0x602ebb401210_0, 0, 32;
T_11.302 ;
    %load/vec4 v0x602ebb4012d0_0;
    %nor/r;
    %flag_set/vec4 9;
    %flag_get/vec4 9;
    %jmp/0 T_11.304, 9;
    %load/vec4 v0x602ebb401210_0;
    %cmpi/s 5000, 0, 32;
    %flag_get/vec4 5;
    %and;
T_11.304;
    %flag_set/vec4 8;
    %jmp/0xz T_11.303, 8;
    %fork TD_tb.tick, S_0x602ebb400e60;
    %join;
    %jmp T_11.302;
T_11.303 ;
    %vpi_call/w 5 881 "$display", "BATCH_RESULT idx=60 prediction=%0d cycles=%0d halted=%0d", &A<v0x602ebb3fe380, 31>, v0x602ebb401210_0, v0x602ebb4012d0_0 {0 0 0};
    %pushi/vec4 0, 0, 32;
    %store/vec4 v0x602ebb401570_0, 0, 32;
T_11.305 ;
    %load/vec4 v0x602ebb401570_0;
    %cmpi/s 32, 0, 32;
    %jmp/0xz T_11.306, 5;
    %pushi/vec4 0, 0, 32;
    %ix/getv/s 4, v0x602ebb401570_0;
    %store/vec4a v0x602ebb3fe380, 4, 0;
    %load/vec4 v0x602ebb401570_0;
    %addi 1, 0, 32;
    %store/vec4 v0x602ebb401570_0, 0, 32;
    %jmp T_11.305;
T_11.306 ;
    %pushi/vec4 45088915, 0, 32;
    %ix/load 4, 0, 0;
    %flag_set/imm 4, 0;
    %store/vec4a v0x602ebb3fcd50, 4, 0;
    %pushi/vec4 1048851, 0, 32;
    %ix/load 4, 1, 0;
    %flag_set/imm 4, 0;
    %store/vec4a v0x602ebb3fcd50, 4, 0;
    %pushi/vec4 49283475, 0, 32;
    %ix/load 4, 2, 0;
    %flag_set/imm 4, 0;
    %store/vec4a v0x602ebb3fcd50, 4, 0;
    %pushi/vec4 49283603, 0, 32;
    %ix/load 4, 3, 0;
    %flag_set/imm 4, 0;
    %store/vec4a v0x602ebb3fcd50, 4, 0;
    %pushi/vec4 1, 0, 1;
    %store/vec4 v0x602ebb401650_0, 0, 1;
    %fork TD_tb.tick, S_0x602ebb400e60;
    %join;
    %pushi/vec4 0, 0, 1;
    %store/vec4 v0x602ebb401650_0, 0, 1;
    %pushi/vec4 0, 0, 32;
    %store/vec4 v0x602ebb401210_0, 0, 32;
T_11.307 ;
    %load/vec4 v0x602ebb4012d0_0;
    %nor/r;
    %flag_set/vec4 9;
    %flag_get/vec4 9;
    %jmp/0 T_11.309, 9;
    %load/vec4 v0x602ebb401210_0;
    %cmpi/s 5000, 0, 32;
    %flag_get/vec4 5;
    %and;
T_11.309;
    %flag_set/vec4 8;
    %jmp/0xz T_11.308, 8;
    %fork TD_tb.tick, S_0x602ebb400e60;
    %join;
    %jmp T_11.307;
T_11.308 ;
    %vpi_call/w 5 890 "$display", "BATCH_RESULT idx=61 prediction=%0d cycles=%0d halted=%0d", &A<v0x602ebb3fe380, 31>, v0x602ebb401210_0, v0x602ebb4012d0_0 {0 0 0};
    %pushi/vec4 0, 0, 32;
    %store/vec4 v0x602ebb401570_0, 0, 32;
T_11.310 ;
    %load/vec4 v0x602ebb401570_0;
    %cmpi/s 32, 0, 32;
    %jmp/0xz T_11.311, 5;
    %pushi/vec4 0, 0, 32;
    %ix/getv/s 4, v0x602ebb401570_0;
    %store/vec4a v0x602ebb3fe380, 4, 0;
    %load/vec4 v0x602ebb401570_0;
    %addi 1, 0, 32;
    %store/vec4 v0x602ebb401570_0, 0, 32;
    %jmp T_11.310;
T_11.311 ;
    %pushi/vec4 36700307, 0, 32;
    %ix/load 4, 0, 0;
    %flag_set/imm 4, 0;
    %store/vec4a v0x602ebb3fcd50, 4, 0;
    %pushi/vec4 8388883, 0, 32;
    %ix/load 4, 1, 0;
    %flag_set/imm 4, 0;
    %store/vec4a v0x602ebb3fcd50, 4, 0;
    %pushi/vec4 37749139, 0, 32;
    %ix/load 4, 2, 0;
    %flag_set/imm 4, 0;
    %store/vec4a v0x602ebb3fcd50, 4, 0;
    %pushi/vec4 38797843, 0, 32;
    %ix/load 4, 3, 0;
    %flag_set/imm 4, 0;
    %store/vec4a v0x602ebb3fcd50, 4, 0;
    %pushi/vec4 1, 0, 1;
    %store/vec4 v0x602ebb401650_0, 0, 1;
    %fork TD_tb.tick, S_0x602ebb400e60;
    %join;
    %pushi/vec4 0, 0, 1;
    %store/vec4 v0x602ebb401650_0, 0, 1;
    %pushi/vec4 0, 0, 32;
    %store/vec4 v0x602ebb401210_0, 0, 32;
T_11.312 ;
    %load/vec4 v0x602ebb4012d0_0;
    %nor/r;
    %flag_set/vec4 9;
    %flag_get/vec4 9;
    %jmp/0 T_11.314, 9;
    %load/vec4 v0x602ebb401210_0;
    %cmpi/s 5000, 0, 32;
    %flag_get/vec4 5;
    %and;
T_11.314;
    %flag_set/vec4 8;
    %jmp/0xz T_11.313, 8;
    %fork TD_tb.tick, S_0x602ebb400e60;
    %join;
    %jmp T_11.312;
T_11.313 ;
    %vpi_call/w 5 899 "$display", "BATCH_RESULT idx=62 prediction=%0d cycles=%0d halted=%0d", &A<v0x602ebb3fe380, 31>, v0x602ebb401210_0, v0x602ebb4012d0_0 {0 0 0};
    %pushi/vec4 0, 0, 32;
    %store/vec4 v0x602ebb401570_0, 0, 32;
T_11.315 ;
    %load/vec4 v0x602ebb401570_0;
    %cmpi/s 32, 0, 32;
    %jmp/0xz T_11.316, 5;
    %pushi/vec4 0, 0, 32;
    %ix/getv/s 4, v0x602ebb401570_0;
    %store/vec4a v0x602ebb3fe380, 4, 0;
    %load/vec4 v0x602ebb401570_0;
    %addi 1, 0, 32;
    %store/vec4 v0x602ebb401570_0, 0, 32;
    %jmp T_11.315;
T_11.316 ;
    %pushi/vec4 28311699, 0, 32;
    %ix/load 4, 0, 0;
    %flag_set/imm 4, 0;
    %store/vec4a v0x602ebb3fcd50, 4, 0;
    %pushi/vec4 23068947, 0, 32;
    %ix/load 4, 1, 0;
    %flag_set/imm 4, 0;
    %store/vec4a v0x602ebb3fcd50, 4, 0;
    %pushi/vec4 30409107, 0, 32;
    %ix/load 4, 2, 0;
    %flag_set/imm 4, 0;
    %store/vec4a v0x602ebb3fcd50, 4, 0;
    %pushi/vec4 26214931, 0, 32;
    %ix/load 4, 3, 0;
    %flag_set/imm 4, 0;
    %store/vec4a v0x602ebb3fcd50, 4, 0;
    %pushi/vec4 1, 0, 1;
    %store/vec4 v0x602ebb401650_0, 0, 1;
    %fork TD_tb.tick, S_0x602ebb400e60;
    %join;
    %pushi/vec4 0, 0, 1;
    %store/vec4 v0x602ebb401650_0, 0, 1;
    %pushi/vec4 0, 0, 32;
    %store/vec4 v0x602ebb401210_0, 0, 32;
T_11.317 ;
    %load/vec4 v0x602ebb4012d0_0;
    %nor/r;
    %flag_set/vec4 9;
    %flag_get/vec4 9;
    %jmp/0 T_11.319, 9;
    %load/vec4 v0x602ebb401210_0;
    %cmpi/s 5000, 0, 32;
    %flag_get/vec4 5;
    %and;
T_11.319;
    %flag_set/vec4 8;
    %jmp/0xz T_11.318, 8;
    %fork TD_tb.tick, S_0x602ebb400e60;
    %join;
    %jmp T_11.317;
T_11.318 ;
    %vpi_call/w 5 908 "$display", "BATCH_RESULT idx=63 prediction=%0d cycles=%0d halted=%0d", &A<v0x602ebb3fe380, 31>, v0x602ebb401210_0, v0x602ebb4012d0_0 {0 0 0};
    %pushi/vec4 0, 0, 32;
    %store/vec4 v0x602ebb401570_0, 0, 32;
T_11.320 ;
    %load/vec4 v0x602ebb401570_0;
    %cmpi/s 32, 0, 32;
    %jmp/0xz T_11.321, 5;
    %pushi/vec4 0, 0, 32;
    %ix/getv/s 4, v0x602ebb401570_0;
    %store/vec4a v0x602ebb3fe380, 4, 0;
    %load/vec4 v0x602ebb401570_0;
    %addi 1, 0, 32;
    %store/vec4 v0x602ebb401570_0, 0, 32;
    %jmp T_11.320;
T_11.321 ;
    %pushi/vec4 4276093075, 0, 32;
    %ix/load 4, 0, 0;
    %flag_set/imm 4, 0;
    %store/vec4a v0x602ebb3fcd50, 4, 0;
    %pushi/vec4 2097427, 0, 32;
    %ix/load 4, 1, 0;
    %flag_set/imm 4, 0;
    %store/vec4a v0x602ebb3fcd50, 4, 0;
    %pushi/vec4 4276093331, 0, 32;
    %ix/load 4, 2, 0;
    %flag_set/imm 4, 0;
    %store/vec4a v0x602ebb3fcd50, 4, 0;
    %pushi/vec4 4278190611, 0, 32;
    %ix/load 4, 3, 0;
    %flag_set/imm 4, 0;
    %store/vec4a v0x602ebb3fcd50, 4, 0;
    %pushi/vec4 1, 0, 1;
    %store/vec4 v0x602ebb401650_0, 0, 1;
    %fork TD_tb.tick, S_0x602ebb400e60;
    %join;
    %pushi/vec4 0, 0, 1;
    %store/vec4 v0x602ebb401650_0, 0, 1;
    %pushi/vec4 0, 0, 32;
    %store/vec4 v0x602ebb401210_0, 0, 32;
T_11.322 ;
    %load/vec4 v0x602ebb4012d0_0;
    %nor/r;
    %flag_set/vec4 9;
    %flag_get/vec4 9;
    %jmp/0 T_11.324, 9;
    %load/vec4 v0x602ebb401210_0;
    %cmpi/s 5000, 0, 32;
    %flag_get/vec4 5;
    %and;
T_11.324;
    %flag_set/vec4 8;
    %jmp/0xz T_11.323, 8;
    %fork TD_tb.tick, S_0x602ebb400e60;
    %join;
    %jmp T_11.322;
T_11.323 ;
    %vpi_call/w 5 917 "$display", "BATCH_RESULT idx=64 prediction=%0d cycles=%0d halted=%0d", &A<v0x602ebb3fe380, 31>, v0x602ebb401210_0, v0x602ebb4012d0_0 {0 0 0};
    %pushi/vec4 0, 0, 32;
    %store/vec4 v0x602ebb401570_0, 0, 32;
T_11.325 ;
    %load/vec4 v0x602ebb401570_0;
    %cmpi/s 32, 0, 32;
    %jmp/0xz T_11.326, 5;
    %pushi/vec4 0, 0, 32;
    %ix/getv/s 4, v0x602ebb401570_0;
    %store/vec4a v0x602ebb3fe380, 4, 0;
    %load/vec4 v0x602ebb401570_0;
    %addi 1, 0, 32;
    %store/vec4 v0x602ebb401570_0, 0, 32;
    %jmp T_11.325;
T_11.326 ;
    %pushi/vec4 4283433107, 0, 32;
    %ix/load 4, 0, 0;
    %flag_set/imm 4, 0;
    %store/vec4a v0x602ebb3fcd50, 4, 0;
    %pushi/vec4 9437459, 0, 32;
    %ix/load 4, 1, 0;
    %flag_set/imm 4, 0;
    %store/vec4a v0x602ebb3fcd50, 4, 0;
    %pushi/vec4 4283433363, 0, 32;
    %ix/load 4, 2, 0;
    %flag_set/imm 4, 0;
    %store/vec4a v0x602ebb3fcd50, 4, 0;
    %pushi/vec4 4283433491, 0, 32;
    %ix/load 4, 3, 0;
    %flag_set/imm 4, 0;
    %store/vec4a v0x602ebb3fcd50, 4, 0;
    %pushi/vec4 1, 0, 1;
    %store/vec4 v0x602ebb401650_0, 0, 1;
    %fork TD_tb.tick, S_0x602ebb400e60;
    %join;
    %pushi/vec4 0, 0, 1;
    %store/vec4 v0x602ebb401650_0, 0, 1;
    %pushi/vec4 0, 0, 32;
    %store/vec4 v0x602ebb401210_0, 0, 32;
T_11.327 ;
    %load/vec4 v0x602ebb4012d0_0;
    %nor/r;
    %flag_set/vec4 9;
    %flag_get/vec4 9;
    %jmp/0 T_11.329, 9;
    %load/vec4 v0x602ebb401210_0;
    %cmpi/s 5000, 0, 32;
    %flag_get/vec4 5;
    %and;
T_11.329;
    %flag_set/vec4 8;
    %jmp/0xz T_11.328, 8;
    %fork TD_tb.tick, S_0x602ebb400e60;
    %join;
    %jmp T_11.327;
T_11.328 ;
    %vpi_call/w 5 926 "$display", "BATCH_RESULT idx=65 prediction=%0d cycles=%0d halted=%0d", &A<v0x602ebb3fe380, 31>, v0x602ebb401210_0, v0x602ebb4012d0_0 {0 0 0};
    %pushi/vec4 0, 0, 32;
    %store/vec4 v0x602ebb401570_0, 0, 32;
T_11.330 ;
    %load/vec4 v0x602ebb401570_0;
    %cmpi/s 32, 0, 32;
    %jmp/0xz T_11.331, 5;
    %pushi/vec4 0, 0, 32;
    %ix/getv/s 4, v0x602ebb401570_0;
    %store/vec4a v0x602ebb3fe380, 4, 0;
    %load/vec4 v0x602ebb401570_0;
    %addi 1, 0, 32;
    %store/vec4 v0x602ebb401570_0, 0, 32;
    %jmp T_11.330;
T_11.331 ;
    %pushi/vec4 4284481683, 0, 32;
    %ix/load 4, 0, 0;
    %flag_set/imm 4, 0;
    %store/vec4a v0x602ebb3fcd50, 4, 0;
    %pushi/vec4 4276093203, 0, 32;
    %ix/load 4, 1, 0;
    %flag_set/imm 4, 0;
    %store/vec4a v0x602ebb3fcd50, 4, 0;
    %pushi/vec4 4284481939, 0, 32;
    %ix/load 4, 2, 0;
    %flag_set/imm 4, 0;
    %store/vec4a v0x602ebb3fcd50, 4, 0;
    %pushi/vec4 4284482067, 0, 32;
    %ix/load 4, 3, 0;
    %flag_set/imm 4, 0;
    %store/vec4a v0x602ebb3fcd50, 4, 0;
    %pushi/vec4 1, 0, 1;
    %store/vec4 v0x602ebb401650_0, 0, 1;
    %fork TD_tb.tick, S_0x602ebb400e60;
    %join;
    %pushi/vec4 0, 0, 1;
    %store/vec4 v0x602ebb401650_0, 0, 1;
    %pushi/vec4 0, 0, 32;
    %store/vec4 v0x602ebb401210_0, 0, 32;
T_11.332 ;
    %load/vec4 v0x602ebb4012d0_0;
    %nor/r;
    %flag_set/vec4 9;
    %flag_get/vec4 9;
    %jmp/0 T_11.334, 9;
    %load/vec4 v0x602ebb401210_0;
    %cmpi/s 5000, 0, 32;
    %flag_get/vec4 5;
    %and;
T_11.334;
    %flag_set/vec4 8;
    %jmp/0xz T_11.333, 8;
    %fork TD_tb.tick, S_0x602ebb400e60;
    %join;
    %jmp T_11.332;
T_11.333 ;
    %vpi_call/w 5 935 "$display", "BATCH_RESULT idx=66 prediction=%0d cycles=%0d halted=%0d", &A<v0x602ebb3fe380, 31>, v0x602ebb401210_0, v0x602ebb4012d0_0 {0 0 0};
    %pushi/vec4 0, 0, 32;
    %store/vec4 v0x602ebb401570_0, 0, 32;
T_11.335 ;
    %load/vec4 v0x602ebb401570_0;
    %cmpi/s 32, 0, 32;
    %jmp/0xz T_11.336, 5;
    %pushi/vec4 0, 0, 32;
    %ix/getv/s 4, v0x602ebb401570_0;
    %store/vec4a v0x602ebb3fe380, 4, 0;
    %load/vec4 v0x602ebb401570_0;
    %addi 1, 0, 32;
    %store/vec4 v0x602ebb401570_0, 0, 32;
    %jmp T_11.335;
T_11.336 ;
    %pushi/vec4 4279238803, 0, 32;
    %ix/load 4, 0, 0;
    %flag_set/imm 4, 0;
    %store/vec4a v0x602ebb3fcd50, 4, 0;
    %pushi/vec4 4277141779, 0, 32;
    %ix/load 4, 1, 0;
    %flag_set/imm 4, 0;
    %store/vec4a v0x602ebb3fcd50, 4, 0;
    %pushi/vec4 4279239059, 0, 32;
    %ix/load 4, 2, 0;
    %flag_set/imm 4, 0;
    %store/vec4a v0x602ebb3fcd50, 4, 0;
    %pushi/vec4 4280287763, 0, 32;
    %ix/load 4, 3, 0;
    %flag_set/imm 4, 0;
    %store/vec4a v0x602ebb3fcd50, 4, 0;
    %pushi/vec4 1, 0, 1;
    %store/vec4 v0x602ebb401650_0, 0, 1;
    %fork TD_tb.tick, S_0x602ebb400e60;
    %join;
    %pushi/vec4 0, 0, 1;
    %store/vec4 v0x602ebb401650_0, 0, 1;
    %pushi/vec4 0, 0, 32;
    %store/vec4 v0x602ebb401210_0, 0, 32;
T_11.337 ;
    %load/vec4 v0x602ebb4012d0_0;
    %nor/r;
    %flag_set/vec4 9;
    %flag_get/vec4 9;
    %jmp/0 T_11.339, 9;
    %load/vec4 v0x602ebb401210_0;
    %cmpi/s 5000, 0, 32;
    %flag_get/vec4 5;
    %and;
T_11.339;
    %flag_set/vec4 8;
    %jmp/0xz T_11.338, 8;
    %fork TD_tb.tick, S_0x602ebb400e60;
    %join;
    %jmp T_11.337;
T_11.338 ;
    %vpi_call/w 5 944 "$display", "BATCH_RESULT idx=67 prediction=%0d cycles=%0d halted=%0d", &A<v0x602ebb3fe380, 31>, v0x602ebb401210_0, v0x602ebb4012d0_0 {0 0 0};
    %pushi/vec4 0, 0, 32;
    %store/vec4 v0x602ebb401570_0, 0, 32;
T_11.340 ;
    %load/vec4 v0x602ebb401570_0;
    %cmpi/s 32, 0, 32;
    %jmp/0xz T_11.341, 5;
    %pushi/vec4 0, 0, 32;
    %ix/getv/s 4, v0x602ebb401570_0;
    %store/vec4a v0x602ebb3fe380, 4, 0;
    %load/vec4 v0x602ebb401570_0;
    %addi 1, 0, 32;
    %store/vec4 v0x602ebb401570_0, 0, 32;
    %jmp T_11.340;
T_11.341 ;
    %pushi/vec4 4289724563, 0, 32;
    %ix/load 4, 0, 0;
    %flag_set/imm 4, 0;
    %store/vec4a v0x602ebb3fcd50, 4, 0;
    %pushi/vec4 6291731, 0, 32;
    %ix/load 4, 1, 0;
    %flag_set/imm 4, 0;
    %store/vec4a v0x602ebb3fcd50, 4, 0;
    %pushi/vec4 4288676243, 0, 32;
    %ix/load 4, 2, 0;
    %flag_set/imm 4, 0;
    %store/vec4a v0x602ebb3fcd50, 4, 0;
    %pushi/vec4 4288676371, 0, 32;
    %ix/load 4, 3, 0;
    %flag_set/imm 4, 0;
    %store/vec4a v0x602ebb3fcd50, 4, 0;
    %pushi/vec4 1, 0, 1;
    %store/vec4 v0x602ebb401650_0, 0, 1;
    %fork TD_tb.tick, S_0x602ebb400e60;
    %join;
    %pushi/vec4 0, 0, 1;
    %store/vec4 v0x602ebb401650_0, 0, 1;
    %pushi/vec4 0, 0, 32;
    %store/vec4 v0x602ebb401210_0, 0, 32;
T_11.342 ;
    %load/vec4 v0x602ebb4012d0_0;
    %nor/r;
    %flag_set/vec4 9;
    %flag_get/vec4 9;
    %jmp/0 T_11.344, 9;
    %load/vec4 v0x602ebb401210_0;
    %cmpi/s 5000, 0, 32;
    %flag_get/vec4 5;
    %and;
T_11.344;
    %flag_set/vec4 8;
    %jmp/0xz T_11.343, 8;
    %fork TD_tb.tick, S_0x602ebb400e60;
    %join;
    %jmp T_11.342;
T_11.343 ;
    %vpi_call/w 5 953 "$display", "BATCH_RESULT idx=68 prediction=%0d cycles=%0d halted=%0d", &A<v0x602ebb3fe380, 31>, v0x602ebb401210_0, v0x602ebb4012d0_0 {0 0 0};
    %pushi/vec4 0, 0, 32;
    %store/vec4 v0x602ebb401570_0, 0, 32;
T_11.345 ;
    %load/vec4 v0x602ebb401570_0;
    %cmpi/s 32, 0, 32;
    %jmp/0xz T_11.346, 5;
    %pushi/vec4 0, 0, 32;
    %ix/getv/s 4, v0x602ebb401570_0;
    %store/vec4a v0x602ebb3fe380, 4, 0;
    %load/vec4 v0x602ebb401570_0;
    %addi 1, 0, 32;
    %store/vec4 v0x602ebb401570_0, 0, 32;
    %jmp T_11.345;
T_11.346 ;
    %pushi/vec4 4288675987, 0, 32;
    %ix/load 4, 0, 0;
    %flag_set/imm 4, 0;
    %store/vec4a v0x602ebb3fcd50, 4, 0;
    %pushi/vec4 4282384659, 0, 32;
    %ix/load 4, 1, 0;
    %flag_set/imm 4, 0;
    %store/vec4a v0x602ebb3fcd50, 4, 0;
    %pushi/vec4 4288676243, 0, 32;
    %ix/load 4, 2, 0;
    %flag_set/imm 4, 0;
    %store/vec4a v0x602ebb3fcd50, 4, 0;
    %pushi/vec4 4287627795, 0, 32;
    %ix/load 4, 3, 0;
    %flag_set/imm 4, 0;
    %store/vec4a v0x602ebb3fcd50, 4, 0;
    %pushi/vec4 1, 0, 1;
    %store/vec4 v0x602ebb401650_0, 0, 1;
    %fork TD_tb.tick, S_0x602ebb400e60;
    %join;
    %pushi/vec4 0, 0, 1;
    %store/vec4 v0x602ebb401650_0, 0, 1;
    %pushi/vec4 0, 0, 32;
    %store/vec4 v0x602ebb401210_0, 0, 32;
T_11.347 ;
    %load/vec4 v0x602ebb4012d0_0;
    %nor/r;
    %flag_set/vec4 9;
    %flag_get/vec4 9;
    %jmp/0 T_11.349, 9;
    %load/vec4 v0x602ebb401210_0;
    %cmpi/s 5000, 0, 32;
    %flag_get/vec4 5;
    %and;
T_11.349;
    %flag_set/vec4 8;
    %jmp/0xz T_11.348, 8;
    %fork TD_tb.tick, S_0x602ebb400e60;
    %join;
    %jmp T_11.347;
T_11.348 ;
    %vpi_call/w 5 962 "$display", "BATCH_RESULT idx=69 prediction=%0d cycles=%0d halted=%0d", &A<v0x602ebb3fe380, 31>, v0x602ebb401210_0, v0x602ebb4012d0_0 {0 0 0};
    %pushi/vec4 0, 0, 32;
    %store/vec4 v0x602ebb401570_0, 0, 32;
T_11.350 ;
    %load/vec4 v0x602ebb401570_0;
    %cmpi/s 32, 0, 32;
    %jmp/0xz T_11.351, 5;
    %pushi/vec4 0, 0, 32;
    %ix/getv/s 4, v0x602ebb401570_0;
    %store/vec4a v0x602ebb3fe380, 4, 0;
    %load/vec4 v0x602ebb401570_0;
    %addi 1, 0, 32;
    %store/vec4 v0x602ebb401570_0, 0, 32;
    %jmp T_11.350;
T_11.351 ;
    %pushi/vec4 2097299, 0, 32;
    %ix/load 4, 0, 0;
    %flag_set/imm 4, 0;
    %store/vec4a v0x602ebb3fcd50, 4, 0;
    %pushi/vec4 4283433235, 0, 32;
    %ix/load 4, 1, 0;
    %flag_set/imm 4, 0;
    %store/vec4a v0x602ebb3fcd50, 4, 0;
    %pushi/vec4 2097555, 0, 32;
    %ix/load 4, 2, 0;
    %flag_set/imm 4, 0;
    %store/vec4a v0x602ebb3fcd50, 4, 0;
    %pushi/vec4 531, 0, 32;
    %ix/load 4, 3, 0;
    %flag_set/imm 4, 0;
    %store/vec4a v0x602ebb3fcd50, 4, 0;
    %pushi/vec4 1, 0, 1;
    %store/vec4 v0x602ebb401650_0, 0, 1;
    %fork TD_tb.tick, S_0x602ebb400e60;
    %join;
    %pushi/vec4 0, 0, 1;
    %store/vec4 v0x602ebb401650_0, 0, 1;
    %pushi/vec4 0, 0, 32;
    %store/vec4 v0x602ebb401210_0, 0, 32;
T_11.352 ;
    %load/vec4 v0x602ebb4012d0_0;
    %nor/r;
    %flag_set/vec4 9;
    %flag_get/vec4 9;
    %jmp/0 T_11.354, 9;
    %load/vec4 v0x602ebb401210_0;
    %cmpi/s 5000, 0, 32;
    %flag_get/vec4 5;
    %and;
T_11.354;
    %flag_set/vec4 8;
    %jmp/0xz T_11.353, 8;
    %fork TD_tb.tick, S_0x602ebb400e60;
    %join;
    %jmp T_11.352;
T_11.353 ;
    %vpi_call/w 5 971 "$display", "BATCH_RESULT idx=70 prediction=%0d cycles=%0d halted=%0d", &A<v0x602ebb3fe380, 31>, v0x602ebb401210_0, v0x602ebb4012d0_0 {0 0 0};
    %pushi/vec4 0, 0, 32;
    %store/vec4 v0x602ebb401570_0, 0, 32;
T_11.355 ;
    %load/vec4 v0x602ebb401570_0;
    %cmpi/s 32, 0, 32;
    %jmp/0xz T_11.356, 5;
    %pushi/vec4 0, 0, 32;
    %ix/getv/s 4, v0x602ebb401570_0;
    %store/vec4a v0x602ebb3fe380, 4, 0;
    %load/vec4 v0x602ebb401570_0;
    %addi 1, 0, 32;
    %store/vec4 v0x602ebb401570_0, 0, 32;
    %jmp T_11.355;
T_11.356 ;
    %pushi/vec4 4277141651, 0, 32;
    %ix/load 4, 0, 0;
    %flag_set/imm 4, 0;
    %store/vec4a v0x602ebb3fcd50, 4, 0;
    %pushi/vec4 24117523, 0, 32;
    %ix/load 4, 1, 0;
    %flag_set/imm 4, 0;
    %store/vec4a v0x602ebb3fcd50, 4, 0;
    %pushi/vec4 4276093331, 0, 32;
    %ix/load 4, 2, 0;
    %flag_set/imm 4, 0;
    %store/vec4a v0x602ebb3fcd50, 4, 0;
    %pushi/vec4 4278190611, 0, 32;
    %ix/load 4, 3, 0;
    %flag_set/imm 4, 0;
    %store/vec4a v0x602ebb3fcd50, 4, 0;
    %pushi/vec4 1, 0, 1;
    %store/vec4 v0x602ebb401650_0, 0, 1;
    %fork TD_tb.tick, S_0x602ebb400e60;
    %join;
    %pushi/vec4 0, 0, 1;
    %store/vec4 v0x602ebb401650_0, 0, 1;
    %pushi/vec4 0, 0, 32;
    %store/vec4 v0x602ebb401210_0, 0, 32;
T_11.357 ;
    %load/vec4 v0x602ebb4012d0_0;
    %nor/r;
    %flag_set/vec4 9;
    %flag_get/vec4 9;
    %jmp/0 T_11.359, 9;
    %load/vec4 v0x602ebb401210_0;
    %cmpi/s 5000, 0, 32;
    %flag_get/vec4 5;
    %and;
T_11.359;
    %flag_set/vec4 8;
    %jmp/0xz T_11.358, 8;
    %fork TD_tb.tick, S_0x602ebb400e60;
    %join;
    %jmp T_11.357;
T_11.358 ;
    %vpi_call/w 5 980 "$display", "BATCH_RESULT idx=71 prediction=%0d cycles=%0d halted=%0d", &A<v0x602ebb3fe380, 31>, v0x602ebb401210_0, v0x602ebb4012d0_0 {0 0 0};
    %pushi/vec4 0, 0, 32;
    %store/vec4 v0x602ebb401570_0, 0, 32;
T_11.360 ;
    %load/vec4 v0x602ebb401570_0;
    %cmpi/s 32, 0, 32;
    %jmp/0xz T_11.361, 5;
    %pushi/vec4 0, 0, 32;
    %ix/getv/s 4, v0x602ebb401570_0;
    %store/vec4a v0x602ebb3fe380, 4, 0;
    %load/vec4 v0x602ebb401570_0;
    %addi 1, 0, 32;
    %store/vec4 v0x602ebb401570_0, 0, 32;
    %jmp T_11.360;
T_11.361 ;
    %pushi/vec4 4283433107, 0, 32;
    %ix/load 4, 0, 0;
    %flag_set/imm 4, 0;
    %store/vec4a v0x602ebb3fcd50, 4, 0;
    %pushi/vec4 4286578963, 0, 32;
    %ix/load 4, 1, 0;
    %flag_set/imm 4, 0;
    %store/vec4a v0x602ebb3fcd50, 4, 0;
    %pushi/vec4 4282384787, 0, 32;
    %ix/load 4, 2, 0;
    %flag_set/imm 4, 0;
    %store/vec4a v0x602ebb3fcd50, 4, 0;
    %pushi/vec4 4283433491, 0, 32;
    %ix/load 4, 3, 0;
    %flag_set/imm 4, 0;
    %store/vec4a v0x602ebb3fcd50, 4, 0;
    %pushi/vec4 1, 0, 1;
    %store/vec4 v0x602ebb401650_0, 0, 1;
    %fork TD_tb.tick, S_0x602ebb400e60;
    %join;
    %pushi/vec4 0, 0, 1;
    %store/vec4 v0x602ebb401650_0, 0, 1;
    %pushi/vec4 0, 0, 32;
    %store/vec4 v0x602ebb401210_0, 0, 32;
T_11.362 ;
    %load/vec4 v0x602ebb4012d0_0;
    %nor/r;
    %flag_set/vec4 9;
    %flag_get/vec4 9;
    %jmp/0 T_11.364, 9;
    %load/vec4 v0x602ebb401210_0;
    %cmpi/s 5000, 0, 32;
    %flag_get/vec4 5;
    %and;
T_11.364;
    %flag_set/vec4 8;
    %jmp/0xz T_11.363, 8;
    %fork TD_tb.tick, S_0x602ebb400e60;
    %join;
    %jmp T_11.362;
T_11.363 ;
    %vpi_call/w 5 989 "$display", "BATCH_RESULT idx=72 prediction=%0d cycles=%0d halted=%0d", &A<v0x602ebb3fe380, 31>, v0x602ebb401210_0, v0x602ebb4012d0_0 {0 0 0};
    %pushi/vec4 0, 0, 32;
    %store/vec4 v0x602ebb401570_0, 0, 32;
T_11.365 ;
    %load/vec4 v0x602ebb401570_0;
    %cmpi/s 32, 0, 32;
    %jmp/0xz T_11.366, 5;
    %pushi/vec4 0, 0, 32;
    %ix/getv/s 4, v0x602ebb401570_0;
    %store/vec4a v0x602ebb3fe380, 4, 0;
    %load/vec4 v0x602ebb401570_0;
    %addi 1, 0, 32;
    %store/vec4 v0x602ebb401570_0, 0, 32;
    %jmp T_11.365;
T_11.366 ;
    %pushi/vec4 4270850195, 0, 32;
    %ix/load 4, 0, 0;
    %flag_set/imm 4, 0;
    %store/vec4a v0x602ebb3fcd50, 4, 0;
    %pushi/vec4 4284481811, 0, 32;
    %ix/load 4, 1, 0;
    %flag_set/imm 4, 0;
    %store/vec4a v0x602ebb3fcd50, 4, 0;
    %pushi/vec4 4271899027, 0, 32;
    %ix/load 4, 2, 0;
    %flag_set/imm 4, 0;
    %store/vec4a v0x602ebb3fcd50, 4, 0;
    %pushi/vec4 4275044883, 0, 32;
    %ix/load 4, 3, 0;
    %flag_set/imm 4, 0;
    %store/vec4a v0x602ebb3fcd50, 4, 0;
    %pushi/vec4 1, 0, 1;
    %store/vec4 v0x602ebb401650_0, 0, 1;
    %fork TD_tb.tick, S_0x602ebb400e60;
    %join;
    %pushi/vec4 0, 0, 1;
    %store/vec4 v0x602ebb401650_0, 0, 1;
    %pushi/vec4 0, 0, 32;
    %store/vec4 v0x602ebb401210_0, 0, 32;
T_11.367 ;
    %load/vec4 v0x602ebb4012d0_0;
    %nor/r;
    %flag_set/vec4 9;
    %flag_get/vec4 9;
    %jmp/0 T_11.369, 9;
    %load/vec4 v0x602ebb401210_0;
    %cmpi/s 5000, 0, 32;
    %flag_get/vec4 5;
    %and;
T_11.369;
    %flag_set/vec4 8;
    %jmp/0xz T_11.368, 8;
    %fork TD_tb.tick, S_0x602ebb400e60;
    %join;
    %jmp T_11.367;
T_11.368 ;
    %vpi_call/w 5 998 "$display", "BATCH_RESULT idx=73 prediction=%0d cycles=%0d halted=%0d", &A<v0x602ebb3fe380, 31>, v0x602ebb401210_0, v0x602ebb4012d0_0 {0 0 0};
    %pushi/vec4 0, 0, 32;
    %store/vec4 v0x602ebb401570_0, 0, 32;
T_11.370 ;
    %load/vec4 v0x602ebb401570_0;
    %cmpi/s 32, 0, 32;
    %jmp/0xz T_11.371, 5;
    %pushi/vec4 0, 0, 32;
    %ix/getv/s 4, v0x602ebb401570_0;
    %store/vec4a v0x602ebb3fe380, 4, 0;
    %load/vec4 v0x602ebb401570_0;
    %addi 1, 0, 32;
    %store/vec4 v0x602ebb401570_0, 0, 32;
    %jmp T_11.370;
T_11.371 ;
    %pushi/vec4 4282384531, 0, 32;
    %ix/load 4, 0, 0;
    %flag_set/imm 4, 0;
    %store/vec4a v0x602ebb3fcd50, 4, 0;
    %pushi/vec4 4267704595, 0, 32;
    %ix/load 4, 1, 0;
    %flag_set/imm 4, 0;
    %store/vec4a v0x602ebb3fcd50, 4, 0;
    %pushi/vec4 4281336211, 0, 32;
    %ix/load 4, 2, 0;
    %flag_set/imm 4, 0;
    %store/vec4a v0x602ebb3fcd50, 4, 0;
    %pushi/vec4 4282384915, 0, 32;
    %ix/load 4, 3, 0;
    %flag_set/imm 4, 0;
    %store/vec4a v0x602ebb3fcd50, 4, 0;
    %pushi/vec4 1, 0, 1;
    %store/vec4 v0x602ebb401650_0, 0, 1;
    %fork TD_tb.tick, S_0x602ebb400e60;
    %join;
    %pushi/vec4 0, 0, 1;
    %store/vec4 v0x602ebb401650_0, 0, 1;
    %pushi/vec4 0, 0, 32;
    %store/vec4 v0x602ebb401210_0, 0, 32;
T_11.372 ;
    %load/vec4 v0x602ebb4012d0_0;
    %nor/r;
    %flag_set/vec4 9;
    %flag_get/vec4 9;
    %jmp/0 T_11.374, 9;
    %load/vec4 v0x602ebb401210_0;
    %cmpi/s 5000, 0, 32;
    %flag_get/vec4 5;
    %and;
T_11.374;
    %flag_set/vec4 8;
    %jmp/0xz T_11.373, 8;
    %fork TD_tb.tick, S_0x602ebb400e60;
    %join;
    %jmp T_11.372;
T_11.373 ;
    %vpi_call/w 5 1007 "$display", "BATCH_RESULT idx=74 prediction=%0d cycles=%0d halted=%0d", &A<v0x602ebb3fe380, 31>, v0x602ebb401210_0, v0x602ebb4012d0_0 {0 0 0};
    %pushi/vec4 0, 0, 32;
    %store/vec4 v0x602ebb401570_0, 0, 32;
T_11.375 ;
    %load/vec4 v0x602ebb401570_0;
    %cmpi/s 32, 0, 32;
    %jmp/0xz T_11.376, 5;
    %pushi/vec4 0, 0, 32;
    %ix/getv/s 4, v0x602ebb401570_0;
    %store/vec4a v0x602ebb3fe380, 4, 0;
    %load/vec4 v0x602ebb401570_0;
    %addi 1, 0, 32;
    %store/vec4 v0x602ebb401570_0, 0, 32;
    %jmp T_11.375;
T_11.376 ;
    %pushi/vec4 4290773139, 0, 32;
    %ix/load 4, 0, 0;
    %flag_set/imm 4, 0;
    %store/vec4a v0x602ebb3fcd50, 4, 0;
    %pushi/vec4 4290773267, 0, 32;
    %ix/load 4, 1, 0;
    %flag_set/imm 4, 0;
    %store/vec4a v0x602ebb3fcd50, 4, 0;
    %pushi/vec4 4289724819, 0, 32;
    %ix/load 4, 2, 0;
    %flag_set/imm 4, 0;
    %store/vec4a v0x602ebb3fcd50, 4, 0;
    %pushi/vec4 4289724947, 0, 32;
    %ix/load 4, 3, 0;
    %flag_set/imm 4, 0;
    %store/vec4a v0x602ebb3fcd50, 4, 0;
    %pushi/vec4 1, 0, 1;
    %store/vec4 v0x602ebb401650_0, 0, 1;
    %fork TD_tb.tick, S_0x602ebb400e60;
    %join;
    %pushi/vec4 0, 0, 1;
    %store/vec4 v0x602ebb401650_0, 0, 1;
    %pushi/vec4 0, 0, 32;
    %store/vec4 v0x602ebb401210_0, 0, 32;
T_11.377 ;
    %load/vec4 v0x602ebb4012d0_0;
    %nor/r;
    %flag_set/vec4 9;
    %flag_get/vec4 9;
    %jmp/0 T_11.379, 9;
    %load/vec4 v0x602ebb401210_0;
    %cmpi/s 5000, 0, 32;
    %flag_get/vec4 5;
    %and;
T_11.379;
    %flag_set/vec4 8;
    %jmp/0xz T_11.378, 8;
    %fork TD_tb.tick, S_0x602ebb400e60;
    %join;
    %jmp T_11.377;
T_11.378 ;
    %vpi_call/w 5 1016 "$display", "BATCH_RESULT idx=75 prediction=%0d cycles=%0d halted=%0d", &A<v0x602ebb3fe380, 31>, v0x602ebb401210_0, v0x602ebb4012d0_0 {0 0 0};
    %pushi/vec4 0, 0, 32;
    %store/vec4 v0x602ebb401570_0, 0, 32;
T_11.380 ;
    %load/vec4 v0x602ebb401570_0;
    %cmpi/s 32, 0, 32;
    %jmp/0xz T_11.381, 5;
    %pushi/vec4 0, 0, 32;
    %ix/getv/s 4, v0x602ebb401570_0;
    %store/vec4a v0x602ebb3fe380, 4, 0;
    %load/vec4 v0x602ebb401570_0;
    %addi 1, 0, 32;
    %store/vec4 v0x602ebb401570_0, 0, 32;
    %jmp T_11.380;
T_11.381 ;
    %pushi/vec4 4281335955, 0, 32;
    %ix/load 4, 0, 0;
    %flag_set/imm 4, 0;
    %store/vec4a v0x602ebb3fcd50, 4, 0;
    %pushi/vec4 4291821843, 0, 32;
    %ix/load 4, 1, 0;
    %flag_set/imm 4, 0;
    %store/vec4a v0x602ebb3fcd50, 4, 0;
    %pushi/vec4 4281336211, 0, 32;
    %ix/load 4, 2, 0;
    %flag_set/imm 4, 0;
    %store/vec4a v0x602ebb3fcd50, 4, 0;
    %pushi/vec4 4282384915, 0, 32;
    %ix/load 4, 3, 0;
    %flag_set/imm 4, 0;
    %store/vec4a v0x602ebb3fcd50, 4, 0;
    %pushi/vec4 1, 0, 1;
    %store/vec4 v0x602ebb401650_0, 0, 1;
    %fork TD_tb.tick, S_0x602ebb400e60;
    %join;
    %pushi/vec4 0, 0, 1;
    %store/vec4 v0x602ebb401650_0, 0, 1;
    %pushi/vec4 0, 0, 32;
    %store/vec4 v0x602ebb401210_0, 0, 32;
T_11.382 ;
    %load/vec4 v0x602ebb4012d0_0;
    %nor/r;
    %flag_set/vec4 9;
    %flag_get/vec4 9;
    %jmp/0 T_11.384, 9;
    %load/vec4 v0x602ebb401210_0;
    %cmpi/s 5000, 0, 32;
    %flag_get/vec4 5;
    %and;
T_11.384;
    %flag_set/vec4 8;
    %jmp/0xz T_11.383, 8;
    %fork TD_tb.tick, S_0x602ebb400e60;
    %join;
    %jmp T_11.382;
T_11.383 ;
    %vpi_call/w 5 1025 "$display", "BATCH_RESULT idx=76 prediction=%0d cycles=%0d halted=%0d", &A<v0x602ebb3fe380, 31>, v0x602ebb401210_0, v0x602ebb4012d0_0 {0 0 0};
    %pushi/vec4 0, 0, 32;
    %store/vec4 v0x602ebb401570_0, 0, 32;
T_11.385 ;
    %load/vec4 v0x602ebb401570_0;
    %cmpi/s 32, 0, 32;
    %jmp/0xz T_11.386, 5;
    %pushi/vec4 0, 0, 32;
    %ix/getv/s 4, v0x602ebb401570_0;
    %store/vec4a v0x602ebb3fe380, 4, 0;
    %load/vec4 v0x602ebb401570_0;
    %addi 1, 0, 32;
    %store/vec4 v0x602ebb401570_0, 0, 32;
    %jmp T_11.385;
T_11.386 ;
    %pushi/vec4 4285530259, 0, 32;
    %ix/load 4, 0, 0;
    %flag_set/imm 4, 0;
    %store/vec4a v0x602ebb3fcd50, 4, 0;
    %pushi/vec4 1048851, 0, 32;
    %ix/load 4, 1, 0;
    %flag_set/imm 4, 0;
    %store/vec4a v0x602ebb3fcd50, 4, 0;
    %pushi/vec4 4285530515, 0, 32;
    %ix/load 4, 2, 0;
    %flag_set/imm 4, 0;
    %store/vec4a v0x602ebb3fcd50, 4, 0;
    %pushi/vec4 4285530643, 0, 32;
    %ix/load 4, 3, 0;
    %flag_set/imm 4, 0;
    %store/vec4a v0x602ebb3fcd50, 4, 0;
    %pushi/vec4 1, 0, 1;
    %store/vec4 v0x602ebb401650_0, 0, 1;
    %fork TD_tb.tick, S_0x602ebb400e60;
    %join;
    %pushi/vec4 0, 0, 1;
    %store/vec4 v0x602ebb401650_0, 0, 1;
    %pushi/vec4 0, 0, 32;
    %store/vec4 v0x602ebb401210_0, 0, 32;
T_11.387 ;
    %load/vec4 v0x602ebb4012d0_0;
    %nor/r;
    %flag_set/vec4 9;
    %flag_get/vec4 9;
    %jmp/0 T_11.389, 9;
    %load/vec4 v0x602ebb401210_0;
    %cmpi/s 5000, 0, 32;
    %flag_get/vec4 5;
    %and;
T_11.389;
    %flag_set/vec4 8;
    %jmp/0xz T_11.388, 8;
    %fork TD_tb.tick, S_0x602ebb400e60;
    %join;
    %jmp T_11.387;
T_11.388 ;
    %vpi_call/w 5 1034 "$display", "BATCH_RESULT idx=77 prediction=%0d cycles=%0d halted=%0d", &A<v0x602ebb3fe380, 31>, v0x602ebb401210_0, v0x602ebb4012d0_0 {0 0 0};
    %pushi/vec4 0, 0, 32;
    %store/vec4 v0x602ebb401570_0, 0, 32;
T_11.390 ;
    %load/vec4 v0x602ebb401570_0;
    %cmpi/s 32, 0, 32;
    %jmp/0xz T_11.391, 5;
    %pushi/vec4 0, 0, 32;
    %ix/getv/s 4, v0x602ebb401570_0;
    %store/vec4a v0x602ebb3fe380, 4, 0;
    %load/vec4 v0x602ebb401570_0;
    %addi 1, 0, 32;
    %store/vec4 v0x602ebb401570_0, 0, 32;
    %jmp T_11.390;
T_11.391 ;
    %pushi/vec4 4282384531, 0, 32;
    %ix/load 4, 0, 0;
    %flag_set/imm 4, 0;
    %store/vec4a v0x602ebb3fcd50, 4, 0;
    %pushi/vec4 3146003, 0, 32;
    %ix/load 4, 1, 0;
    %flag_set/imm 4, 0;
    %store/vec4a v0x602ebb3fcd50, 4, 0;
    %pushi/vec4 4282384787, 0, 32;
    %ix/load 4, 2, 0;
    %flag_set/imm 4, 0;
    %store/vec4a v0x602ebb3fcd50, 4, 0;
    %pushi/vec4 4282384915, 0, 32;
    %ix/load 4, 3, 0;
    %flag_set/imm 4, 0;
    %store/vec4a v0x602ebb3fcd50, 4, 0;
    %pushi/vec4 1, 0, 1;
    %store/vec4 v0x602ebb401650_0, 0, 1;
    %fork TD_tb.tick, S_0x602ebb400e60;
    %join;
    %pushi/vec4 0, 0, 1;
    %store/vec4 v0x602ebb401650_0, 0, 1;
    %pushi/vec4 0, 0, 32;
    %store/vec4 v0x602ebb401210_0, 0, 32;
T_11.392 ;
    %load/vec4 v0x602ebb4012d0_0;
    %nor/r;
    %flag_set/vec4 9;
    %flag_get/vec4 9;
    %jmp/0 T_11.394, 9;
    %load/vec4 v0x602ebb401210_0;
    %cmpi/s 5000, 0, 32;
    %flag_get/vec4 5;
    %and;
T_11.394;
    %flag_set/vec4 8;
    %jmp/0xz T_11.393, 8;
    %fork TD_tb.tick, S_0x602ebb400e60;
    %join;
    %jmp T_11.392;
T_11.393 ;
    %vpi_call/w 5 1043 "$display", "BATCH_RESULT idx=78 prediction=%0d cycles=%0d halted=%0d", &A<v0x602ebb3fe380, 31>, v0x602ebb401210_0, v0x602ebb4012d0_0 {0 0 0};
    %pushi/vec4 0, 0, 32;
    %store/vec4 v0x602ebb401570_0, 0, 32;
T_11.395 ;
    %load/vec4 v0x602ebb401570_0;
    %cmpi/s 32, 0, 32;
    %jmp/0xz T_11.396, 5;
    %pushi/vec4 0, 0, 32;
    %ix/getv/s 4, v0x602ebb401570_0;
    %store/vec4a v0x602ebb3fe380, 4, 0;
    %load/vec4 v0x602ebb401570_0;
    %addi 1, 0, 32;
    %store/vec4 v0x602ebb401570_0, 0, 32;
    %jmp T_11.395;
T_11.396 ;
    %pushi/vec4 4288675987, 0, 32;
    %ix/load 4, 0, 0;
    %flag_set/imm 4, 0;
    %store/vec4a v0x602ebb3fcd50, 4, 0;
    %pushi/vec4 8388883, 0, 32;
    %ix/load 4, 1, 0;
    %flag_set/imm 4, 0;
    %store/vec4a v0x602ebb3fcd50, 4, 0;
    %pushi/vec4 4287627667, 0, 32;
    %ix/load 4, 2, 0;
    %flag_set/imm 4, 0;
    %store/vec4a v0x602ebb3fcd50, 4, 0;
    %pushi/vec4 4287627795, 0, 32;
    %ix/load 4, 3, 0;
    %flag_set/imm 4, 0;
    %store/vec4a v0x602ebb3fcd50, 4, 0;
    %pushi/vec4 1, 0, 1;
    %store/vec4 v0x602ebb401650_0, 0, 1;
    %fork TD_tb.tick, S_0x602ebb400e60;
    %join;
    %pushi/vec4 0, 0, 1;
    %store/vec4 v0x602ebb401650_0, 0, 1;
    %pushi/vec4 0, 0, 32;
    %store/vec4 v0x602ebb401210_0, 0, 32;
T_11.397 ;
    %load/vec4 v0x602ebb4012d0_0;
    %nor/r;
    %flag_set/vec4 9;
    %flag_get/vec4 9;
    %jmp/0 T_11.399, 9;
    %load/vec4 v0x602ebb401210_0;
    %cmpi/s 5000, 0, 32;
    %flag_get/vec4 5;
    %and;
T_11.399;
    %flag_set/vec4 8;
    %jmp/0xz T_11.398, 8;
    %fork TD_tb.tick, S_0x602ebb400e60;
    %join;
    %jmp T_11.397;
T_11.398 ;
    %vpi_call/w 5 1052 "$display", "BATCH_RESULT idx=79 prediction=%0d cycles=%0d halted=%0d", &A<v0x602ebb3fe380, 31>, v0x602ebb401210_0, v0x602ebb4012d0_0 {0 0 0};
    %pushi/vec4 0, 0, 32;
    %store/vec4 v0x602ebb401570_0, 0, 32;
T_11.400 ;
    %load/vec4 v0x602ebb401570_0;
    %cmpi/s 32, 0, 32;
    %jmp/0xz T_11.401, 5;
    %pushi/vec4 0, 0, 32;
    %ix/getv/s 4, v0x602ebb401570_0;
    %store/vec4a v0x602ebb3fe380, 4, 0;
    %load/vec4 v0x602ebb401570_0;
    %addi 1, 0, 32;
    %store/vec4 v0x602ebb401570_0, 0, 32;
    %jmp T_11.400;
T_11.401 ;
    %pushi/vec4 4271898771, 0, 32;
    %ix/load 4, 0, 0;
    %flag_set/imm 4, 0;
    %store/vec4a v0x602ebb3fcd50, 4, 0;
    %pushi/vec4 4280287507, 0, 32;
    %ix/load 4, 1, 0;
    %flag_set/imm 4, 0;
    %store/vec4a v0x602ebb3fcd50, 4, 0;
    %pushi/vec4 4271899027, 0, 32;
    %ix/load 4, 2, 0;
    %flag_set/imm 4, 0;
    %store/vec4a v0x602ebb3fcd50, 4, 0;
    %pushi/vec4 4275044883, 0, 32;
    %ix/load 4, 3, 0;
    %flag_set/imm 4, 0;
    %store/vec4a v0x602ebb3fcd50, 4, 0;
    %pushi/vec4 1, 0, 1;
    %store/vec4 v0x602ebb401650_0, 0, 1;
    %fork TD_tb.tick, S_0x602ebb400e60;
    %join;
    %pushi/vec4 0, 0, 1;
    %store/vec4 v0x602ebb401650_0, 0, 1;
    %pushi/vec4 0, 0, 32;
    %store/vec4 v0x602ebb401210_0, 0, 32;
T_11.402 ;
    %load/vec4 v0x602ebb4012d0_0;
    %nor/r;
    %flag_set/vec4 9;
    %flag_get/vec4 9;
    %jmp/0 T_11.404, 9;
    %load/vec4 v0x602ebb401210_0;
    %cmpi/s 5000, 0, 32;
    %flag_get/vec4 5;
    %and;
T_11.404;
    %flag_set/vec4 8;
    %jmp/0xz T_11.403, 8;
    %fork TD_tb.tick, S_0x602ebb400e60;
    %join;
    %jmp T_11.402;
T_11.403 ;
    %vpi_call/w 5 1061 "$display", "BATCH_RESULT idx=80 prediction=%0d cycles=%0d halted=%0d", &A<v0x602ebb3fe380, 31>, v0x602ebb401210_0, v0x602ebb4012d0_0 {0 0 0};
    %pushi/vec4 0, 0, 32;
    %store/vec4 v0x602ebb401570_0, 0, 32;
T_11.405 ;
    %load/vec4 v0x602ebb401570_0;
    %cmpi/s 32, 0, 32;
    %jmp/0xz T_11.406, 5;
    %pushi/vec4 0, 0, 32;
    %ix/getv/s 4, v0x602ebb401570_0;
    %store/vec4a v0x602ebb3fe380, 4, 0;
    %load/vec4 v0x602ebb401570_0;
    %addi 1, 0, 32;
    %store/vec4 v0x602ebb401570_0, 0, 32;
    %jmp T_11.405;
T_11.406 ;
    %pushi/vec4 4281335955, 0, 32;
    %ix/load 4, 0, 0;
    %flag_set/imm 4, 0;
    %store/vec4a v0x602ebb3fcd50, 4, 0;
    %pushi/vec4 4281336083, 0, 32;
    %ix/load 4, 1, 0;
    %flag_set/imm 4, 0;
    %store/vec4a v0x602ebb3fcd50, 4, 0;
    %pushi/vec4 4280287635, 0, 32;
    %ix/load 4, 2, 0;
    %flag_set/imm 4, 0;
    %store/vec4a v0x602ebb3fcd50, 4, 0;
    %pushi/vec4 4281336339, 0, 32;
    %ix/load 4, 3, 0;
    %flag_set/imm 4, 0;
    %store/vec4a v0x602ebb3fcd50, 4, 0;
    %pushi/vec4 1, 0, 1;
    %store/vec4 v0x602ebb401650_0, 0, 1;
    %fork TD_tb.tick, S_0x602ebb400e60;
    %join;
    %pushi/vec4 0, 0, 1;
    %store/vec4 v0x602ebb401650_0, 0, 1;
    %pushi/vec4 0, 0, 32;
    %store/vec4 v0x602ebb401210_0, 0, 32;
T_11.407 ;
    %load/vec4 v0x602ebb4012d0_0;
    %nor/r;
    %flag_set/vec4 9;
    %flag_get/vec4 9;
    %jmp/0 T_11.409, 9;
    %load/vec4 v0x602ebb401210_0;
    %cmpi/s 5000, 0, 32;
    %flag_get/vec4 5;
    %and;
T_11.409;
    %flag_set/vec4 8;
    %jmp/0xz T_11.408, 8;
    %fork TD_tb.tick, S_0x602ebb400e60;
    %join;
    %jmp T_11.407;
T_11.408 ;
    %vpi_call/w 5 1070 "$display", "BATCH_RESULT idx=81 prediction=%0d cycles=%0d halted=%0d", &A<v0x602ebb3fe380, 31>, v0x602ebb401210_0, v0x602ebb4012d0_0 {0 0 0};
    %pushi/vec4 0, 0, 32;
    %store/vec4 v0x602ebb401570_0, 0, 32;
T_11.410 ;
    %load/vec4 v0x602ebb401570_0;
    %cmpi/s 32, 0, 32;
    %jmp/0xz T_11.411, 5;
    %pushi/vec4 0, 0, 32;
    %ix/getv/s 4, v0x602ebb401570_0;
    %store/vec4a v0x602ebb3fe380, 4, 0;
    %load/vec4 v0x602ebb401570_0;
    %addi 1, 0, 32;
    %store/vec4 v0x602ebb401570_0, 0, 32;
    %jmp T_11.410;
T_11.411 ;
    %pushi/vec4 4289724563, 0, 32;
    %ix/load 4, 0, 0;
    %flag_set/imm 4, 0;
    %store/vec4a v0x602ebb3fcd50, 4, 0;
    %pushi/vec4 275, 0, 32;
    %ix/load 4, 1, 0;
    %flag_set/imm 4, 0;
    %store/vec4a v0x602ebb3fcd50, 4, 0;
    %pushi/vec4 4288676243, 0, 32;
    %ix/load 4, 2, 0;
    %flag_set/imm 4, 0;
    %store/vec4a v0x602ebb3fcd50, 4, 0;
    %pushi/vec4 4288676371, 0, 32;
    %ix/load 4, 3, 0;
    %flag_set/imm 4, 0;
    %store/vec4a v0x602ebb3fcd50, 4, 0;
    %pushi/vec4 1, 0, 1;
    %store/vec4 v0x602ebb401650_0, 0, 1;
    %fork TD_tb.tick, S_0x602ebb400e60;
    %join;
    %pushi/vec4 0, 0, 1;
    %store/vec4 v0x602ebb401650_0, 0, 1;
    %pushi/vec4 0, 0, 32;
    %store/vec4 v0x602ebb401210_0, 0, 32;
T_11.412 ;
    %load/vec4 v0x602ebb4012d0_0;
    %nor/r;
    %flag_set/vec4 9;
    %flag_get/vec4 9;
    %jmp/0 T_11.414, 9;
    %load/vec4 v0x602ebb401210_0;
    %cmpi/s 5000, 0, 32;
    %flag_get/vec4 5;
    %and;
T_11.414;
    %flag_set/vec4 8;
    %jmp/0xz T_11.413, 8;
    %fork TD_tb.tick, S_0x602ebb400e60;
    %join;
    %jmp T_11.412;
T_11.413 ;
    %vpi_call/w 5 1079 "$display", "BATCH_RESULT idx=82 prediction=%0d cycles=%0d halted=%0d", &A<v0x602ebb3fe380, 31>, v0x602ebb401210_0, v0x602ebb4012d0_0 {0 0 0};
    %pushi/vec4 0, 0, 32;
    %store/vec4 v0x602ebb401570_0, 0, 32;
T_11.415 ;
    %load/vec4 v0x602ebb401570_0;
    %cmpi/s 32, 0, 32;
    %jmp/0xz T_11.416, 5;
    %pushi/vec4 0, 0, 32;
    %ix/getv/s 4, v0x602ebb401570_0;
    %store/vec4a v0x602ebb3fe380, 4, 0;
    %load/vec4 v0x602ebb401570_0;
    %addi 1, 0, 32;
    %store/vec4 v0x602ebb401570_0, 0, 32;
    %jmp T_11.415;
T_11.416 ;
    %pushi/vec4 4276093075, 0, 32;
    %ix/load 4, 0, 0;
    %flag_set/imm 4, 0;
    %store/vec4a v0x602ebb3fcd50, 4, 0;
    %pushi/vec4 4290773267, 0, 32;
    %ix/load 4, 1, 0;
    %flag_set/imm 4, 0;
    %store/vec4a v0x602ebb3fcd50, 4, 0;
    %pushi/vec4 4276093331, 0, 32;
    %ix/load 4, 2, 0;
    %flag_set/imm 4, 0;
    %store/vec4a v0x602ebb3fcd50, 4, 0;
    %pushi/vec4 4278190611, 0, 32;
    %ix/load 4, 3, 0;
    %flag_set/imm 4, 0;
    %store/vec4a v0x602ebb3fcd50, 4, 0;
    %pushi/vec4 1, 0, 1;
    %store/vec4 v0x602ebb401650_0, 0, 1;
    %fork TD_tb.tick, S_0x602ebb400e60;
    %join;
    %pushi/vec4 0, 0, 1;
    %store/vec4 v0x602ebb401650_0, 0, 1;
    %pushi/vec4 0, 0, 32;
    %store/vec4 v0x602ebb401210_0, 0, 32;
T_11.417 ;
    %load/vec4 v0x602ebb4012d0_0;
    %nor/r;
    %flag_set/vec4 9;
    %flag_get/vec4 9;
    %jmp/0 T_11.419, 9;
    %load/vec4 v0x602ebb401210_0;
    %cmpi/s 5000, 0, 32;
    %flag_get/vec4 5;
    %and;
T_11.419;
    %flag_set/vec4 8;
    %jmp/0xz T_11.418, 8;
    %fork TD_tb.tick, S_0x602ebb400e60;
    %join;
    %jmp T_11.417;
T_11.418 ;
    %vpi_call/w 5 1088 "$display", "BATCH_RESULT idx=83 prediction=%0d cycles=%0d halted=%0d", &A<v0x602ebb3fe380, 31>, v0x602ebb401210_0, v0x602ebb4012d0_0 {0 0 0};
    %pushi/vec4 0, 0, 32;
    %store/vec4 v0x602ebb401570_0, 0, 32;
T_11.420 ;
    %load/vec4 v0x602ebb401570_0;
    %cmpi/s 32, 0, 32;
    %jmp/0xz T_11.421, 5;
    %pushi/vec4 0, 0, 32;
    %ix/getv/s 4, v0x602ebb401570_0;
    %store/vec4a v0x602ebb3fe380, 4, 0;
    %load/vec4 v0x602ebb401570_0;
    %addi 1, 0, 32;
    %store/vec4 v0x602ebb401570_0, 0, 32;
    %jmp T_11.420;
T_11.421 ;
    %pushi/vec4 4290773139, 0, 32;
    %ix/load 4, 0, 0;
    %flag_set/imm 4, 0;
    %store/vec4a v0x602ebb3fcd50, 4, 0;
    %pushi/vec4 4287627539, 0, 32;
    %ix/load 4, 1, 0;
    %flag_set/imm 4, 0;
    %store/vec4a v0x602ebb3fcd50, 4, 0;
    %pushi/vec4 4289724819, 0, 32;
    %ix/load 4, 2, 0;
    %flag_set/imm 4, 0;
    %store/vec4a v0x602ebb3fcd50, 4, 0;
    %pushi/vec4 4289724947, 0, 32;
    %ix/load 4, 3, 0;
    %flag_set/imm 4, 0;
    %store/vec4a v0x602ebb3fcd50, 4, 0;
    %pushi/vec4 1, 0, 1;
    %store/vec4 v0x602ebb401650_0, 0, 1;
    %fork TD_tb.tick, S_0x602ebb400e60;
    %join;
    %pushi/vec4 0, 0, 1;
    %store/vec4 v0x602ebb401650_0, 0, 1;
    %pushi/vec4 0, 0, 32;
    %store/vec4 v0x602ebb401210_0, 0, 32;
T_11.422 ;
    %load/vec4 v0x602ebb4012d0_0;
    %nor/r;
    %flag_set/vec4 9;
    %flag_get/vec4 9;
    %jmp/0 T_11.424, 9;
    %load/vec4 v0x602ebb401210_0;
    %cmpi/s 5000, 0, 32;
    %flag_get/vec4 5;
    %and;
T_11.424;
    %flag_set/vec4 8;
    %jmp/0xz T_11.423, 8;
    %fork TD_tb.tick, S_0x602ebb400e60;
    %join;
    %jmp T_11.422;
T_11.423 ;
    %vpi_call/w 5 1097 "$display", "BATCH_RESULT idx=84 prediction=%0d cycles=%0d halted=%0d", &A<v0x602ebb3fe380, 31>, v0x602ebb401210_0, v0x602ebb4012d0_0 {0 0 0};
    %pushi/vec4 0, 0, 32;
    %store/vec4 v0x602ebb401570_0, 0, 32;
T_11.425 ;
    %load/vec4 v0x602ebb401570_0;
    %cmpi/s 32, 0, 32;
    %jmp/0xz T_11.426, 5;
    %pushi/vec4 0, 0, 32;
    %ix/getv/s 4, v0x602ebb401570_0;
    %store/vec4a v0x602ebb3fe380, 4, 0;
    %load/vec4 v0x602ebb401570_0;
    %addi 1, 0, 32;
    %store/vec4 v0x602ebb401570_0, 0, 32;
    %jmp T_11.425;
T_11.426 ;
    %pushi/vec4 4285530259, 0, 32;
    %ix/load 4, 0, 0;
    %flag_set/imm 4, 0;
    %store/vec4a v0x602ebb3fcd50, 4, 0;
    %pushi/vec4 4283433235, 0, 32;
    %ix/load 4, 1, 0;
    %flag_set/imm 4, 0;
    %store/vec4a v0x602ebb3fcd50, 4, 0;
    %pushi/vec4 4285530515, 0, 32;
    %ix/load 4, 2, 0;
    %flag_set/imm 4, 0;
    %store/vec4a v0x602ebb3fcd50, 4, 0;
    %pushi/vec4 4285530643, 0, 32;
    %ix/load 4, 3, 0;
    %flag_set/imm 4, 0;
    %store/vec4a v0x602ebb3fcd50, 4, 0;
    %pushi/vec4 1, 0, 1;
    %store/vec4 v0x602ebb401650_0, 0, 1;
    %fork TD_tb.tick, S_0x602ebb400e60;
    %join;
    %pushi/vec4 0, 0, 1;
    %store/vec4 v0x602ebb401650_0, 0, 1;
    %pushi/vec4 0, 0, 32;
    %store/vec4 v0x602ebb401210_0, 0, 32;
T_11.427 ;
    %load/vec4 v0x602ebb4012d0_0;
    %nor/r;
    %flag_set/vec4 9;
    %flag_get/vec4 9;
    %jmp/0 T_11.429, 9;
    %load/vec4 v0x602ebb401210_0;
    %cmpi/s 5000, 0, 32;
    %flag_get/vec4 5;
    %and;
T_11.429;
    %flag_set/vec4 8;
    %jmp/0xz T_11.428, 8;
    %fork TD_tb.tick, S_0x602ebb400e60;
    %join;
    %jmp T_11.427;
T_11.428 ;
    %vpi_call/w 5 1106 "$display", "BATCH_RESULT idx=85 prediction=%0d cycles=%0d halted=%0d", &A<v0x602ebb3fe380, 31>, v0x602ebb401210_0, v0x602ebb4012d0_0 {0 0 0};
    %pushi/vec4 0, 0, 32;
    %store/vec4 v0x602ebb401570_0, 0, 32;
T_11.430 ;
    %load/vec4 v0x602ebb401570_0;
    %cmpi/s 32, 0, 32;
    %jmp/0xz T_11.431, 5;
    %pushi/vec4 0, 0, 32;
    %ix/getv/s 4, v0x602ebb401570_0;
    %store/vec4a v0x602ebb3fe380, 4, 0;
    %load/vec4 v0x602ebb401570_0;
    %addi 1, 0, 32;
    %store/vec4 v0x602ebb401570_0, 0, 32;
    %jmp T_11.430;
T_11.431 ;
    %pushi/vec4 2097299, 0, 32;
    %ix/load 4, 0, 0;
    %flag_set/imm 4, 0;
    %store/vec4a v0x602ebb3fcd50, 4, 0;
    %pushi/vec4 31457555, 0, 32;
    %ix/load 4, 1, 0;
    %flag_set/imm 4, 0;
    %store/vec4a v0x602ebb3fcd50, 4, 0;
    %pushi/vec4 1048979, 0, 32;
    %ix/load 4, 2, 0;
    %flag_set/imm 4, 0;
    %store/vec4a v0x602ebb3fcd50, 4, 0;
    %pushi/vec4 531, 0, 32;
    %ix/load 4, 3, 0;
    %flag_set/imm 4, 0;
    %store/vec4a v0x602ebb3fcd50, 4, 0;
    %pushi/vec4 1, 0, 1;
    %store/vec4 v0x602ebb401650_0, 0, 1;
    %fork TD_tb.tick, S_0x602ebb400e60;
    %join;
    %pushi/vec4 0, 0, 1;
    %store/vec4 v0x602ebb401650_0, 0, 1;
    %pushi/vec4 0, 0, 32;
    %store/vec4 v0x602ebb401210_0, 0, 32;
T_11.432 ;
    %load/vec4 v0x602ebb4012d0_0;
    %nor/r;
    %flag_set/vec4 9;
    %flag_get/vec4 9;
    %jmp/0 T_11.434, 9;
    %load/vec4 v0x602ebb401210_0;
    %cmpi/s 5000, 0, 32;
    %flag_get/vec4 5;
    %and;
T_11.434;
    %flag_set/vec4 8;
    %jmp/0xz T_11.433, 8;
    %fork TD_tb.tick, S_0x602ebb400e60;
    %join;
    %jmp T_11.432;
T_11.433 ;
    %vpi_call/w 5 1115 "$display", "BATCH_RESULT idx=86 prediction=%0d cycles=%0d halted=%0d", &A<v0x602ebb3fe380, 31>, v0x602ebb401210_0, v0x602ebb4012d0_0 {0 0 0};
    %pushi/vec4 0, 0, 32;
    %store/vec4 v0x602ebb401570_0, 0, 32;
T_11.435 ;
    %load/vec4 v0x602ebb401570_0;
    %cmpi/s 32, 0, 32;
    %jmp/0xz T_11.436, 5;
    %pushi/vec4 0, 0, 32;
    %ix/getv/s 4, v0x602ebb401570_0;
    %store/vec4a v0x602ebb3fe380, 4, 0;
    %load/vec4 v0x602ebb401570_0;
    %addi 1, 0, 32;
    %store/vec4 v0x602ebb401570_0, 0, 32;
    %jmp T_11.435;
T_11.436 ;
    %pushi/vec4 4289724563, 0, 32;
    %ix/load 4, 0, 0;
    %flag_set/imm 4, 0;
    %store/vec4a v0x602ebb3fcd50, 4, 0;
    %pushi/vec4 4273996051, 0, 32;
    %ix/load 4, 1, 0;
    %flag_set/imm 4, 0;
    %store/vec4a v0x602ebb3fcd50, 4, 0;
    %pushi/vec4 4289724819, 0, 32;
    %ix/load 4, 2, 0;
    %flag_set/imm 4, 0;
    %store/vec4a v0x602ebb3fcd50, 4, 0;
    %pushi/vec4 4287627795, 0, 32;
    %ix/load 4, 3, 0;
    %flag_set/imm 4, 0;
    %store/vec4a v0x602ebb3fcd50, 4, 0;
    %pushi/vec4 1, 0, 1;
    %store/vec4 v0x602ebb401650_0, 0, 1;
    %fork TD_tb.tick, S_0x602ebb400e60;
    %join;
    %pushi/vec4 0, 0, 1;
    %store/vec4 v0x602ebb401650_0, 0, 1;
    %pushi/vec4 0, 0, 32;
    %store/vec4 v0x602ebb401210_0, 0, 32;
T_11.437 ;
    %load/vec4 v0x602ebb4012d0_0;
    %nor/r;
    %flag_set/vec4 9;
    %flag_get/vec4 9;
    %jmp/0 T_11.439, 9;
    %load/vec4 v0x602ebb401210_0;
    %cmpi/s 5000, 0, 32;
    %flag_get/vec4 5;
    %and;
T_11.439;
    %flag_set/vec4 8;
    %jmp/0xz T_11.438, 8;
    %fork TD_tb.tick, S_0x602ebb400e60;
    %join;
    %jmp T_11.437;
T_11.438 ;
    %vpi_call/w 5 1124 "$display", "BATCH_RESULT idx=87 prediction=%0d cycles=%0d halted=%0d", &A<v0x602ebb3fe380, 31>, v0x602ebb401210_0, v0x602ebb4012d0_0 {0 0 0};
    %pushi/vec4 0, 0, 32;
    %store/vec4 v0x602ebb401570_0, 0, 32;
T_11.440 ;
    %load/vec4 v0x602ebb401570_0;
    %cmpi/s 32, 0, 32;
    %jmp/0xz T_11.441, 5;
    %pushi/vec4 0, 0, 32;
    %ix/getv/s 4, v0x602ebb401570_0;
    %store/vec4a v0x602ebb3fe380, 4, 0;
    %load/vec4 v0x602ebb401570_0;
    %addi 1, 0, 32;
    %store/vec4 v0x602ebb401570_0, 0, 32;
    %jmp T_11.440;
T_11.441 ;
    %pushi/vec4 4282384531, 0, 32;
    %ix/load 4, 0, 0;
    %flag_set/imm 4, 0;
    %store/vec4a v0x602ebb3fcd50, 4, 0;
    %pushi/vec4 4290773267, 0, 32;
    %ix/load 4, 1, 0;
    %flag_set/imm 4, 0;
    %store/vec4a v0x602ebb3fcd50, 4, 0;
    %pushi/vec4 4281336211, 0, 32;
    %ix/load 4, 2, 0;
    %flag_set/imm 4, 0;
    %store/vec4a v0x602ebb3fcd50, 4, 0;
    %pushi/vec4 4282384915, 0, 32;
    %ix/load 4, 3, 0;
    %flag_set/imm 4, 0;
    %store/vec4a v0x602ebb3fcd50, 4, 0;
    %pushi/vec4 1, 0, 1;
    %store/vec4 v0x602ebb401650_0, 0, 1;
    %fork TD_tb.tick, S_0x602ebb400e60;
    %join;
    %pushi/vec4 0, 0, 1;
    %store/vec4 v0x602ebb401650_0, 0, 1;
    %pushi/vec4 0, 0, 32;
    %store/vec4 v0x602ebb401210_0, 0, 32;
T_11.442 ;
    %load/vec4 v0x602ebb4012d0_0;
    %nor/r;
    %flag_set/vec4 9;
    %flag_get/vec4 9;
    %jmp/0 T_11.444, 9;
    %load/vec4 v0x602ebb401210_0;
    %cmpi/s 5000, 0, 32;
    %flag_get/vec4 5;
    %and;
T_11.444;
    %flag_set/vec4 8;
    %jmp/0xz T_11.443, 8;
    %fork TD_tb.tick, S_0x602ebb400e60;
    %join;
    %jmp T_11.442;
T_11.443 ;
    %vpi_call/w 5 1133 "$display", "BATCH_RESULT idx=88 prediction=%0d cycles=%0d halted=%0d", &A<v0x602ebb3fe380, 31>, v0x602ebb401210_0, v0x602ebb4012d0_0 {0 0 0};
    %pushi/vec4 0, 0, 32;
    %store/vec4 v0x602ebb401570_0, 0, 32;
T_11.445 ;
    %load/vec4 v0x602ebb401570_0;
    %cmpi/s 32, 0, 32;
    %jmp/0xz T_11.446, 5;
    %pushi/vec4 0, 0, 32;
    %ix/getv/s 4, v0x602ebb401570_0;
    %store/vec4a v0x602ebb3fe380, 4, 0;
    %load/vec4 v0x602ebb401570_0;
    %addi 1, 0, 32;
    %store/vec4 v0x602ebb401570_0, 0, 32;
    %jmp T_11.445;
T_11.446 ;
    %pushi/vec4 4288675987, 0, 32;
    %ix/load 4, 0, 0;
    %flag_set/imm 4, 0;
    %store/vec4a v0x602ebb3fcd50, 4, 0;
    %pushi/vec4 4284481811, 0, 32;
    %ix/load 4, 1, 0;
    %flag_set/imm 4, 0;
    %store/vec4a v0x602ebb3fcd50, 4, 0;
    %pushi/vec4 4288676243, 0, 32;
    %ix/load 4, 2, 0;
    %flag_set/imm 4, 0;
    %store/vec4a v0x602ebb3fcd50, 4, 0;
    %pushi/vec4 4286579219, 0, 32;
    %ix/load 4, 3, 0;
    %flag_set/imm 4, 0;
    %store/vec4a v0x602ebb3fcd50, 4, 0;
    %pushi/vec4 1, 0, 1;
    %store/vec4 v0x602ebb401650_0, 0, 1;
    %fork TD_tb.tick, S_0x602ebb400e60;
    %join;
    %pushi/vec4 0, 0, 1;
    %store/vec4 v0x602ebb401650_0, 0, 1;
    %pushi/vec4 0, 0, 32;
    %store/vec4 v0x602ebb401210_0, 0, 32;
T_11.447 ;
    %load/vec4 v0x602ebb4012d0_0;
    %nor/r;
    %flag_set/vec4 9;
    %flag_get/vec4 9;
    %jmp/0 T_11.449, 9;
    %load/vec4 v0x602ebb401210_0;
    %cmpi/s 5000, 0, 32;
    %flag_get/vec4 5;
    %and;
T_11.449;
    %flag_set/vec4 8;
    %jmp/0xz T_11.448, 8;
    %fork TD_tb.tick, S_0x602ebb400e60;
    %join;
    %jmp T_11.447;
T_11.448 ;
    %vpi_call/w 5 1142 "$display", "BATCH_RESULT idx=89 prediction=%0d cycles=%0d halted=%0d", &A<v0x602ebb3fe380, 31>, v0x602ebb401210_0, v0x602ebb4012d0_0 {0 0 0};
    %pushi/vec4 0, 0, 32;
    %store/vec4 v0x602ebb401570_0, 0, 32;
T_11.450 ;
    %load/vec4 v0x602ebb401570_0;
    %cmpi/s 32, 0, 32;
    %jmp/0xz T_11.451, 5;
    %pushi/vec4 0, 0, 32;
    %ix/getv/s 4, v0x602ebb401570_0;
    %store/vec4a v0x602ebb3fe380, 4, 0;
    %load/vec4 v0x602ebb401570_0;
    %addi 1, 0, 32;
    %store/vec4 v0x602ebb401570_0, 0, 32;
    %jmp T_11.450;
T_11.451 ;
    %pushi/vec4 20971667, 0, 32;
    %ix/load 4, 0, 0;
    %flag_set/imm 4, 0;
    %store/vec4a v0x602ebb3fcd50, 4, 0;
    %pushi/vec4 4269801747, 0, 32;
    %ix/load 4, 1, 0;
    %flag_set/imm 4, 0;
    %store/vec4a v0x602ebb3fcd50, 4, 0;
    %pushi/vec4 18874771, 0, 32;
    %ix/load 4, 2, 0;
    %flag_set/imm 4, 0;
    %store/vec4a v0x602ebb3fcd50, 4, 0;
    %pushi/vec4 19923475, 0, 32;
    %ix/load 4, 3, 0;
    %flag_set/imm 4, 0;
    %store/vec4a v0x602ebb3fcd50, 4, 0;
    %pushi/vec4 1, 0, 1;
    %store/vec4 v0x602ebb401650_0, 0, 1;
    %fork TD_tb.tick, S_0x602ebb400e60;
    %join;
    %pushi/vec4 0, 0, 1;
    %store/vec4 v0x602ebb401650_0, 0, 1;
    %pushi/vec4 0, 0, 32;
    %store/vec4 v0x602ebb401210_0, 0, 32;
T_11.452 ;
    %load/vec4 v0x602ebb4012d0_0;
    %nor/r;
    %flag_set/vec4 9;
    %flag_get/vec4 9;
    %jmp/0 T_11.454, 9;
    %load/vec4 v0x602ebb401210_0;
    %cmpi/s 5000, 0, 32;
    %flag_get/vec4 5;
    %and;
T_11.454;
    %flag_set/vec4 8;
    %jmp/0xz T_11.453, 8;
    %fork TD_tb.tick, S_0x602ebb400e60;
    %join;
    %jmp T_11.452;
T_11.453 ;
    %vpi_call/w 5 1151 "$display", "BATCH_RESULT idx=90 prediction=%0d cycles=%0d halted=%0d", &A<v0x602ebb3fe380, 31>, v0x602ebb401210_0, v0x602ebb4012d0_0 {0 0 0};
    %pushi/vec4 0, 0, 32;
    %store/vec4 v0x602ebb401570_0, 0, 32;
T_11.455 ;
    %load/vec4 v0x602ebb401570_0;
    %cmpi/s 32, 0, 32;
    %jmp/0xz T_11.456, 5;
    %pushi/vec4 0, 0, 32;
    %ix/getv/s 4, v0x602ebb401570_0;
    %store/vec4a v0x602ebb3fe380, 4, 0;
    %load/vec4 v0x602ebb401570_0;
    %addi 1, 0, 32;
    %store/vec4 v0x602ebb401570_0, 0, 32;
    %jmp T_11.455;
T_11.456 ;
    %pushi/vec4 4292870291, 0, 32;
    %ix/load 4, 0, 0;
    %flag_set/imm 4, 0;
    %store/vec4a v0x602ebb3fcd50, 4, 0;
    %pushi/vec4 4293918995, 0, 32;
    %ix/load 4, 1, 0;
    %flag_set/imm 4, 0;
    %store/vec4a v0x602ebb3fcd50, 4, 0;
    %pushi/vec4 4293919123, 0, 32;
    %ix/load 4, 2, 0;
    %flag_set/imm 4, 0;
    %store/vec4a v0x602ebb3fcd50, 4, 0;
    %pushi/vec4 4291822099, 0, 32;
    %ix/load 4, 3, 0;
    %flag_set/imm 4, 0;
    %store/vec4a v0x602ebb3fcd50, 4, 0;
    %pushi/vec4 1, 0, 1;
    %store/vec4 v0x602ebb401650_0, 0, 1;
    %fork TD_tb.tick, S_0x602ebb400e60;
    %join;
    %pushi/vec4 0, 0, 1;
    %store/vec4 v0x602ebb401650_0, 0, 1;
    %pushi/vec4 0, 0, 32;
    %store/vec4 v0x602ebb401210_0, 0, 32;
T_11.457 ;
    %load/vec4 v0x602ebb4012d0_0;
    %nor/r;
    %flag_set/vec4 9;
    %flag_get/vec4 9;
    %jmp/0 T_11.459, 9;
    %load/vec4 v0x602ebb401210_0;
    %cmpi/s 5000, 0, 32;
    %flag_get/vec4 5;
    %and;
T_11.459;
    %flag_set/vec4 8;
    %jmp/0xz T_11.458, 8;
    %fork TD_tb.tick, S_0x602ebb400e60;
    %join;
    %jmp T_11.457;
T_11.458 ;
    %vpi_call/w 5 1160 "$display", "BATCH_RESULT idx=91 prediction=%0d cycles=%0d halted=%0d", &A<v0x602ebb3fe380, 31>, v0x602ebb401210_0, v0x602ebb4012d0_0 {0 0 0};
    %pushi/vec4 0, 0, 32;
    %store/vec4 v0x602ebb401570_0, 0, 32;
T_11.460 ;
    %load/vec4 v0x602ebb401570_0;
    %cmpi/s 32, 0, 32;
    %jmp/0xz T_11.461, 5;
    %pushi/vec4 0, 0, 32;
    %ix/getv/s 4, v0x602ebb401570_0;
    %store/vec4a v0x602ebb3fe380, 4, 0;
    %load/vec4 v0x602ebb401570_0;
    %addi 1, 0, 32;
    %store/vec4 v0x602ebb401570_0, 0, 32;
    %jmp T_11.460;
T_11.461 ;
    %pushi/vec4 4288675987, 0, 32;
    %ix/load 4, 0, 0;
    %flag_set/imm 4, 0;
    %store/vec4a v0x602ebb3fcd50, 4, 0;
    %pushi/vec4 41943315, 0, 32;
    %ix/load 4, 1, 0;
    %flag_set/imm 4, 0;
    %store/vec4a v0x602ebb3fcd50, 4, 0;
    %pushi/vec4 4287627667, 0, 32;
    %ix/load 4, 2, 0;
    %flag_set/imm 4, 0;
    %store/vec4a v0x602ebb3fcd50, 4, 0;
    %pushi/vec4 4287627795, 0, 32;
    %ix/load 4, 3, 0;
    %flag_set/imm 4, 0;
    %store/vec4a v0x602ebb3fcd50, 4, 0;
    %pushi/vec4 1, 0, 1;
    %store/vec4 v0x602ebb401650_0, 0, 1;
    %fork TD_tb.tick, S_0x602ebb400e60;
    %join;
    %pushi/vec4 0, 0, 1;
    %store/vec4 v0x602ebb401650_0, 0, 1;
    %pushi/vec4 0, 0, 32;
    %store/vec4 v0x602ebb401210_0, 0, 32;
T_11.462 ;
    %load/vec4 v0x602ebb4012d0_0;
    %nor/r;
    %flag_set/vec4 9;
    %flag_get/vec4 9;
    %jmp/0 T_11.464, 9;
    %load/vec4 v0x602ebb401210_0;
    %cmpi/s 5000, 0, 32;
    %flag_get/vec4 5;
    %and;
T_11.464;
    %flag_set/vec4 8;
    %jmp/0xz T_11.463, 8;
    %fork TD_tb.tick, S_0x602ebb400e60;
    %join;
    %jmp T_11.462;
T_11.463 ;
    %vpi_call/w 5 1169 "$display", "BATCH_RESULT idx=92 prediction=%0d cycles=%0d halted=%0d", &A<v0x602ebb3fe380, 31>, v0x602ebb401210_0, v0x602ebb4012d0_0 {0 0 0};
    %pushi/vec4 0, 0, 32;
    %store/vec4 v0x602ebb401570_0, 0, 32;
T_11.465 ;
    %load/vec4 v0x602ebb401570_0;
    %cmpi/s 32, 0, 32;
    %jmp/0xz T_11.466, 5;
    %pushi/vec4 0, 0, 32;
    %ix/getv/s 4, v0x602ebb401570_0;
    %store/vec4a v0x602ebb3fe380, 4, 0;
    %load/vec4 v0x602ebb401570_0;
    %addi 1, 0, 32;
    %store/vec4 v0x602ebb401570_0, 0, 32;
    %jmp T_11.465;
T_11.466 ;
    %pushi/vec4 4269801619, 0, 32;
    %ix/load 4, 0, 0;
    %flag_set/imm 4, 0;
    %store/vec4a v0x602ebb3fcd50, 4, 0;
    %pushi/vec4 35651859, 0, 32;
    %ix/load 4, 1, 0;
    %flag_set/imm 4, 0;
    %store/vec4a v0x602ebb3fcd50, 4, 0;
    %pushi/vec4 4269801875, 0, 32;
    %ix/load 4, 2, 0;
    %flag_set/imm 4, 0;
    %store/vec4a v0x602ebb3fcd50, 4, 0;
    %pushi/vec4 4273996307, 0, 32;
    %ix/load 4, 3, 0;
    %flag_set/imm 4, 0;
    %store/vec4a v0x602ebb3fcd50, 4, 0;
    %pushi/vec4 1, 0, 1;
    %store/vec4 v0x602ebb401650_0, 0, 1;
    %fork TD_tb.tick, S_0x602ebb400e60;
    %join;
    %pushi/vec4 0, 0, 1;
    %store/vec4 v0x602ebb401650_0, 0, 1;
    %pushi/vec4 0, 0, 32;
    %store/vec4 v0x602ebb401210_0, 0, 32;
T_11.467 ;
    %load/vec4 v0x602ebb4012d0_0;
    %nor/r;
    %flag_set/vec4 9;
    %flag_get/vec4 9;
    %jmp/0 T_11.469, 9;
    %load/vec4 v0x602ebb401210_0;
    %cmpi/s 5000, 0, 32;
    %flag_get/vec4 5;
    %and;
T_11.469;
    %flag_set/vec4 8;
    %jmp/0xz T_11.468, 8;
    %fork TD_tb.tick, S_0x602ebb400e60;
    %join;
    %jmp T_11.467;
T_11.468 ;
    %vpi_call/w 5 1178 "$display", "BATCH_RESULT idx=93 prediction=%0d cycles=%0d halted=%0d", &A<v0x602ebb3fe380, 31>, v0x602ebb401210_0, v0x602ebb4012d0_0 {0 0 0};
    %pushi/vec4 0, 0, 32;
    %store/vec4 v0x602ebb401570_0, 0, 32;
T_11.470 ;
    %load/vec4 v0x602ebb401570_0;
    %cmpi/s 32, 0, 32;
    %jmp/0xz T_11.471, 5;
    %pushi/vec4 0, 0, 32;
    %ix/getv/s 4, v0x602ebb401570_0;
    %store/vec4a v0x602ebb3fe380, 4, 0;
    %load/vec4 v0x602ebb401570_0;
    %addi 1, 0, 32;
    %store/vec4 v0x602ebb401570_0, 0, 32;
    %jmp T_11.470;
T_11.471 ;
    %pushi/vec4 4271898771, 0, 32;
    %ix/load 4, 0, 0;
    %flag_set/imm 4, 0;
    %store/vec4a v0x602ebb3fcd50, 4, 0;
    %pushi/vec4 4293918995, 0, 32;
    %ix/load 4, 1, 0;
    %flag_set/imm 4, 0;
    %store/vec4a v0x602ebb3fcd50, 4, 0;
    %pushi/vec4 4271899027, 0, 32;
    %ix/load 4, 2, 0;
    %flag_set/imm 4, 0;
    %store/vec4a v0x602ebb3fcd50, 4, 0;
    %pushi/vec4 4275044883, 0, 32;
    %ix/load 4, 3, 0;
    %flag_set/imm 4, 0;
    %store/vec4a v0x602ebb3fcd50, 4, 0;
    %pushi/vec4 1, 0, 1;
    %store/vec4 v0x602ebb401650_0, 0, 1;
    %fork TD_tb.tick, S_0x602ebb400e60;
    %join;
    %pushi/vec4 0, 0, 1;
    %store/vec4 v0x602ebb401650_0, 0, 1;
    %pushi/vec4 0, 0, 32;
    %store/vec4 v0x602ebb401210_0, 0, 32;
T_11.472 ;
    %load/vec4 v0x602ebb4012d0_0;
    %nor/r;
    %flag_set/vec4 9;
    %flag_get/vec4 9;
    %jmp/0 T_11.474, 9;
    %load/vec4 v0x602ebb401210_0;
    %cmpi/s 5000, 0, 32;
    %flag_get/vec4 5;
    %and;
T_11.474;
    %flag_set/vec4 8;
    %jmp/0xz T_11.473, 8;
    %fork TD_tb.tick, S_0x602ebb400e60;
    %join;
    %jmp T_11.472;
T_11.473 ;
    %vpi_call/w 5 1187 "$display", "BATCH_RESULT idx=94 prediction=%0d cycles=%0d halted=%0d", &A<v0x602ebb3fe380, 31>, v0x602ebb401210_0, v0x602ebb4012d0_0 {0 0 0};
    %pushi/vec4 0, 0, 32;
    %store/vec4 v0x602ebb401570_0, 0, 32;
T_11.475 ;
    %load/vec4 v0x602ebb401570_0;
    %cmpi/s 32, 0, 32;
    %jmp/0xz T_11.476, 5;
    %pushi/vec4 0, 0, 32;
    %ix/getv/s 4, v0x602ebb401570_0;
    %store/vec4a v0x602ebb3fe380, 4, 0;
    %load/vec4 v0x602ebb401570_0;
    %addi 1, 0, 32;
    %store/vec4 v0x602ebb401570_0, 0, 32;
    %jmp T_11.475;
T_11.476 ;
    %pushi/vec4 3145875, 0, 32;
    %ix/load 4, 0, 0;
    %flag_set/imm 4, 0;
    %store/vec4a v0x602ebb3fcd50, 4, 0;
    %pushi/vec4 4271898899, 0, 32;
    %ix/load 4, 1, 0;
    %flag_set/imm 4, 0;
    %store/vec4a v0x602ebb3fcd50, 4, 0;
    %pushi/vec4 3146131, 0, 32;
    %ix/load 4, 2, 0;
    %flag_set/imm 4, 0;
    %store/vec4a v0x602ebb3fcd50, 4, 0;
    %pushi/vec4 1049107, 0, 32;
    %ix/load 4, 3, 0;
    %flag_set/imm 4, 0;
    %store/vec4a v0x602ebb3fcd50, 4, 0;
    %pushi/vec4 1, 0, 1;
    %store/vec4 v0x602ebb401650_0, 0, 1;
    %fork TD_tb.tick, S_0x602ebb400e60;
    %join;
    %pushi/vec4 0, 0, 1;
    %store/vec4 v0x602ebb401650_0, 0, 1;
    %pushi/vec4 0, 0, 32;
    %store/vec4 v0x602ebb401210_0, 0, 32;
T_11.477 ;
    %load/vec4 v0x602ebb4012d0_0;
    %nor/r;
    %flag_set/vec4 9;
    %flag_get/vec4 9;
    %jmp/0 T_11.479, 9;
    %load/vec4 v0x602ebb401210_0;
    %cmpi/s 5000, 0, 32;
    %flag_get/vec4 5;
    %and;
T_11.479;
    %flag_set/vec4 8;
    %jmp/0xz T_11.478, 8;
    %fork TD_tb.tick, S_0x602ebb400e60;
    %join;
    %jmp T_11.477;
T_11.478 ;
    %vpi_call/w 5 1196 "$display", "BATCH_RESULT idx=95 prediction=%0d cycles=%0d halted=%0d", &A<v0x602ebb3fe380, 31>, v0x602ebb401210_0, v0x602ebb4012d0_0 {0 0 0};
    %pushi/vec4 0, 0, 32;
    %store/vec4 v0x602ebb401570_0, 0, 32;
T_11.480 ;
    %load/vec4 v0x602ebb401570_0;
    %cmpi/s 32, 0, 32;
    %jmp/0xz T_11.481, 5;
    %pushi/vec4 0, 0, 32;
    %ix/getv/s 4, v0x602ebb401570_0;
    %store/vec4a v0x602ebb3fe380, 4, 0;
    %load/vec4 v0x602ebb401570_0;
    %addi 1, 0, 32;
    %store/vec4 v0x602ebb401570_0, 0, 32;
    %jmp T_11.480;
T_11.481 ;
    %pushi/vec4 4291821715, 0, 32;
    %ix/load 4, 0, 0;
    %flag_set/imm 4, 0;
    %store/vec4a v0x602ebb3fcd50, 4, 0;
    %pushi/vec4 4285530387, 0, 32;
    %ix/load 4, 1, 0;
    %flag_set/imm 4, 0;
    %store/vec4a v0x602ebb3fcd50, 4, 0;
    %pushi/vec4 4290773395, 0, 32;
    %ix/load 4, 2, 0;
    %flag_set/imm 4, 0;
    %store/vec4a v0x602ebb3fcd50, 4, 0;
    %pushi/vec4 4289724947, 0, 32;
    %ix/load 4, 3, 0;
    %flag_set/imm 4, 0;
    %store/vec4a v0x602ebb3fcd50, 4, 0;
    %pushi/vec4 1, 0, 1;
    %store/vec4 v0x602ebb401650_0, 0, 1;
    %fork TD_tb.tick, S_0x602ebb400e60;
    %join;
    %pushi/vec4 0, 0, 1;
    %store/vec4 v0x602ebb401650_0, 0, 1;
    %pushi/vec4 0, 0, 32;
    %store/vec4 v0x602ebb401210_0, 0, 32;
T_11.482 ;
    %load/vec4 v0x602ebb4012d0_0;
    %nor/r;
    %flag_set/vec4 9;
    %flag_get/vec4 9;
    %jmp/0 T_11.484, 9;
    %load/vec4 v0x602ebb401210_0;
    %cmpi/s 5000, 0, 32;
    %flag_get/vec4 5;
    %and;
T_11.484;
    %flag_set/vec4 8;
    %jmp/0xz T_11.483, 8;
    %fork TD_tb.tick, S_0x602ebb400e60;
    %join;
    %jmp T_11.482;
T_11.483 ;
    %vpi_call/w 5 1205 "$display", "BATCH_RESULT idx=96 prediction=%0d cycles=%0d halted=%0d", &A<v0x602ebb3fe380, 31>, v0x602ebb401210_0, v0x602ebb4012d0_0 {0 0 0};
    %pushi/vec4 0, 0, 32;
    %store/vec4 v0x602ebb401570_0, 0, 32;
T_11.485 ;
    %load/vec4 v0x602ebb401570_0;
    %cmpi/s 32, 0, 32;
    %jmp/0xz T_11.486, 5;
    %pushi/vec4 0, 0, 32;
    %ix/getv/s 4, v0x602ebb401570_0;
    %store/vec4a v0x602ebb3fe380, 4, 0;
    %load/vec4 v0x602ebb401570_0;
    %addi 1, 0, 32;
    %store/vec4 v0x602ebb401570_0, 0, 32;
    %jmp T_11.485;
T_11.486 ;
    %pushi/vec4 4280287379, 0, 32;
    %ix/load 4, 0, 0;
    %flag_set/imm 4, 0;
    %store/vec4a v0x602ebb3fcd50, 4, 0;
    %pushi/vec4 4292870419, 0, 32;
    %ix/load 4, 1, 0;
    %flag_set/imm 4, 0;
    %store/vec4a v0x602ebb3fcd50, 4, 0;
    %pushi/vec4 4280287635, 0, 32;
    %ix/load 4, 2, 0;
    %flag_set/imm 4, 0;
    %store/vec4a v0x602ebb3fcd50, 4, 0;
    %pushi/vec4 4281336339, 0, 32;
    %ix/load 4, 3, 0;
    %flag_set/imm 4, 0;
    %store/vec4a v0x602ebb3fcd50, 4, 0;
    %pushi/vec4 1, 0, 1;
    %store/vec4 v0x602ebb401650_0, 0, 1;
    %fork TD_tb.tick, S_0x602ebb400e60;
    %join;
    %pushi/vec4 0, 0, 1;
    %store/vec4 v0x602ebb401650_0, 0, 1;
    %pushi/vec4 0, 0, 32;
    %store/vec4 v0x602ebb401210_0, 0, 32;
T_11.487 ;
    %load/vec4 v0x602ebb4012d0_0;
    %nor/r;
    %flag_set/vec4 9;
    %flag_get/vec4 9;
    %jmp/0 T_11.489, 9;
    %load/vec4 v0x602ebb401210_0;
    %cmpi/s 5000, 0, 32;
    %flag_get/vec4 5;
    %and;
T_11.489;
    %flag_set/vec4 8;
    %jmp/0xz T_11.488, 8;
    %fork TD_tb.tick, S_0x602ebb400e60;
    %join;
    %jmp T_11.487;
T_11.488 ;
    %vpi_call/w 5 1214 "$display", "BATCH_RESULT idx=97 prediction=%0d cycles=%0d halted=%0d", &A<v0x602ebb3fe380, 31>, v0x602ebb401210_0, v0x602ebb4012d0_0 {0 0 0};
    %pushi/vec4 0, 0, 32;
    %store/vec4 v0x602ebb401570_0, 0, 32;
T_11.490 ;
    %load/vec4 v0x602ebb401570_0;
    %cmpi/s 32, 0, 32;
    %jmp/0xz T_11.491, 5;
    %pushi/vec4 0, 0, 32;
    %ix/getv/s 4, v0x602ebb401570_0;
    %store/vec4a v0x602ebb3fe380, 4, 0;
    %load/vec4 v0x602ebb401570_0;
    %addi 1, 0, 32;
    %store/vec4 v0x602ebb401570_0, 0, 32;
    %jmp T_11.490;
T_11.491 ;
    %pushi/vec4 4273995923, 0, 32;
    %ix/load 4, 0, 0;
    %flag_set/imm 4, 0;
    %store/vec4a v0x602ebb3fcd50, 4, 0;
    %pushi/vec4 4282384659, 0, 32;
    %ix/load 4, 1, 0;
    %flag_set/imm 4, 0;
    %store/vec4a v0x602ebb3fcd50, 4, 0;
    %pushi/vec4 4275044755, 0, 32;
    %ix/load 4, 2, 0;
    %flag_set/imm 4, 0;
    %store/vec4a v0x602ebb3fcd50, 4, 0;
    %pushi/vec4 4277142035, 0, 32;
    %ix/load 4, 3, 0;
    %flag_set/imm 4, 0;
    %store/vec4a v0x602ebb3fcd50, 4, 0;
    %pushi/vec4 1, 0, 1;
    %store/vec4 v0x602ebb401650_0, 0, 1;
    %fork TD_tb.tick, S_0x602ebb400e60;
    %join;
    %pushi/vec4 0, 0, 1;
    %store/vec4 v0x602ebb401650_0, 0, 1;
    %pushi/vec4 0, 0, 32;
    %store/vec4 v0x602ebb401210_0, 0, 32;
T_11.492 ;
    %load/vec4 v0x602ebb4012d0_0;
    %nor/r;
    %flag_set/vec4 9;
    %flag_get/vec4 9;
    %jmp/0 T_11.494, 9;
    %load/vec4 v0x602ebb401210_0;
    %cmpi/s 5000, 0, 32;
    %flag_get/vec4 5;
    %and;
T_11.494;
    %flag_set/vec4 8;
    %jmp/0xz T_11.493, 8;
    %fork TD_tb.tick, S_0x602ebb400e60;
    %join;
    %jmp T_11.492;
T_11.493 ;
    %vpi_call/w 5 1223 "$display", "BATCH_RESULT idx=98 prediction=%0d cycles=%0d halted=%0d", &A<v0x602ebb3fe380, 31>, v0x602ebb401210_0, v0x602ebb4012d0_0 {0 0 0};
    %pushi/vec4 0, 0, 32;
    %store/vec4 v0x602ebb401570_0, 0, 32;
T_11.495 ;
    %load/vec4 v0x602ebb401570_0;
    %cmpi/s 32, 0, 32;
    %jmp/0xz T_11.496, 5;
    %pushi/vec4 0, 0, 32;
    %ix/getv/s 4, v0x602ebb401570_0;
    %store/vec4a v0x602ebb3fe380, 4, 0;
    %load/vec4 v0x602ebb401570_0;
    %addi 1, 0, 32;
    %store/vec4 v0x602ebb401570_0, 0, 32;
    %jmp T_11.495;
T_11.496 ;
    %pushi/vec4 4285530259, 0, 32;
    %ix/load 4, 0, 0;
    %flag_set/imm 4, 0;
    %store/vec4a v0x602ebb3fcd50, 4, 0;
    %pushi/vec4 4277141779, 0, 32;
    %ix/load 4, 1, 0;
    %flag_set/imm 4, 0;
    %store/vec4a v0x602ebb3fcd50, 4, 0;
    %pushi/vec4 4284481939, 0, 32;
    %ix/load 4, 2, 0;
    %flag_set/imm 4, 0;
    %store/vec4a v0x602ebb3fcd50, 4, 0;
    %pushi/vec4 4285530643, 0, 32;
    %ix/load 4, 3, 0;
    %flag_set/imm 4, 0;
    %store/vec4a v0x602ebb3fcd50, 4, 0;
    %pushi/vec4 1, 0, 1;
    %store/vec4 v0x602ebb401650_0, 0, 1;
    %fork TD_tb.tick, S_0x602ebb400e60;
    %join;
    %pushi/vec4 0, 0, 1;
    %store/vec4 v0x602ebb401650_0, 0, 1;
    %pushi/vec4 0, 0, 32;
    %store/vec4 v0x602ebb401210_0, 0, 32;
T_11.497 ;
    %load/vec4 v0x602ebb4012d0_0;
    %nor/r;
    %flag_set/vec4 9;
    %flag_get/vec4 9;
    %jmp/0 T_11.499, 9;
    %load/vec4 v0x602ebb401210_0;
    %cmpi/s 5000, 0, 32;
    %flag_get/vec4 5;
    %and;
T_11.499;
    %flag_set/vec4 8;
    %jmp/0xz T_11.498, 8;
    %fork TD_tb.tick, S_0x602ebb400e60;
    %join;
    %jmp T_11.497;
T_11.498 ;
    %vpi_call/w 5 1232 "$display", "BATCH_RESULT idx=99 prediction=%0d cycles=%0d halted=%0d", &A<v0x602ebb3fe380, 31>, v0x602ebb401210_0, v0x602ebb4012d0_0 {0 0 0};
    %pushi/vec4 0, 0, 32;
    %store/vec4 v0x602ebb401570_0, 0, 32;
T_11.500 ;
    %load/vec4 v0x602ebb401570_0;
    %cmpi/s 32, 0, 32;
    %jmp/0xz T_11.501, 5;
    %pushi/vec4 0, 0, 32;
    %ix/getv/s 4, v0x602ebb401570_0;
    %store/vec4a v0x602ebb3fe380, 4, 0;
    %load/vec4 v0x602ebb401570_0;
    %addi 1, 0, 32;
    %store/vec4 v0x602ebb401570_0, 0, 32;
    %jmp T_11.500;
T_11.501 ;
    %pushi/vec4 4287627411, 0, 32;
    %ix/load 4, 0, 0;
    %flag_set/imm 4, 0;
    %store/vec4a v0x602ebb3fcd50, 4, 0;
    %pushi/vec4 4285530387, 0, 32;
    %ix/load 4, 1, 0;
    %flag_set/imm 4, 0;
    %store/vec4a v0x602ebb3fcd50, 4, 0;
    %pushi/vec4 4286579091, 0, 32;
    %ix/load 4, 2, 0;
    %flag_set/imm 4, 0;
    %store/vec4a v0x602ebb3fcd50, 4, 0;
    %pushi/vec4 4286579219, 0, 32;
    %ix/load 4, 3, 0;
    %flag_set/imm 4, 0;
    %store/vec4a v0x602ebb3fcd50, 4, 0;
    %pushi/vec4 1, 0, 1;
    %store/vec4 v0x602ebb401650_0, 0, 1;
    %fork TD_tb.tick, S_0x602ebb400e60;
    %join;
    %pushi/vec4 0, 0, 1;
    %store/vec4 v0x602ebb401650_0, 0, 1;
    %pushi/vec4 0, 0, 32;
    %store/vec4 v0x602ebb401210_0, 0, 32;
T_11.502 ;
    %load/vec4 v0x602ebb4012d0_0;
    %nor/r;
    %flag_set/vec4 9;
    %flag_get/vec4 9;
    %jmp/0 T_11.504, 9;
    %load/vec4 v0x602ebb401210_0;
    %cmpi/s 5000, 0, 32;
    %flag_get/vec4 5;
    %and;
T_11.504;
    %flag_set/vec4 8;
    %jmp/0xz T_11.503, 8;
    %fork TD_tb.tick, S_0x602ebb400e60;
    %join;
    %jmp T_11.502;
T_11.503 ;
    %vpi_call/w 5 1241 "$display", "BATCH_RESULT idx=100 prediction=%0d cycles=%0d halted=%0d", &A<v0x602ebb3fe380, 31>, v0x602ebb401210_0, v0x602ebb4012d0_0 {0 0 0};
    %pushi/vec4 0, 0, 32;
    %store/vec4 v0x602ebb401570_0, 0, 32;
T_11.505 ;
    %load/vec4 v0x602ebb401570_0;
    %cmpi/s 32, 0, 32;
    %jmp/0xz T_11.506, 5;
    %pushi/vec4 0, 0, 32;
    %ix/getv/s 4, v0x602ebb401570_0;
    %store/vec4a v0x602ebb3fe380, 4, 0;
    %load/vec4 v0x602ebb401570_0;
    %addi 1, 0, 32;
    %store/vec4 v0x602ebb401570_0, 0, 32;
    %jmp T_11.505;
T_11.506 ;
    %pushi/vec4 4293918867, 0, 32;
    %ix/load 4, 0, 0;
    %flag_set/imm 4, 0;
    %store/vec4a v0x602ebb3fcd50, 4, 0;
    %pushi/vec4 4281336083, 0, 32;
    %ix/load 4, 1, 0;
    %flag_set/imm 4, 0;
    %store/vec4a v0x602ebb3fcd50, 4, 0;
    %pushi/vec4 4292870547, 0, 32;
    %ix/load 4, 2, 0;
    %flag_set/imm 4, 0;
    %store/vec4a v0x602ebb3fcd50, 4, 0;
    %pushi/vec4 4291822099, 0, 32;
    %ix/load 4, 3, 0;
    %flag_set/imm 4, 0;
    %store/vec4a v0x602ebb3fcd50, 4, 0;
    %pushi/vec4 1, 0, 1;
    %store/vec4 v0x602ebb401650_0, 0, 1;
    %fork TD_tb.tick, S_0x602ebb400e60;
    %join;
    %pushi/vec4 0, 0, 1;
    %store/vec4 v0x602ebb401650_0, 0, 1;
    %pushi/vec4 0, 0, 32;
    %store/vec4 v0x602ebb401210_0, 0, 32;
T_11.507 ;
    %load/vec4 v0x602ebb4012d0_0;
    %nor/r;
    %flag_set/vec4 9;
    %flag_get/vec4 9;
    %jmp/0 T_11.509, 9;
    %load/vec4 v0x602ebb401210_0;
    %cmpi/s 5000, 0, 32;
    %flag_get/vec4 5;
    %and;
T_11.509;
    %flag_set/vec4 8;
    %jmp/0xz T_11.508, 8;
    %fork TD_tb.tick, S_0x602ebb400e60;
    %join;
    %jmp T_11.507;
T_11.508 ;
    %vpi_call/w 5 1250 "$display", "BATCH_RESULT idx=101 prediction=%0d cycles=%0d halted=%0d", &A<v0x602ebb3fe380, 31>, v0x602ebb401210_0, v0x602ebb4012d0_0 {0 0 0};
    %pushi/vec4 0, 0, 32;
    %store/vec4 v0x602ebb401570_0, 0, 32;
T_11.510 ;
    %load/vec4 v0x602ebb401570_0;
    %cmpi/s 32, 0, 32;
    %jmp/0xz T_11.511, 5;
    %pushi/vec4 0, 0, 32;
    %ix/getv/s 4, v0x602ebb401570_0;
    %store/vec4a v0x602ebb3fe380, 4, 0;
    %load/vec4 v0x602ebb401570_0;
    %addi 1, 0, 32;
    %store/vec4 v0x602ebb401570_0, 0, 32;
    %jmp T_11.510;
T_11.511 ;
    %pushi/vec4 4281335955, 0, 32;
    %ix/load 4, 0, 0;
    %flag_set/imm 4, 0;
    %store/vec4a v0x602ebb3fcd50, 4, 0;
    %pushi/vec4 4259315987, 0, 32;
    %ix/load 4, 1, 0;
    %flag_set/imm 4, 0;
    %store/vec4a v0x602ebb3fcd50, 4, 0;
    %pushi/vec4 4281336211, 0, 32;
    %ix/load 4, 2, 0;
    %flag_set/imm 4, 0;
    %store/vec4a v0x602ebb3fcd50, 4, 0;
    %pushi/vec4 4281336339, 0, 32;
    %ix/load 4, 3, 0;
    %flag_set/imm 4, 0;
    %store/vec4a v0x602ebb3fcd50, 4, 0;
    %pushi/vec4 1, 0, 1;
    %store/vec4 v0x602ebb401650_0, 0, 1;
    %fork TD_tb.tick, S_0x602ebb400e60;
    %join;
    %pushi/vec4 0, 0, 1;
    %store/vec4 v0x602ebb401650_0, 0, 1;
    %pushi/vec4 0, 0, 32;
    %store/vec4 v0x602ebb401210_0, 0, 32;
T_11.512 ;
    %load/vec4 v0x602ebb4012d0_0;
    %nor/r;
    %flag_set/vec4 9;
    %flag_get/vec4 9;
    %jmp/0 T_11.514, 9;
    %load/vec4 v0x602ebb401210_0;
    %cmpi/s 5000, 0, 32;
    %flag_get/vec4 5;
    %and;
T_11.514;
    %flag_set/vec4 8;
    %jmp/0xz T_11.513, 8;
    %fork TD_tb.tick, S_0x602ebb400e60;
    %join;
    %jmp T_11.512;
T_11.513 ;
    %vpi_call/w 5 1259 "$display", "BATCH_RESULT idx=102 prediction=%0d cycles=%0d halted=%0d", &A<v0x602ebb3fe380, 31>, v0x602ebb401210_0, v0x602ebb4012d0_0 {0 0 0};
    %pushi/vec4 0, 0, 32;
    %store/vec4 v0x602ebb401570_0, 0, 32;
T_11.515 ;
    %load/vec4 v0x602ebb401570_0;
    %cmpi/s 32, 0, 32;
    %jmp/0xz T_11.516, 5;
    %pushi/vec4 0, 0, 32;
    %ix/getv/s 4, v0x602ebb401570_0;
    %store/vec4a v0x602ebb3fe380, 4, 0;
    %load/vec4 v0x602ebb401570_0;
    %addi 1, 0, 32;
    %store/vec4 v0x602ebb401570_0, 0, 32;
    %jmp T_11.515;
T_11.516 ;
    %pushi/vec4 4285530259, 0, 32;
    %ix/load 4, 0, 0;
    %flag_set/imm 4, 0;
    %store/vec4a v0x602ebb3fcd50, 4, 0;
    %pushi/vec4 11534611, 0, 32;
    %ix/load 4, 1, 0;
    %flag_set/imm 4, 0;
    %store/vec4a v0x602ebb3fcd50, 4, 0;
    %pushi/vec4 4286579091, 0, 32;
    %ix/load 4, 2, 0;
    %flag_set/imm 4, 0;
    %store/vec4a v0x602ebb3fcd50, 4, 0;
    %pushi/vec4 4285530643, 0, 32;
    %ix/load 4, 3, 0;
    %flag_set/imm 4, 0;
    %store/vec4a v0x602ebb3fcd50, 4, 0;
    %pushi/vec4 1, 0, 1;
    %store/vec4 v0x602ebb401650_0, 0, 1;
    %fork TD_tb.tick, S_0x602ebb400e60;
    %join;
    %pushi/vec4 0, 0, 1;
    %store/vec4 v0x602ebb401650_0, 0, 1;
    %pushi/vec4 0, 0, 32;
    %store/vec4 v0x602ebb401210_0, 0, 32;
T_11.517 ;
    %load/vec4 v0x602ebb4012d0_0;
    %nor/r;
    %flag_set/vec4 9;
    %flag_get/vec4 9;
    %jmp/0 T_11.519, 9;
    %load/vec4 v0x602ebb401210_0;
    %cmpi/s 5000, 0, 32;
    %flag_get/vec4 5;
    %and;
T_11.519;
    %flag_set/vec4 8;
    %jmp/0xz T_11.518, 8;
    %fork TD_tb.tick, S_0x602ebb400e60;
    %join;
    %jmp T_11.517;
T_11.518 ;
    %vpi_call/w 5 1268 "$display", "BATCH_RESULT idx=103 prediction=%0d cycles=%0d halted=%0d", &A<v0x602ebb3fe380, 31>, v0x602ebb401210_0, v0x602ebb4012d0_0 {0 0 0};
    %pushi/vec4 0, 0, 32;
    %store/vec4 v0x602ebb401570_0, 0, 32;
T_11.520 ;
    %load/vec4 v0x602ebb401570_0;
    %cmpi/s 32, 0, 32;
    %jmp/0xz T_11.521, 5;
    %pushi/vec4 0, 0, 32;
    %ix/getv/s 4, v0x602ebb401570_0;
    %store/vec4a v0x602ebb3fe380, 4, 0;
    %load/vec4 v0x602ebb401570_0;
    %addi 1, 0, 32;
    %store/vec4 v0x602ebb401570_0, 0, 32;
    %jmp T_11.520;
T_11.521 ;
    %pushi/vec4 4292870291, 0, 32;
    %ix/load 4, 0, 0;
    %flag_set/imm 4, 0;
    %store/vec4a v0x602ebb3fcd50, 4, 0;
    %pushi/vec4 4282384659, 0, 32;
    %ix/load 4, 1, 0;
    %flag_set/imm 4, 0;
    %store/vec4a v0x602ebb3fcd50, 4, 0;
    %pushi/vec4 4291821971, 0, 32;
    %ix/load 4, 2, 0;
    %flag_set/imm 4, 0;
    %store/vec4a v0x602ebb3fcd50, 4, 0;
    %pushi/vec4 4290773523, 0, 32;
    %ix/load 4, 3, 0;
    %flag_set/imm 4, 0;
    %store/vec4a v0x602ebb3fcd50, 4, 0;
    %pushi/vec4 1, 0, 1;
    %store/vec4 v0x602ebb401650_0, 0, 1;
    %fork TD_tb.tick, S_0x602ebb400e60;
    %join;
    %pushi/vec4 0, 0, 1;
    %store/vec4 v0x602ebb401650_0, 0, 1;
    %pushi/vec4 0, 0, 32;
    %store/vec4 v0x602ebb401210_0, 0, 32;
T_11.522 ;
    %load/vec4 v0x602ebb4012d0_0;
    %nor/r;
    %flag_set/vec4 9;
    %flag_get/vec4 9;
    %jmp/0 T_11.524, 9;
    %load/vec4 v0x602ebb401210_0;
    %cmpi/s 5000, 0, 32;
    %flag_get/vec4 5;
    %and;
T_11.524;
    %flag_set/vec4 8;
    %jmp/0xz T_11.523, 8;
    %fork TD_tb.tick, S_0x602ebb400e60;
    %join;
    %jmp T_11.522;
T_11.523 ;
    %vpi_call/w 5 1277 "$display", "BATCH_RESULT idx=104 prediction=%0d cycles=%0d halted=%0d", &A<v0x602ebb3fe380, 31>, v0x602ebb401210_0, v0x602ebb4012d0_0 {0 0 0};
    %pushi/vec4 0, 0, 32;
    %store/vec4 v0x602ebb401570_0, 0, 32;
T_11.525 ;
    %load/vec4 v0x602ebb401570_0;
    %cmpi/s 32, 0, 32;
    %jmp/0xz T_11.526, 5;
    %pushi/vec4 0, 0, 32;
    %ix/getv/s 4, v0x602ebb401570_0;
    %store/vec4a v0x602ebb3fe380, 4, 0;
    %load/vec4 v0x602ebb401570_0;
    %addi 1, 0, 32;
    %store/vec4 v0x602ebb401570_0, 0, 32;
    %jmp T_11.525;
T_11.526 ;
    %pushi/vec4 4288675987, 0, 32;
    %ix/load 4, 0, 0;
    %flag_set/imm 4, 0;
    %store/vec4a v0x602ebb3fcd50, 4, 0;
    %pushi/vec4 4290773267, 0, 32;
    %ix/load 4, 1, 0;
    %flag_set/imm 4, 0;
    %store/vec4a v0x602ebb3fcd50, 4, 0;
    %pushi/vec4 4289724819, 0, 32;
    %ix/load 4, 2, 0;
    %flag_set/imm 4, 0;
    %store/vec4a v0x602ebb3fcd50, 4, 0;
    %pushi/vec4 4286579219, 0, 32;
    %ix/load 4, 3, 0;
    %flag_set/imm 4, 0;
    %store/vec4a v0x602ebb3fcd50, 4, 0;
    %pushi/vec4 1, 0, 1;
    %store/vec4 v0x602ebb401650_0, 0, 1;
    %fork TD_tb.tick, S_0x602ebb400e60;
    %join;
    %pushi/vec4 0, 0, 1;
    %store/vec4 v0x602ebb401650_0, 0, 1;
    %pushi/vec4 0, 0, 32;
    %store/vec4 v0x602ebb401210_0, 0, 32;
T_11.527 ;
    %load/vec4 v0x602ebb4012d0_0;
    %nor/r;
    %flag_set/vec4 9;
    %flag_get/vec4 9;
    %jmp/0 T_11.529, 9;
    %load/vec4 v0x602ebb401210_0;
    %cmpi/s 5000, 0, 32;
    %flag_get/vec4 5;
    %and;
T_11.529;
    %flag_set/vec4 8;
    %jmp/0xz T_11.528, 8;
    %fork TD_tb.tick, S_0x602ebb400e60;
    %join;
    %jmp T_11.527;
T_11.528 ;
    %vpi_call/w 5 1286 "$display", "BATCH_RESULT idx=105 prediction=%0d cycles=%0d halted=%0d", &A<v0x602ebb3fe380, 31>, v0x602ebb401210_0, v0x602ebb4012d0_0 {0 0 0};
    %pushi/vec4 0, 0, 32;
    %store/vec4 v0x602ebb401570_0, 0, 32;
T_11.530 ;
    %load/vec4 v0x602ebb401570_0;
    %cmpi/s 32, 0, 32;
    %jmp/0xz T_11.531, 5;
    %pushi/vec4 0, 0, 32;
    %ix/getv/s 4, v0x602ebb401570_0;
    %store/vec4a v0x602ebb3fe380, 4, 0;
    %load/vec4 v0x602ebb401570_0;
    %addi 1, 0, 32;
    %store/vec4 v0x602ebb401570_0, 0, 32;
    %jmp T_11.530;
T_11.531 ;
    %pushi/vec4 4283433107, 0, 32;
    %ix/load 4, 0, 0;
    %flag_set/imm 4, 0;
    %store/vec4a v0x602ebb3fcd50, 4, 0;
    %pushi/vec4 9437459, 0, 32;
    %ix/load 4, 1, 0;
    %flag_set/imm 4, 0;
    %store/vec4a v0x602ebb3fcd50, 4, 0;
    %pushi/vec4 4283433363, 0, 32;
    %ix/load 4, 2, 0;
    %flag_set/imm 4, 0;
    %store/vec4a v0x602ebb3fcd50, 4, 0;
    %pushi/vec4 4283433491, 0, 32;
    %ix/load 4, 3, 0;
    %flag_set/imm 4, 0;
    %store/vec4a v0x602ebb3fcd50, 4, 0;
    %pushi/vec4 1, 0, 1;
    %store/vec4 v0x602ebb401650_0, 0, 1;
    %fork TD_tb.tick, S_0x602ebb400e60;
    %join;
    %pushi/vec4 0, 0, 1;
    %store/vec4 v0x602ebb401650_0, 0, 1;
    %pushi/vec4 0, 0, 32;
    %store/vec4 v0x602ebb401210_0, 0, 32;
T_11.532 ;
    %load/vec4 v0x602ebb4012d0_0;
    %nor/r;
    %flag_set/vec4 9;
    %flag_get/vec4 9;
    %jmp/0 T_11.534, 9;
    %load/vec4 v0x602ebb401210_0;
    %cmpi/s 5000, 0, 32;
    %flag_get/vec4 5;
    %and;
T_11.534;
    %flag_set/vec4 8;
    %jmp/0xz T_11.533, 8;
    %fork TD_tb.tick, S_0x602ebb400e60;
    %join;
    %jmp T_11.532;
T_11.533 ;
    %vpi_call/w 5 1295 "$display", "BATCH_RESULT idx=106 prediction=%0d cycles=%0d halted=%0d", &A<v0x602ebb3fe380, 31>, v0x602ebb401210_0, v0x602ebb4012d0_0 {0 0 0};
    %pushi/vec4 0, 0, 32;
    %store/vec4 v0x602ebb401570_0, 0, 32;
T_11.535 ;
    %load/vec4 v0x602ebb401570_0;
    %cmpi/s 32, 0, 32;
    %jmp/0xz T_11.536, 5;
    %pushi/vec4 0, 0, 32;
    %ix/getv/s 4, v0x602ebb401570_0;
    %store/vec4a v0x602ebb3fe380, 4, 0;
    %load/vec4 v0x602ebb401570_0;
    %addi 1, 0, 32;
    %store/vec4 v0x602ebb401570_0, 0, 32;
    %jmp T_11.535;
T_11.536 ;
    %pushi/vec4 4281335955, 0, 32;
    %ix/load 4, 0, 0;
    %flag_set/imm 4, 0;
    %store/vec4a v0x602ebb3fcd50, 4, 0;
    %pushi/vec4 4275044627, 0, 32;
    %ix/load 4, 1, 0;
    %flag_set/imm 4, 0;
    %store/vec4a v0x602ebb3fcd50, 4, 0;
    %pushi/vec4 4282384787, 0, 32;
    %ix/load 4, 2, 0;
    %flag_set/imm 4, 0;
    %store/vec4a v0x602ebb3fcd50, 4, 0;
    %pushi/vec4 4281336339, 0, 32;
    %ix/load 4, 3, 0;
    %flag_set/imm 4, 0;
    %store/vec4a v0x602ebb3fcd50, 4, 0;
    %pushi/vec4 1, 0, 1;
    %store/vec4 v0x602ebb401650_0, 0, 1;
    %fork TD_tb.tick, S_0x602ebb400e60;
    %join;
    %pushi/vec4 0, 0, 1;
    %store/vec4 v0x602ebb401650_0, 0, 1;
    %pushi/vec4 0, 0, 32;
    %store/vec4 v0x602ebb401210_0, 0, 32;
T_11.537 ;
    %load/vec4 v0x602ebb4012d0_0;
    %nor/r;
    %flag_set/vec4 9;
    %flag_get/vec4 9;
    %jmp/0 T_11.539, 9;
    %load/vec4 v0x602ebb401210_0;
    %cmpi/s 5000, 0, 32;
    %flag_get/vec4 5;
    %and;
T_11.539;
    %flag_set/vec4 8;
    %jmp/0xz T_11.538, 8;
    %fork TD_tb.tick, S_0x602ebb400e60;
    %join;
    %jmp T_11.537;
T_11.538 ;
    %vpi_call/w 5 1304 "$display", "BATCH_RESULT idx=107 prediction=%0d cycles=%0d halted=%0d", &A<v0x602ebb3fe380, 31>, v0x602ebb401210_0, v0x602ebb4012d0_0 {0 0 0};
    %pushi/vec4 0, 0, 32;
    %store/vec4 v0x602ebb401570_0, 0, 32;
T_11.540 ;
    %load/vec4 v0x602ebb401570_0;
    %cmpi/s 32, 0, 32;
    %jmp/0xz T_11.541, 5;
    %pushi/vec4 0, 0, 32;
    %ix/getv/s 4, v0x602ebb401570_0;
    %store/vec4a v0x602ebb3fe380, 4, 0;
    %load/vec4 v0x602ebb401570_0;
    %addi 1, 0, 32;
    %store/vec4 v0x602ebb401570_0, 0, 32;
    %jmp T_11.540;
T_11.541 ;
    %pushi/vec4 4269801619, 0, 32;
    %ix/load 4, 0, 0;
    %flag_set/imm 4, 0;
    %store/vec4a v0x602ebb3fcd50, 4, 0;
    %pushi/vec4 7340307, 0, 32;
    %ix/load 4, 1, 0;
    %flag_set/imm 4, 0;
    %store/vec4a v0x602ebb3fcd50, 4, 0;
    %pushi/vec4 4269801875, 0, 32;
    %ix/load 4, 2, 0;
    %flag_set/imm 4, 0;
    %store/vec4a v0x602ebb3fcd50, 4, 0;
    %pushi/vec4 4273996307, 0, 32;
    %ix/load 4, 3, 0;
    %flag_set/imm 4, 0;
    %store/vec4a v0x602ebb3fcd50, 4, 0;
    %pushi/vec4 1, 0, 1;
    %store/vec4 v0x602ebb401650_0, 0, 1;
    %fork TD_tb.tick, S_0x602ebb400e60;
    %join;
    %pushi/vec4 0, 0, 1;
    %store/vec4 v0x602ebb401650_0, 0, 1;
    %pushi/vec4 0, 0, 32;
    %store/vec4 v0x602ebb401210_0, 0, 32;
T_11.542 ;
    %load/vec4 v0x602ebb4012d0_0;
    %nor/r;
    %flag_set/vec4 9;
    %flag_get/vec4 9;
    %jmp/0 T_11.544, 9;
    %load/vec4 v0x602ebb401210_0;
    %cmpi/s 5000, 0, 32;
    %flag_get/vec4 5;
    %and;
T_11.544;
    %flag_set/vec4 8;
    %jmp/0xz T_11.543, 8;
    %fork TD_tb.tick, S_0x602ebb400e60;
    %join;
    %jmp T_11.542;
T_11.543 ;
    %vpi_call/w 5 1313 "$display", "BATCH_RESULT idx=108 prediction=%0d cycles=%0d halted=%0d", &A<v0x602ebb3fe380, 31>, v0x602ebb401210_0, v0x602ebb4012d0_0 {0 0 0};
    %pushi/vec4 0, 0, 32;
    %store/vec4 v0x602ebb401570_0, 0, 32;
T_11.545 ;
    %load/vec4 v0x602ebb401570_0;
    %cmpi/s 32, 0, 32;
    %jmp/0xz T_11.546, 5;
    %pushi/vec4 0, 0, 32;
    %ix/getv/s 4, v0x602ebb401570_0;
    %store/vec4a v0x602ebb3fe380, 4, 0;
    %load/vec4 v0x602ebb401570_0;
    %addi 1, 0, 32;
    %store/vec4 v0x602ebb401570_0, 0, 32;
    %jmp T_11.545;
T_11.546 ;
    %pushi/vec4 4271898771, 0, 32;
    %ix/load 4, 0, 0;
    %flag_set/imm 4, 0;
    %store/vec4a v0x602ebb3fcd50, 4, 0;
    %pushi/vec4 2097427, 0, 32;
    %ix/load 4, 1, 0;
    %flag_set/imm 4, 0;
    %store/vec4a v0x602ebb3fcd50, 4, 0;
    %pushi/vec4 4271899027, 0, 32;
    %ix/load 4, 2, 0;
    %flag_set/imm 4, 0;
    %store/vec4a v0x602ebb3fcd50, 4, 0;
    %pushi/vec4 4276093459, 0, 32;
    %ix/load 4, 3, 0;
    %flag_set/imm 4, 0;
    %store/vec4a v0x602ebb3fcd50, 4, 0;
    %pushi/vec4 1, 0, 1;
    %store/vec4 v0x602ebb401650_0, 0, 1;
    %fork TD_tb.tick, S_0x602ebb400e60;
    %join;
    %pushi/vec4 0, 0, 1;
    %store/vec4 v0x602ebb401650_0, 0, 1;
    %pushi/vec4 0, 0, 32;
    %store/vec4 v0x602ebb401210_0, 0, 32;
T_11.547 ;
    %load/vec4 v0x602ebb4012d0_0;
    %nor/r;
    %flag_set/vec4 9;
    %flag_get/vec4 9;
    %jmp/0 T_11.549, 9;
    %load/vec4 v0x602ebb401210_0;
    %cmpi/s 5000, 0, 32;
    %flag_get/vec4 5;
    %and;
T_11.549;
    %flag_set/vec4 8;
    %jmp/0xz T_11.548, 8;
    %fork TD_tb.tick, S_0x602ebb400e60;
    %join;
    %jmp T_11.547;
T_11.548 ;
    %vpi_call/w 5 1322 "$display", "BATCH_RESULT idx=109 prediction=%0d cycles=%0d halted=%0d", &A<v0x602ebb3fe380, 31>, v0x602ebb401210_0, v0x602ebb4012d0_0 {0 0 0};
    %pushi/vec4 0, 0, 32;
    %store/vec4 v0x602ebb401570_0, 0, 32;
T_11.550 ;
    %load/vec4 v0x602ebb401570_0;
    %cmpi/s 32, 0, 32;
    %jmp/0xz T_11.551, 5;
    %pushi/vec4 0, 0, 32;
    %ix/getv/s 4, v0x602ebb401570_0;
    %store/vec4a v0x602ebb3fe380, 4, 0;
    %load/vec4 v0x602ebb401570_0;
    %addi 1, 0, 32;
    %store/vec4 v0x602ebb401570_0, 0, 32;
    %jmp T_11.550;
T_11.551 ;
    %pushi/vec4 2097299, 0, 32;
    %ix/load 4, 0, 0;
    %flag_set/imm 4, 0;
    %store/vec4a v0x602ebb3fcd50, 4, 0;
    %pushi/vec4 1048851, 0, 32;
    %ix/load 4, 1, 0;
    %flag_set/imm 4, 0;
    %store/vec4a v0x602ebb3fcd50, 4, 0;
    %pushi/vec4 5243283, 0, 32;
    %ix/load 4, 2, 0;
    %flag_set/imm 4, 0;
    %store/vec4a v0x602ebb3fcd50, 4, 0;
    %pushi/vec4 531, 0, 32;
    %ix/load 4, 3, 0;
    %flag_set/imm 4, 0;
    %store/vec4a v0x602ebb3fcd50, 4, 0;
    %pushi/vec4 1, 0, 1;
    %store/vec4 v0x602ebb401650_0, 0, 1;
    %fork TD_tb.tick, S_0x602ebb400e60;
    %join;
    %pushi/vec4 0, 0, 1;
    %store/vec4 v0x602ebb401650_0, 0, 1;
    %pushi/vec4 0, 0, 32;
    %store/vec4 v0x602ebb401210_0, 0, 32;
T_11.552 ;
    %load/vec4 v0x602ebb4012d0_0;
    %nor/r;
    %flag_set/vec4 9;
    %flag_get/vec4 9;
    %jmp/0 T_11.554, 9;
    %load/vec4 v0x602ebb401210_0;
    %cmpi/s 5000, 0, 32;
    %flag_get/vec4 5;
    %and;
T_11.554;
    %flag_set/vec4 8;
    %jmp/0xz T_11.553, 8;
    %fork TD_tb.tick, S_0x602ebb400e60;
    %join;
    %jmp T_11.552;
T_11.553 ;
    %vpi_call/w 5 1331 "$display", "BATCH_RESULT idx=110 prediction=%0d cycles=%0d halted=%0d", &A<v0x602ebb3fe380, 31>, v0x602ebb401210_0, v0x602ebb4012d0_0 {0 0 0};
    %pushi/vec4 0, 0, 32;
    %store/vec4 v0x602ebb401570_0, 0, 32;
T_11.555 ;
    %load/vec4 v0x602ebb401570_0;
    %cmpi/s 32, 0, 32;
    %jmp/0xz T_11.556, 5;
    %pushi/vec4 0, 0, 32;
    %ix/getv/s 4, v0x602ebb401570_0;
    %store/vec4a v0x602ebb3fe380, 4, 0;
    %load/vec4 v0x602ebb401570_0;
    %addi 1, 0, 32;
    %store/vec4 v0x602ebb401570_0, 0, 32;
    %jmp T_11.555;
T_11.556 ;
    %pushi/vec4 4267704467, 0, 32;
    %ix/load 4, 0, 0;
    %flag_set/imm 4, 0;
    %store/vec4a v0x602ebb3fcd50, 4, 0;
    %pushi/vec4 4286578963, 0, 32;
    %ix/load 4, 1, 0;
    %flag_set/imm 4, 0;
    %store/vec4a v0x602ebb3fcd50, 4, 0;
    %pushi/vec4 4268753299, 0, 32;
    %ix/load 4, 2, 0;
    %flag_set/imm 4, 0;
    %store/vec4a v0x602ebb3fcd50, 4, 0;
    %pushi/vec4 4272947731, 0, 32;
    %ix/load 4, 3, 0;
    %flag_set/imm 4, 0;
    %store/vec4a v0x602ebb3fcd50, 4, 0;
    %pushi/vec4 1, 0, 1;
    %store/vec4 v0x602ebb401650_0, 0, 1;
    %fork TD_tb.tick, S_0x602ebb400e60;
    %join;
    %pushi/vec4 0, 0, 1;
    %store/vec4 v0x602ebb401650_0, 0, 1;
    %pushi/vec4 0, 0, 32;
    %store/vec4 v0x602ebb401210_0, 0, 32;
T_11.557 ;
    %load/vec4 v0x602ebb4012d0_0;
    %nor/r;
    %flag_set/vec4 9;
    %flag_get/vec4 9;
    %jmp/0 T_11.559, 9;
    %load/vec4 v0x602ebb401210_0;
    %cmpi/s 5000, 0, 32;
    %flag_get/vec4 5;
    %and;
T_11.559;
    %flag_set/vec4 8;
    %jmp/0xz T_11.558, 8;
    %fork TD_tb.tick, S_0x602ebb400e60;
    %join;
    %jmp T_11.557;
T_11.558 ;
    %vpi_call/w 5 1340 "$display", "BATCH_RESULT idx=111 prediction=%0d cycles=%0d halted=%0d", &A<v0x602ebb3fe380, 31>, v0x602ebb401210_0, v0x602ebb4012d0_0 {0 0 0};
    %pushi/vec4 0, 0, 32;
    %store/vec4 v0x602ebb401570_0, 0, 32;
T_11.560 ;
    %load/vec4 v0x602ebb401570_0;
    %cmpi/s 32, 0, 32;
    %jmp/0xz T_11.561, 5;
    %pushi/vec4 0, 0, 32;
    %ix/getv/s 4, v0x602ebb401570_0;
    %store/vec4a v0x602ebb3fe380, 4, 0;
    %load/vec4 v0x602ebb401570_0;
    %addi 1, 0, 32;
    %store/vec4 v0x602ebb401570_0, 0, 32;
    %jmp T_11.560;
T_11.561 ;
    %pushi/vec4 4283433107, 0, 32;
    %ix/load 4, 0, 0;
    %flag_set/imm 4, 0;
    %store/vec4a v0x602ebb3fcd50, 4, 0;
    %pushi/vec4 4290773267, 0, 32;
    %ix/load 4, 1, 0;
    %flag_set/imm 4, 0;
    %store/vec4a v0x602ebb3fcd50, 4, 0;
    %pushi/vec4 4284481939, 0, 32;
    %ix/load 4, 2, 0;
    %flag_set/imm 4, 0;
    %store/vec4a v0x602ebb3fcd50, 4, 0;
    %pushi/vec4 4283433491, 0, 32;
    %ix/load 4, 3, 0;
    %flag_set/imm 4, 0;
    %store/vec4a v0x602ebb3fcd50, 4, 0;
    %pushi/vec4 1, 0, 1;
    %store/vec4 v0x602ebb401650_0, 0, 1;
    %fork TD_tb.tick, S_0x602ebb400e60;
    %join;
    %pushi/vec4 0, 0, 1;
    %store/vec4 v0x602ebb401650_0, 0, 1;
    %pushi/vec4 0, 0, 32;
    %store/vec4 v0x602ebb401210_0, 0, 32;
T_11.562 ;
    %load/vec4 v0x602ebb4012d0_0;
    %nor/r;
    %flag_set/vec4 9;
    %flag_get/vec4 9;
    %jmp/0 T_11.564, 9;
    %load/vec4 v0x602ebb401210_0;
    %cmpi/s 5000, 0, 32;
    %flag_get/vec4 5;
    %and;
T_11.564;
    %flag_set/vec4 8;
    %jmp/0xz T_11.563, 8;
    %fork TD_tb.tick, S_0x602ebb400e60;
    %join;
    %jmp T_11.562;
T_11.563 ;
    %vpi_call/w 5 1349 "$display", "BATCH_RESULT idx=112 prediction=%0d cycles=%0d halted=%0d", &A<v0x602ebb3fe380, 31>, v0x602ebb401210_0, v0x602ebb4012d0_0 {0 0 0};
    %pushi/vec4 0, 0, 32;
    %store/vec4 v0x602ebb401570_0, 0, 32;
T_11.565 ;
    %load/vec4 v0x602ebb401570_0;
    %cmpi/s 32, 0, 32;
    %jmp/0xz T_11.566, 5;
    %pushi/vec4 0, 0, 32;
    %ix/getv/s 4, v0x602ebb401570_0;
    %store/vec4a v0x602ebb3fe380, 4, 0;
    %load/vec4 v0x602ebb401570_0;
    %addi 1, 0, 32;
    %store/vec4 v0x602ebb401570_0, 0, 32;
    %jmp T_11.565;
T_11.566 ;
    %pushi/vec4 4194451, 0, 32;
    %ix/load 4, 0, 0;
    %flag_set/imm 4, 0;
    %store/vec4a v0x602ebb3fcd50, 4, 0;
    %pushi/vec4 4284481811, 0, 32;
    %ix/load 4, 1, 0;
    %flag_set/imm 4, 0;
    %store/vec4a v0x602ebb3fcd50, 4, 0;
    %pushi/vec4 3146131, 0, 32;
    %ix/load 4, 2, 0;
    %flag_set/imm 4, 0;
    %store/vec4a v0x602ebb3fcd50, 4, 0;
    %pushi/vec4 2097683, 0, 32;
    %ix/load 4, 3, 0;
    %flag_set/imm 4, 0;
    %store/vec4a v0x602ebb3fcd50, 4, 0;
    %pushi/vec4 1, 0, 1;
    %store/vec4 v0x602ebb401650_0, 0, 1;
    %fork TD_tb.tick, S_0x602ebb400e60;
    %join;
    %pushi/vec4 0, 0, 1;
    %store/vec4 v0x602ebb401650_0, 0, 1;
    %pushi/vec4 0, 0, 32;
    %store/vec4 v0x602ebb401210_0, 0, 32;
T_11.567 ;
    %load/vec4 v0x602ebb4012d0_0;
    %nor/r;
    %flag_set/vec4 9;
    %flag_get/vec4 9;
    %jmp/0 T_11.569, 9;
    %load/vec4 v0x602ebb401210_0;
    %cmpi/s 5000, 0, 32;
    %flag_get/vec4 5;
    %and;
T_11.569;
    %flag_set/vec4 8;
    %jmp/0xz T_11.568, 8;
    %fork TD_tb.tick, S_0x602ebb400e60;
    %join;
    %jmp T_11.567;
T_11.568 ;
    %vpi_call/w 5 1358 "$display", "BATCH_RESULT idx=113 prediction=%0d cycles=%0d halted=%0d", &A<v0x602ebb3fe380, 31>, v0x602ebb401210_0, v0x602ebb4012d0_0 {0 0 0};
    %pushi/vec4 0, 0, 32;
    %store/vec4 v0x602ebb401570_0, 0, 32;
T_11.570 ;
    %load/vec4 v0x602ebb401570_0;
    %cmpi/s 32, 0, 32;
    %jmp/0xz T_11.571, 5;
    %pushi/vec4 0, 0, 32;
    %ix/getv/s 4, v0x602ebb401570_0;
    %store/vec4a v0x602ebb3fe380, 4, 0;
    %load/vec4 v0x602ebb401570_0;
    %addi 1, 0, 32;
    %store/vec4 v0x602ebb401570_0, 0, 32;
    %jmp T_11.570;
T_11.571 ;
    %pushi/vec4 4286578835, 0, 32;
    %ix/load 4, 0, 0;
    %flag_set/imm 4, 0;
    %store/vec4a v0x602ebb3fcd50, 4, 0;
    %pushi/vec4 4289724691, 0, 32;
    %ix/load 4, 1, 0;
    %flag_set/imm 4, 0;
    %store/vec4a v0x602ebb3fcd50, 4, 0;
    %pushi/vec4 4285530515, 0, 32;
    %ix/load 4, 2, 0;
    %flag_set/imm 4, 0;
    %store/vec4a v0x602ebb3fcd50, 4, 0;
    %pushi/vec4 4286579219, 0, 32;
    %ix/load 4, 3, 0;
    %flag_set/imm 4, 0;
    %store/vec4a v0x602ebb3fcd50, 4, 0;
    %pushi/vec4 1, 0, 1;
    %store/vec4 v0x602ebb401650_0, 0, 1;
    %fork TD_tb.tick, S_0x602ebb400e60;
    %join;
    %pushi/vec4 0, 0, 1;
    %store/vec4 v0x602ebb401650_0, 0, 1;
    %pushi/vec4 0, 0, 32;
    %store/vec4 v0x602ebb401210_0, 0, 32;
T_11.572 ;
    %load/vec4 v0x602ebb4012d0_0;
    %nor/r;
    %flag_set/vec4 9;
    %flag_get/vec4 9;
    %jmp/0 T_11.574, 9;
    %load/vec4 v0x602ebb401210_0;
    %cmpi/s 5000, 0, 32;
    %flag_get/vec4 5;
    %and;
T_11.574;
    %flag_set/vec4 8;
    %jmp/0xz T_11.573, 8;
    %fork TD_tb.tick, S_0x602ebb400e60;
    %join;
    %jmp T_11.572;
T_11.573 ;
    %vpi_call/w 5 1367 "$display", "BATCH_RESULT idx=114 prediction=%0d cycles=%0d halted=%0d", &A<v0x602ebb3fe380, 31>, v0x602ebb401210_0, v0x602ebb4012d0_0 {0 0 0};
    %pushi/vec4 0, 0, 32;
    %store/vec4 v0x602ebb401570_0, 0, 32;
T_11.575 ;
    %load/vec4 v0x602ebb401570_0;
    %cmpi/s 32, 0, 32;
    %jmp/0xz T_11.576, 5;
    %pushi/vec4 0, 0, 32;
    %ix/getv/s 4, v0x602ebb401570_0;
    %store/vec4a v0x602ebb3fe380, 4, 0;
    %load/vec4 v0x602ebb401570_0;
    %addi 1, 0, 32;
    %store/vec4 v0x602ebb401570_0, 0, 32;
    %jmp T_11.575;
T_11.576 ;
    %pushi/vec4 4286578835, 0, 32;
    %ix/load 4, 0, 0;
    %flag_set/imm 4, 0;
    %store/vec4a v0x602ebb3fcd50, 4, 0;
    %pushi/vec4 4288676115, 0, 32;
    %ix/load 4, 1, 0;
    %flag_set/imm 4, 0;
    %store/vec4a v0x602ebb3fcd50, 4, 0;
    %pushi/vec4 4287627667, 0, 32;
    %ix/load 4, 2, 0;
    %flag_set/imm 4, 0;
    %store/vec4a v0x602ebb3fcd50, 4, 0;
    %pushi/vec4 4285530643, 0, 32;
    %ix/load 4, 3, 0;
    %flag_set/imm 4, 0;
    %store/vec4a v0x602ebb3fcd50, 4, 0;
    %pushi/vec4 1, 0, 1;
    %store/vec4 v0x602ebb401650_0, 0, 1;
    %fork TD_tb.tick, S_0x602ebb400e60;
    %join;
    %pushi/vec4 0, 0, 1;
    %store/vec4 v0x602ebb401650_0, 0, 1;
    %pushi/vec4 0, 0, 32;
    %store/vec4 v0x602ebb401210_0, 0, 32;
T_11.577 ;
    %load/vec4 v0x602ebb4012d0_0;
    %nor/r;
    %flag_set/vec4 9;
    %flag_get/vec4 9;
    %jmp/0 T_11.579, 9;
    %load/vec4 v0x602ebb401210_0;
    %cmpi/s 5000, 0, 32;
    %flag_get/vec4 5;
    %and;
T_11.579;
    %flag_set/vec4 8;
    %jmp/0xz T_11.578, 8;
    %fork TD_tb.tick, S_0x602ebb400e60;
    %join;
    %jmp T_11.577;
T_11.578 ;
    %vpi_call/w 5 1376 "$display", "BATCH_RESULT idx=115 prediction=%0d cycles=%0d halted=%0d", &A<v0x602ebb3fe380, 31>, v0x602ebb401210_0, v0x602ebb4012d0_0 {0 0 0};
    %pushi/vec4 0, 0, 32;
    %store/vec4 v0x602ebb401570_0, 0, 32;
T_11.580 ;
    %load/vec4 v0x602ebb401570_0;
    %cmpi/s 32, 0, 32;
    %jmp/0xz T_11.581, 5;
    %pushi/vec4 0, 0, 32;
    %ix/getv/s 4, v0x602ebb401570_0;
    %store/vec4a v0x602ebb3fe380, 4, 0;
    %load/vec4 v0x602ebb401570_0;
    %addi 1, 0, 32;
    %store/vec4 v0x602ebb401570_0, 0, 32;
    %jmp T_11.580;
T_11.581 ;
    %pushi/vec4 4276093075, 0, 32;
    %ix/load 4, 0, 0;
    %flag_set/imm 4, 0;
    %store/vec4a v0x602ebb3fcd50, 4, 0;
    %pushi/vec4 4293918995, 0, 32;
    %ix/load 4, 1, 0;
    %flag_set/imm 4, 0;
    %store/vec4a v0x602ebb3fcd50, 4, 0;
    %pushi/vec4 4277141907, 0, 32;
    %ix/load 4, 2, 0;
    %flag_set/imm 4, 0;
    %store/vec4a v0x602ebb3fcd50, 4, 0;
    %pushi/vec4 4278190611, 0, 32;
    %ix/load 4, 3, 0;
    %flag_set/imm 4, 0;
    %store/vec4a v0x602ebb3fcd50, 4, 0;
    %pushi/vec4 1, 0, 1;
    %store/vec4 v0x602ebb401650_0, 0, 1;
    %fork TD_tb.tick, S_0x602ebb400e60;
    %join;
    %pushi/vec4 0, 0, 1;
    %store/vec4 v0x602ebb401650_0, 0, 1;
    %pushi/vec4 0, 0, 32;
    %store/vec4 v0x602ebb401210_0, 0, 32;
T_11.582 ;
    %load/vec4 v0x602ebb4012d0_0;
    %nor/r;
    %flag_set/vec4 9;
    %flag_get/vec4 9;
    %jmp/0 T_11.584, 9;
    %load/vec4 v0x602ebb401210_0;
    %cmpi/s 5000, 0, 32;
    %flag_get/vec4 5;
    %and;
T_11.584;
    %flag_set/vec4 8;
    %jmp/0xz T_11.583, 8;
    %fork TD_tb.tick, S_0x602ebb400e60;
    %join;
    %jmp T_11.582;
T_11.583 ;
    %vpi_call/w 5 1385 "$display", "BATCH_RESULT idx=116 prediction=%0d cycles=%0d halted=%0d", &A<v0x602ebb3fe380, 31>, v0x602ebb401210_0, v0x602ebb4012d0_0 {0 0 0};
    %pushi/vec4 0, 0, 32;
    %store/vec4 v0x602ebb401570_0, 0, 32;
T_11.585 ;
    %load/vec4 v0x602ebb401570_0;
    %cmpi/s 32, 0, 32;
    %jmp/0xz T_11.586, 5;
    %pushi/vec4 0, 0, 32;
    %ix/getv/s 4, v0x602ebb401570_0;
    %store/vec4a v0x602ebb3fe380, 4, 0;
    %load/vec4 v0x602ebb401570_0;
    %addi 1, 0, 32;
    %store/vec4 v0x602ebb401570_0, 0, 32;
    %jmp T_11.585;
T_11.586 ;
    %pushi/vec4 4281335955, 0, 32;
    %ix/load 4, 0, 0;
    %flag_set/imm 4, 0;
    %store/vec4a v0x602ebb3fcd50, 4, 0;
    %pushi/vec4 4277141779, 0, 32;
    %ix/load 4, 1, 0;
    %flag_set/imm 4, 0;
    %store/vec4a v0x602ebb3fcd50, 4, 0;
    %pushi/vec4 4281336211, 0, 32;
    %ix/load 4, 2, 0;
    %flag_set/imm 4, 0;
    %store/vec4a v0x602ebb3fcd50, 4, 0;
    %pushi/vec4 4281336339, 0, 32;
    %ix/load 4, 3, 0;
    %flag_set/imm 4, 0;
    %store/vec4a v0x602ebb3fcd50, 4, 0;
    %pushi/vec4 1, 0, 1;
    %store/vec4 v0x602ebb401650_0, 0, 1;
    %fork TD_tb.tick, S_0x602ebb400e60;
    %join;
    %pushi/vec4 0, 0, 1;
    %store/vec4 v0x602ebb401650_0, 0, 1;
    %pushi/vec4 0, 0, 32;
    %store/vec4 v0x602ebb401210_0, 0, 32;
T_11.587 ;
    %load/vec4 v0x602ebb4012d0_0;
    %nor/r;
    %flag_set/vec4 9;
    %flag_get/vec4 9;
    %jmp/0 T_11.589, 9;
    %load/vec4 v0x602ebb401210_0;
    %cmpi/s 5000, 0, 32;
    %flag_get/vec4 5;
    %and;
T_11.589;
    %flag_set/vec4 8;
    %jmp/0xz T_11.588, 8;
    %fork TD_tb.tick, S_0x602ebb400e60;
    %join;
    %jmp T_11.587;
T_11.588 ;
    %vpi_call/w 5 1394 "$display", "BATCH_RESULT idx=117 prediction=%0d cycles=%0d halted=%0d", &A<v0x602ebb3fe380, 31>, v0x602ebb401210_0, v0x602ebb4012d0_0 {0 0 0};
    %pushi/vec4 0, 0, 32;
    %store/vec4 v0x602ebb401570_0, 0, 32;
T_11.590 ;
    %load/vec4 v0x602ebb401570_0;
    %cmpi/s 32, 0, 32;
    %jmp/0xz T_11.591, 5;
    %pushi/vec4 0, 0, 32;
    %ix/getv/s 4, v0x602ebb401570_0;
    %store/vec4a v0x602ebb3fe380, 4, 0;
    %load/vec4 v0x602ebb401570_0;
    %addi 1, 0, 32;
    %store/vec4 v0x602ebb401570_0, 0, 32;
    %jmp T_11.590;
T_11.591 ;
    %pushi/vec4 4285530259, 0, 32;
    %ix/load 4, 0, 0;
    %flag_set/imm 4, 0;
    %store/vec4a v0x602ebb3fcd50, 4, 0;
    %pushi/vec4 5243155, 0, 32;
    %ix/load 4, 1, 0;
    %flag_set/imm 4, 0;
    %store/vec4a v0x602ebb3fcd50, 4, 0;
    %pushi/vec4 4284481939, 0, 32;
    %ix/load 4, 2, 0;
    %flag_set/imm 4, 0;
    %store/vec4a v0x602ebb3fcd50, 4, 0;
    %pushi/vec4 4284482067, 0, 32;
    %ix/load 4, 3, 0;
    %flag_set/imm 4, 0;
    %store/vec4a v0x602ebb3fcd50, 4, 0;
    %pushi/vec4 1, 0, 1;
    %store/vec4 v0x602ebb401650_0, 0, 1;
    %fork TD_tb.tick, S_0x602ebb400e60;
    %join;
    %pushi/vec4 0, 0, 1;
    %store/vec4 v0x602ebb401650_0, 0, 1;
    %pushi/vec4 0, 0, 32;
    %store/vec4 v0x602ebb401210_0, 0, 32;
T_11.592 ;
    %load/vec4 v0x602ebb4012d0_0;
    %nor/r;
    %flag_set/vec4 9;
    %flag_get/vec4 9;
    %jmp/0 T_11.594, 9;
    %load/vec4 v0x602ebb401210_0;
    %cmpi/s 5000, 0, 32;
    %flag_get/vec4 5;
    %and;
T_11.594;
    %flag_set/vec4 8;
    %jmp/0xz T_11.593, 8;
    %fork TD_tb.tick, S_0x602ebb400e60;
    %join;
    %jmp T_11.592;
T_11.593 ;
    %vpi_call/w 5 1403 "$display", "BATCH_RESULT idx=118 prediction=%0d cycles=%0d halted=%0d", &A<v0x602ebb3fe380, 31>, v0x602ebb401210_0, v0x602ebb4012d0_0 {0 0 0};
    %pushi/vec4 0, 0, 32;
    %store/vec4 v0x602ebb401570_0, 0, 32;
T_11.595 ;
    %load/vec4 v0x602ebb401570_0;
    %cmpi/s 32, 0, 32;
    %jmp/0xz T_11.596, 5;
    %pushi/vec4 0, 0, 32;
    %ix/getv/s 4, v0x602ebb401570_0;
    %store/vec4a v0x602ebb3fe380, 4, 0;
    %load/vec4 v0x602ebb401570_0;
    %addi 1, 0, 32;
    %store/vec4 v0x602ebb401570_0, 0, 32;
    %jmp T_11.595;
T_11.596 ;
    %pushi/vec4 4288675987, 0, 32;
    %ix/load 4, 0, 0;
    %flag_set/imm 4, 0;
    %store/vec4a v0x602ebb3fcd50, 4, 0;
    %pushi/vec4 4281336083, 0, 32;
    %ix/load 4, 1, 0;
    %flag_set/imm 4, 0;
    %store/vec4a v0x602ebb3fcd50, 4, 0;
    %pushi/vec4 4289724819, 0, 32;
    %ix/load 4, 2, 0;
    %flag_set/imm 4, 0;
    %store/vec4a v0x602ebb3fcd50, 4, 0;
    %pushi/vec4 4287627795, 0, 32;
    %ix/load 4, 3, 0;
    %flag_set/imm 4, 0;
    %store/vec4a v0x602ebb3fcd50, 4, 0;
    %pushi/vec4 1, 0, 1;
    %store/vec4 v0x602ebb401650_0, 0, 1;
    %fork TD_tb.tick, S_0x602ebb400e60;
    %join;
    %pushi/vec4 0, 0, 1;
    %store/vec4 v0x602ebb401650_0, 0, 1;
    %pushi/vec4 0, 0, 32;
    %store/vec4 v0x602ebb401210_0, 0, 32;
T_11.597 ;
    %load/vec4 v0x602ebb4012d0_0;
    %nor/r;
    %flag_set/vec4 9;
    %flag_get/vec4 9;
    %jmp/0 T_11.599, 9;
    %load/vec4 v0x602ebb401210_0;
    %cmpi/s 5000, 0, 32;
    %flag_get/vec4 5;
    %and;
T_11.599;
    %flag_set/vec4 8;
    %jmp/0xz T_11.598, 8;
    %fork TD_tb.tick, S_0x602ebb400e60;
    %join;
    %jmp T_11.597;
T_11.598 ;
    %vpi_call/w 5 1412 "$display", "BATCH_RESULT idx=119 prediction=%0d cycles=%0d halted=%0d", &A<v0x602ebb3fe380, 31>, v0x602ebb401210_0, v0x602ebb4012d0_0 {0 0 0};
    %pushi/vec4 0, 0, 32;
    %store/vec4 v0x602ebb401570_0, 0, 32;
T_11.600 ;
    %load/vec4 v0x602ebb401570_0;
    %cmpi/s 32, 0, 32;
    %jmp/0xz T_11.601, 5;
    %pushi/vec4 0, 0, 32;
    %ix/getv/s 4, v0x602ebb401570_0;
    %store/vec4a v0x602ebb3fe380, 4, 0;
    %load/vec4 v0x602ebb401570_0;
    %addi 1, 0, 32;
    %store/vec4 v0x602ebb401570_0, 0, 32;
    %jmp T_11.600;
T_11.601 ;
    %pushi/vec4 4272947347, 0, 32;
    %ix/load 4, 0, 0;
    %flag_set/imm 4, 0;
    %store/vec4a v0x602ebb3fcd50, 4, 0;
    %pushi/vec4 275, 0, 32;
    %ix/load 4, 1, 0;
    %flag_set/imm 4, 0;
    %store/vec4a v0x602ebb3fcd50, 4, 0;
    %pushi/vec4 4272947603, 0, 32;
    %ix/load 4, 2, 0;
    %flag_set/imm 4, 0;
    %store/vec4a v0x602ebb3fcd50, 4, 0;
    %pushi/vec4 4276093459, 0, 32;
    %ix/load 4, 3, 0;
    %flag_set/imm 4, 0;
    %store/vec4a v0x602ebb3fcd50, 4, 0;
    %pushi/vec4 1, 0, 1;
    %store/vec4 v0x602ebb401650_0, 0, 1;
    %fork TD_tb.tick, S_0x602ebb400e60;
    %join;
    %pushi/vec4 0, 0, 1;
    %store/vec4 v0x602ebb401650_0, 0, 1;
    %pushi/vec4 0, 0, 32;
    %store/vec4 v0x602ebb401210_0, 0, 32;
T_11.602 ;
    %load/vec4 v0x602ebb4012d0_0;
    %nor/r;
    %flag_set/vec4 9;
    %flag_get/vec4 9;
    %jmp/0 T_11.604, 9;
    %load/vec4 v0x602ebb401210_0;
    %cmpi/s 5000, 0, 32;
    %flag_get/vec4 5;
    %and;
T_11.604;
    %flag_set/vec4 8;
    %jmp/0xz T_11.603, 8;
    %fork TD_tb.tick, S_0x602ebb400e60;
    %join;
    %jmp T_11.602;
T_11.603 ;
    %vpi_call/w 5 1421 "$display", "BATCH_RESULT idx=120 prediction=%0d cycles=%0d halted=%0d", &A<v0x602ebb3fe380, 31>, v0x602ebb401210_0, v0x602ebb4012d0_0 {0 0 0};
    %pushi/vec4 0, 0, 32;
    %store/vec4 v0x602ebb401570_0, 0, 32;
T_11.605 ;
    %load/vec4 v0x602ebb401570_0;
    %cmpi/s 32, 0, 32;
    %jmp/0xz T_11.606, 5;
    %pushi/vec4 0, 0, 32;
    %ix/getv/s 4, v0x602ebb401570_0;
    %store/vec4a v0x602ebb3fe380, 4, 0;
    %load/vec4 v0x602ebb401570_0;
    %addi 1, 0, 32;
    %store/vec4 v0x602ebb401570_0, 0, 32;
    %jmp T_11.605;
T_11.606 ;
    %pushi/vec4 4288675987, 0, 32;
    %ix/load 4, 0, 0;
    %flag_set/imm 4, 0;
    %store/vec4a v0x602ebb3fcd50, 4, 0;
    %pushi/vec4 4280287507, 0, 32;
    %ix/load 4, 1, 0;
    %flag_set/imm 4, 0;
    %store/vec4a v0x602ebb3fcd50, 4, 0;
    %pushi/vec4 4289724819, 0, 32;
    %ix/load 4, 2, 0;
    %flag_set/imm 4, 0;
    %store/vec4a v0x602ebb3fcd50, 4, 0;
    %pushi/vec4 4287627795, 0, 32;
    %ix/load 4, 3, 0;
    %flag_set/imm 4, 0;
    %store/vec4a v0x602ebb3fcd50, 4, 0;
    %pushi/vec4 1, 0, 1;
    %store/vec4 v0x602ebb401650_0, 0, 1;
    %fork TD_tb.tick, S_0x602ebb400e60;
    %join;
    %pushi/vec4 0, 0, 1;
    %store/vec4 v0x602ebb401650_0, 0, 1;
    %pushi/vec4 0, 0, 32;
    %store/vec4 v0x602ebb401210_0, 0, 32;
T_11.607 ;
    %load/vec4 v0x602ebb4012d0_0;
    %nor/r;
    %flag_set/vec4 9;
    %flag_get/vec4 9;
    %jmp/0 T_11.609, 9;
    %load/vec4 v0x602ebb401210_0;
    %cmpi/s 5000, 0, 32;
    %flag_get/vec4 5;
    %and;
T_11.609;
    %flag_set/vec4 8;
    %jmp/0xz T_11.608, 8;
    %fork TD_tb.tick, S_0x602ebb400e60;
    %join;
    %jmp T_11.607;
T_11.608 ;
    %vpi_call/w 5 1430 "$display", "BATCH_RESULT idx=121 prediction=%0d cycles=%0d halted=%0d", &A<v0x602ebb3fe380, 31>, v0x602ebb401210_0, v0x602ebb4012d0_0 {0 0 0};
    %pushi/vec4 0, 0, 32;
    %store/vec4 v0x602ebb401570_0, 0, 32;
T_11.610 ;
    %load/vec4 v0x602ebb401570_0;
    %cmpi/s 32, 0, 32;
    %jmp/0xz T_11.611, 5;
    %pushi/vec4 0, 0, 32;
    %ix/getv/s 4, v0x602ebb401570_0;
    %store/vec4a v0x602ebb3fe380, 4, 0;
    %load/vec4 v0x602ebb401570_0;
    %addi 1, 0, 32;
    %store/vec4 v0x602ebb401570_0, 0, 32;
    %jmp T_11.610;
T_11.611 ;
    %pushi/vec4 4194451, 0, 32;
    %ix/load 4, 0, 0;
    %flag_set/imm 4, 0;
    %store/vec4a v0x602ebb3fcd50, 4, 0;
    %pushi/vec4 25166099, 0, 32;
    %ix/load 4, 1, 0;
    %flag_set/imm 4, 0;
    %store/vec4a v0x602ebb3fcd50, 4, 0;
    %pushi/vec4 3146131, 0, 32;
    %ix/load 4, 2, 0;
    %flag_set/imm 4, 0;
    %store/vec4a v0x602ebb3fcd50, 4, 0;
    %pushi/vec4 2097683, 0, 32;
    %ix/load 4, 3, 0;
    %flag_set/imm 4, 0;
    %store/vec4a v0x602ebb3fcd50, 4, 0;
    %pushi/vec4 1, 0, 1;
    %store/vec4 v0x602ebb401650_0, 0, 1;
    %fork TD_tb.tick, S_0x602ebb400e60;
    %join;
    %pushi/vec4 0, 0, 1;
    %store/vec4 v0x602ebb401650_0, 0, 1;
    %pushi/vec4 0, 0, 32;
    %store/vec4 v0x602ebb401210_0, 0, 32;
T_11.612 ;
    %load/vec4 v0x602ebb4012d0_0;
    %nor/r;
    %flag_set/vec4 9;
    %flag_get/vec4 9;
    %jmp/0 T_11.614, 9;
    %load/vec4 v0x602ebb401210_0;
    %cmpi/s 5000, 0, 32;
    %flag_get/vec4 5;
    %and;
T_11.614;
    %flag_set/vec4 8;
    %jmp/0xz T_11.613, 8;
    %fork TD_tb.tick, S_0x602ebb400e60;
    %join;
    %jmp T_11.612;
T_11.613 ;
    %vpi_call/w 5 1439 "$display", "BATCH_RESULT idx=122 prediction=%0d cycles=%0d halted=%0d", &A<v0x602ebb3fe380, 31>, v0x602ebb401210_0, v0x602ebb4012d0_0 {0 0 0};
    %pushi/vec4 0, 0, 32;
    %store/vec4 v0x602ebb401570_0, 0, 32;
T_11.615 ;
    %load/vec4 v0x602ebb401570_0;
    %cmpi/s 32, 0, 32;
    %jmp/0xz T_11.616, 5;
    %pushi/vec4 0, 0, 32;
    %ix/getv/s 4, v0x602ebb401570_0;
    %store/vec4a v0x602ebb3fe380, 4, 0;
    %load/vec4 v0x602ebb401570_0;
    %addi 1, 0, 32;
    %store/vec4 v0x602ebb401570_0, 0, 32;
    %jmp T_11.615;
T_11.616 ;
    %pushi/vec4 4271898771, 0, 32;
    %ix/load 4, 0, 0;
    %flag_set/imm 4, 0;
    %store/vec4a v0x602ebb3fcd50, 4, 0;
    %pushi/vec4 4290773267, 0, 32;
    %ix/load 4, 1, 0;
    %flag_set/imm 4, 0;
    %store/vec4a v0x602ebb3fcd50, 4, 0;
    %pushi/vec4 4270850451, 0, 32;
    %ix/load 4, 2, 0;
    %flag_set/imm 4, 0;
    %store/vec4a v0x602ebb3fcd50, 4, 0;
    %pushi/vec4 4275044883, 0, 32;
    %ix/load 4, 3, 0;
    %flag_set/imm 4, 0;
    %store/vec4a v0x602ebb3fcd50, 4, 0;
    %pushi/vec4 1, 0, 1;
    %store/vec4 v0x602ebb401650_0, 0, 1;
    %fork TD_tb.tick, S_0x602ebb400e60;
    %join;
    %pushi/vec4 0, 0, 1;
    %store/vec4 v0x602ebb401650_0, 0, 1;
    %pushi/vec4 0, 0, 32;
    %store/vec4 v0x602ebb401210_0, 0, 32;
T_11.617 ;
    %load/vec4 v0x602ebb4012d0_0;
    %nor/r;
    %flag_set/vec4 9;
    %flag_get/vec4 9;
    %jmp/0 T_11.619, 9;
    %load/vec4 v0x602ebb401210_0;
    %cmpi/s 5000, 0, 32;
    %flag_get/vec4 5;
    %and;
T_11.619;
    %flag_set/vec4 8;
    %jmp/0xz T_11.618, 8;
    %fork TD_tb.tick, S_0x602ebb400e60;
    %join;
    %jmp T_11.617;
T_11.618 ;
    %vpi_call/w 5 1448 "$display", "BATCH_RESULT idx=123 prediction=%0d cycles=%0d halted=%0d", &A<v0x602ebb3fe380, 31>, v0x602ebb401210_0, v0x602ebb4012d0_0 {0 0 0};
    %pushi/vec4 0, 0, 32;
    %store/vec4 v0x602ebb401570_0, 0, 32;
T_11.620 ;
    %load/vec4 v0x602ebb401570_0;
    %cmpi/s 32, 0, 32;
    %jmp/0xz T_11.621, 5;
    %pushi/vec4 0, 0, 32;
    %ix/getv/s 4, v0x602ebb401570_0;
    %store/vec4a v0x602ebb3fe380, 4, 0;
    %load/vec4 v0x602ebb401570_0;
    %addi 1, 0, 32;
    %store/vec4 v0x602ebb401570_0, 0, 32;
    %jmp T_11.620;
T_11.621 ;
    %pushi/vec4 4281335955, 0, 32;
    %ix/load 4, 0, 0;
    %flag_set/imm 4, 0;
    %store/vec4a v0x602ebb3fcd50, 4, 0;
    %pushi/vec4 4277141779, 0, 32;
    %ix/load 4, 1, 0;
    %flag_set/imm 4, 0;
    %store/vec4a v0x602ebb3fcd50, 4, 0;
    %pushi/vec4 4281336211, 0, 32;
    %ix/load 4, 2, 0;
    %flag_set/imm 4, 0;
    %store/vec4a v0x602ebb3fcd50, 4, 0;
    %pushi/vec4 4282384915, 0, 32;
    %ix/load 4, 3, 0;
    %flag_set/imm 4, 0;
    %store/vec4a v0x602ebb3fcd50, 4, 0;
    %pushi/vec4 1, 0, 1;
    %store/vec4 v0x602ebb401650_0, 0, 1;
    %fork TD_tb.tick, S_0x602ebb400e60;
    %join;
    %pushi/vec4 0, 0, 1;
    %store/vec4 v0x602ebb401650_0, 0, 1;
    %pushi/vec4 0, 0, 32;
    %store/vec4 v0x602ebb401210_0, 0, 32;
T_11.622 ;
    %load/vec4 v0x602ebb4012d0_0;
    %nor/r;
    %flag_set/vec4 9;
    %flag_get/vec4 9;
    %jmp/0 T_11.624, 9;
    %load/vec4 v0x602ebb401210_0;
    %cmpi/s 5000, 0, 32;
    %flag_get/vec4 5;
    %and;
T_11.624;
    %flag_set/vec4 8;
    %jmp/0xz T_11.623, 8;
    %fork TD_tb.tick, S_0x602ebb400e60;
    %join;
    %jmp T_11.622;
T_11.623 ;
    %vpi_call/w 5 1457 "$display", "BATCH_RESULT idx=124 prediction=%0d cycles=%0d halted=%0d", &A<v0x602ebb3fe380, 31>, v0x602ebb401210_0, v0x602ebb4012d0_0 {0 0 0};
    %pushi/vec4 0, 0, 32;
    %store/vec4 v0x602ebb401570_0, 0, 32;
T_11.625 ;
    %load/vec4 v0x602ebb401570_0;
    %cmpi/s 32, 0, 32;
    %jmp/0xz T_11.626, 5;
    %pushi/vec4 0, 0, 32;
    %ix/getv/s 4, v0x602ebb401570_0;
    %store/vec4a v0x602ebb3fe380, 4, 0;
    %load/vec4 v0x602ebb401570_0;
    %addi 1, 0, 32;
    %store/vec4 v0x602ebb401570_0, 0, 32;
    %jmp T_11.625;
T_11.626 ;
    %pushi/vec4 4282384531, 0, 32;
    %ix/load 4, 0, 0;
    %flag_set/imm 4, 0;
    %store/vec4a v0x602ebb3fcd50, 4, 0;
    %pushi/vec4 20971795, 0, 32;
    %ix/load 4, 1, 0;
    %flag_set/imm 4, 0;
    %store/vec4a v0x602ebb3fcd50, 4, 0;
    %pushi/vec4 4281336211, 0, 32;
    %ix/load 4, 2, 0;
    %flag_set/imm 4, 0;
    %store/vec4a v0x602ebb3fcd50, 4, 0;
    %pushi/vec4 4282384915, 0, 32;
    %ix/load 4, 3, 0;
    %flag_set/imm 4, 0;
    %store/vec4a v0x602ebb3fcd50, 4, 0;
    %pushi/vec4 1, 0, 1;
    %store/vec4 v0x602ebb401650_0, 0, 1;
    %fork TD_tb.tick, S_0x602ebb400e60;
    %join;
    %pushi/vec4 0, 0, 1;
    %store/vec4 v0x602ebb401650_0, 0, 1;
    %pushi/vec4 0, 0, 32;
    %store/vec4 v0x602ebb401210_0, 0, 32;
T_11.627 ;
    %load/vec4 v0x602ebb4012d0_0;
    %nor/r;
    %flag_set/vec4 9;
    %flag_get/vec4 9;
    %jmp/0 T_11.629, 9;
    %load/vec4 v0x602ebb401210_0;
    %cmpi/s 5000, 0, 32;
    %flag_get/vec4 5;
    %and;
T_11.629;
    %flag_set/vec4 8;
    %jmp/0xz T_11.628, 8;
    %fork TD_tb.tick, S_0x602ebb400e60;
    %join;
    %jmp T_11.627;
T_11.628 ;
    %vpi_call/w 5 1466 "$display", "BATCH_RESULT idx=125 prediction=%0d cycles=%0d halted=%0d", &A<v0x602ebb3fe380, 31>, v0x602ebb401210_0, v0x602ebb4012d0_0 {0 0 0};
    %pushi/vec4 0, 0, 32;
    %store/vec4 v0x602ebb401570_0, 0, 32;
T_11.630 ;
    %load/vec4 v0x602ebb401570_0;
    %cmpi/s 32, 0, 32;
    %jmp/0xz T_11.631, 5;
    %pushi/vec4 0, 0, 32;
    %ix/getv/s 4, v0x602ebb401570_0;
    %store/vec4a v0x602ebb3fe380, 4, 0;
    %load/vec4 v0x602ebb401570_0;
    %addi 1, 0, 32;
    %store/vec4 v0x602ebb401570_0, 0, 32;
    %jmp T_11.630;
T_11.631 ;
    %pushi/vec4 3145875, 0, 32;
    %ix/load 4, 0, 0;
    %flag_set/imm 4, 0;
    %store/vec4a v0x602ebb3fcd50, 4, 0;
    %pushi/vec4 4272947475, 0, 32;
    %ix/load 4, 1, 0;
    %flag_set/imm 4, 0;
    %store/vec4a v0x602ebb3fcd50, 4, 0;
    %pushi/vec4 2097555, 0, 32;
    %ix/load 4, 2, 0;
    %flag_set/imm 4, 0;
    %store/vec4a v0x602ebb3fcd50, 4, 0;
    %pushi/vec4 531, 0, 32;
    %ix/load 4, 3, 0;
    %flag_set/imm 4, 0;
    %store/vec4a v0x602ebb3fcd50, 4, 0;
    %pushi/vec4 1, 0, 1;
    %store/vec4 v0x602ebb401650_0, 0, 1;
    %fork TD_tb.tick, S_0x602ebb400e60;
    %join;
    %pushi/vec4 0, 0, 1;
    %store/vec4 v0x602ebb401650_0, 0, 1;
    %pushi/vec4 0, 0, 32;
    %store/vec4 v0x602ebb401210_0, 0, 32;
T_11.632 ;
    %load/vec4 v0x602ebb4012d0_0;
    %nor/r;
    %flag_set/vec4 9;
    %flag_get/vec4 9;
    %jmp/0 T_11.634, 9;
    %load/vec4 v0x602ebb401210_0;
    %cmpi/s 5000, 0, 32;
    %flag_get/vec4 5;
    %and;
T_11.634;
    %flag_set/vec4 8;
    %jmp/0xz T_11.633, 8;
    %fork TD_tb.tick, S_0x602ebb400e60;
    %join;
    %jmp T_11.632;
T_11.633 ;
    %vpi_call/w 5 1475 "$display", "BATCH_RESULT idx=126 prediction=%0d cycles=%0d halted=%0d", &A<v0x602ebb3fe380, 31>, v0x602ebb401210_0, v0x602ebb4012d0_0 {0 0 0};
    %pushi/vec4 0, 0, 32;
    %store/vec4 v0x602ebb401570_0, 0, 32;
T_11.635 ;
    %load/vec4 v0x602ebb401570_0;
    %cmpi/s 32, 0, 32;
    %jmp/0xz T_11.636, 5;
    %pushi/vec4 0, 0, 32;
    %ix/getv/s 4, v0x602ebb401570_0;
    %store/vec4a v0x602ebb3fe380, 4, 0;
    %load/vec4 v0x602ebb401570_0;
    %addi 1, 0, 32;
    %store/vec4 v0x602ebb401570_0, 0, 32;
    %jmp T_11.635;
T_11.636 ;
    %pushi/vec4 4282384531, 0, 32;
    %ix/load 4, 0, 0;
    %flag_set/imm 4, 0;
    %store/vec4a v0x602ebb3fcd50, 4, 0;
    %pushi/vec4 3146003, 0, 32;
    %ix/load 4, 1, 0;
    %flag_set/imm 4, 0;
    %store/vec4a v0x602ebb3fcd50, 4, 0;
    %pushi/vec4 4283433363, 0, 32;
    %ix/load 4, 2, 0;
    %flag_set/imm 4, 0;
    %store/vec4a v0x602ebb3fcd50, 4, 0;
    %pushi/vec4 4282384915, 0, 32;
    %ix/load 4, 3, 0;
    %flag_set/imm 4, 0;
    %store/vec4a v0x602ebb3fcd50, 4, 0;
    %pushi/vec4 1, 0, 1;
    %store/vec4 v0x602ebb401650_0, 0, 1;
    %fork TD_tb.tick, S_0x602ebb400e60;
    %join;
    %pushi/vec4 0, 0, 1;
    %store/vec4 v0x602ebb401650_0, 0, 1;
    %pushi/vec4 0, 0, 32;
    %store/vec4 v0x602ebb401210_0, 0, 32;
T_11.637 ;
    %load/vec4 v0x602ebb4012d0_0;
    %nor/r;
    %flag_set/vec4 9;
    %flag_get/vec4 9;
    %jmp/0 T_11.639, 9;
    %load/vec4 v0x602ebb401210_0;
    %cmpi/s 5000, 0, 32;
    %flag_get/vec4 5;
    %and;
T_11.639;
    %flag_set/vec4 8;
    %jmp/0xz T_11.638, 8;
    %fork TD_tb.tick, S_0x602ebb400e60;
    %join;
    %jmp T_11.637;
T_11.638 ;
    %vpi_call/w 5 1484 "$display", "BATCH_RESULT idx=127 prediction=%0d cycles=%0d halted=%0d", &A<v0x602ebb3fe380, 31>, v0x602ebb401210_0, v0x602ebb4012d0_0 {0 0 0};
    %pushi/vec4 0, 0, 32;
    %store/vec4 v0x602ebb401570_0, 0, 32;
T_11.640 ;
    %load/vec4 v0x602ebb401570_0;
    %cmpi/s 32, 0, 32;
    %jmp/0xz T_11.641, 5;
    %pushi/vec4 0, 0, 32;
    %ix/getv/s 4, v0x602ebb401570_0;
    %store/vec4a v0x602ebb3fe380, 4, 0;
    %load/vec4 v0x602ebb401570_0;
    %addi 1, 0, 32;
    %store/vec4 v0x602ebb401570_0, 0, 32;
    %jmp T_11.640;
T_11.641 ;
    %pushi/vec4 6291603, 0, 32;
    %ix/load 4, 0, 0;
    %flag_set/imm 4, 0;
    %store/vec4a v0x602ebb3fcd50, 4, 0;
    %pushi/vec4 4269801747, 0, 32;
    %ix/load 4, 1, 0;
    %flag_set/imm 4, 0;
    %store/vec4a v0x602ebb3fcd50, 4, 0;
    %pushi/vec4 5243283, 0, 32;
    %ix/load 4, 2, 0;
    %flag_set/imm 4, 0;
    %store/vec4a v0x602ebb3fcd50, 4, 0;
    %pushi/vec4 4194835, 0, 32;
    %ix/load 4, 3, 0;
    %flag_set/imm 4, 0;
    %store/vec4a v0x602ebb3fcd50, 4, 0;
    %pushi/vec4 1, 0, 1;
    %store/vec4 v0x602ebb401650_0, 0, 1;
    %fork TD_tb.tick, S_0x602ebb400e60;
    %join;
    %pushi/vec4 0, 0, 1;
    %store/vec4 v0x602ebb401650_0, 0, 1;
    %pushi/vec4 0, 0, 32;
    %store/vec4 v0x602ebb401210_0, 0, 32;
T_11.642 ;
    %load/vec4 v0x602ebb4012d0_0;
    %nor/r;
    %flag_set/vec4 9;
    %flag_get/vec4 9;
    %jmp/0 T_11.644, 9;
    %load/vec4 v0x602ebb401210_0;
    %cmpi/s 5000, 0, 32;
    %flag_get/vec4 5;
    %and;
T_11.644;
    %flag_set/vec4 8;
    %jmp/0xz T_11.643, 8;
    %fork TD_tb.tick, S_0x602ebb400e60;
    %join;
    %jmp T_11.642;
T_11.643 ;
    %vpi_call/w 5 1493 "$display", "BATCH_RESULT idx=128 prediction=%0d cycles=%0d halted=%0d", &A<v0x602ebb3fe380, 31>, v0x602ebb401210_0, v0x602ebb4012d0_0 {0 0 0};
    %pushi/vec4 0, 0, 32;
    %store/vec4 v0x602ebb401570_0, 0, 32;
T_11.645 ;
    %load/vec4 v0x602ebb401570_0;
    %cmpi/s 32, 0, 32;
    %jmp/0xz T_11.646, 5;
    %pushi/vec4 0, 0, 32;
    %ix/getv/s 4, v0x602ebb401570_0;
    %store/vec4a v0x602ebb3fe380, 4, 0;
    %load/vec4 v0x602ebb401570_0;
    %addi 1, 0, 32;
    %store/vec4 v0x602ebb401570_0, 0, 32;
    %jmp T_11.645;
T_11.646 ;
    %pushi/vec4 4285530259, 0, 32;
    %ix/load 4, 0, 0;
    %flag_set/imm 4, 0;
    %store/vec4a v0x602ebb3fcd50, 4, 0;
    %pushi/vec4 4289724691, 0, 32;
    %ix/load 4, 1, 0;
    %flag_set/imm 4, 0;
    %store/vec4a v0x602ebb3fcd50, 4, 0;
    %pushi/vec4 4284481939, 0, 32;
    %ix/load 4, 2, 0;
    %flag_set/imm 4, 0;
    %store/vec4a v0x602ebb3fcd50, 4, 0;
    %pushi/vec4 4284482067, 0, 32;
    %ix/load 4, 3, 0;
    %flag_set/imm 4, 0;
    %store/vec4a v0x602ebb3fcd50, 4, 0;
    %pushi/vec4 1, 0, 1;
    %store/vec4 v0x602ebb401650_0, 0, 1;
    %fork TD_tb.tick, S_0x602ebb400e60;
    %join;
    %pushi/vec4 0, 0, 1;
    %store/vec4 v0x602ebb401650_0, 0, 1;
    %pushi/vec4 0, 0, 32;
    %store/vec4 v0x602ebb401210_0, 0, 32;
T_11.647 ;
    %load/vec4 v0x602ebb4012d0_0;
    %nor/r;
    %flag_set/vec4 9;
    %flag_get/vec4 9;
    %jmp/0 T_11.649, 9;
    %load/vec4 v0x602ebb401210_0;
    %cmpi/s 5000, 0, 32;
    %flag_get/vec4 5;
    %and;
T_11.649;
    %flag_set/vec4 8;
    %jmp/0xz T_11.648, 8;
    %fork TD_tb.tick, S_0x602ebb400e60;
    %join;
    %jmp T_11.647;
T_11.648 ;
    %vpi_call/w 5 1502 "$display", "BATCH_RESULT idx=129 prediction=%0d cycles=%0d halted=%0d", &A<v0x602ebb3fe380, 31>, v0x602ebb401210_0, v0x602ebb4012d0_0 {0 0 0};
    %pushi/vec4 0, 0, 32;
    %store/vec4 v0x602ebb401570_0, 0, 32;
T_11.650 ;
    %load/vec4 v0x602ebb401570_0;
    %cmpi/s 32, 0, 32;
    %jmp/0xz T_11.651, 5;
    %pushi/vec4 0, 0, 32;
    %ix/getv/s 4, v0x602ebb401570_0;
    %store/vec4a v0x602ebb3fe380, 4, 0;
    %load/vec4 v0x602ebb401570_0;
    %addi 1, 0, 32;
    %store/vec4 v0x602ebb401570_0, 0, 32;
    %jmp T_11.650;
T_11.651 ;
    %pushi/vec4 4287627411, 0, 32;
    %ix/load 4, 0, 0;
    %flag_set/imm 4, 0;
    %store/vec4a v0x602ebb3fcd50, 4, 0;
    %pushi/vec4 4271898899, 0, 32;
    %ix/load 4, 1, 0;
    %flag_set/imm 4, 0;
    %store/vec4a v0x602ebb3fcd50, 4, 0;
    %pushi/vec4 4287627667, 0, 32;
    %ix/load 4, 2, 0;
    %flag_set/imm 4, 0;
    %store/vec4a v0x602ebb3fcd50, 4, 0;
    %pushi/vec4 4286579219, 0, 32;
    %ix/load 4, 3, 0;
    %flag_set/imm 4, 0;
    %store/vec4a v0x602ebb3fcd50, 4, 0;
    %pushi/vec4 1, 0, 1;
    %store/vec4 v0x602ebb401650_0, 0, 1;
    %fork TD_tb.tick, S_0x602ebb400e60;
    %join;
    %pushi/vec4 0, 0, 1;
    %store/vec4 v0x602ebb401650_0, 0, 1;
    %pushi/vec4 0, 0, 32;
    %store/vec4 v0x602ebb401210_0, 0, 32;
T_11.652 ;
    %load/vec4 v0x602ebb4012d0_0;
    %nor/r;
    %flag_set/vec4 9;
    %flag_get/vec4 9;
    %jmp/0 T_11.654, 9;
    %load/vec4 v0x602ebb401210_0;
    %cmpi/s 5000, 0, 32;
    %flag_get/vec4 5;
    %and;
T_11.654;
    %flag_set/vec4 8;
    %jmp/0xz T_11.653, 8;
    %fork TD_tb.tick, S_0x602ebb400e60;
    %join;
    %jmp T_11.652;
T_11.653 ;
    %vpi_call/w 5 1511 "$display", "BATCH_RESULT idx=130 prediction=%0d cycles=%0d halted=%0d", &A<v0x602ebb3fe380, 31>, v0x602ebb401210_0, v0x602ebb4012d0_0 {0 0 0};
    %pushi/vec4 0, 0, 32;
    %store/vec4 v0x602ebb401570_0, 0, 32;
T_11.655 ;
    %load/vec4 v0x602ebb401570_0;
    %cmpi/s 32, 0, 32;
    %jmp/0xz T_11.656, 5;
    %pushi/vec4 0, 0, 32;
    %ix/getv/s 4, v0x602ebb401570_0;
    %store/vec4a v0x602ebb3fe380, 4, 0;
    %load/vec4 v0x602ebb401570_0;
    %addi 1, 0, 32;
    %store/vec4 v0x602ebb401570_0, 0, 32;
    %jmp T_11.655;
T_11.656 ;
    %pushi/vec4 4279238803, 0, 32;
    %ix/load 4, 0, 0;
    %flag_set/imm 4, 0;
    %store/vec4a v0x602ebb3fcd50, 4, 0;
    %pushi/vec4 4283433235, 0, 32;
    %ix/load 4, 1, 0;
    %flag_set/imm 4, 0;
    %store/vec4a v0x602ebb3fcd50, 4, 0;
    %pushi/vec4 4278190483, 0, 32;
    %ix/load 4, 2, 0;
    %flag_set/imm 4, 0;
    %store/vec4a v0x602ebb3fcd50, 4, 0;
    %pushi/vec4 4280287763, 0, 32;
    %ix/load 4, 3, 0;
    %flag_set/imm 4, 0;
    %store/vec4a v0x602ebb3fcd50, 4, 0;
    %pushi/vec4 1, 0, 1;
    %store/vec4 v0x602ebb401650_0, 0, 1;
    %fork TD_tb.tick, S_0x602ebb400e60;
    %join;
    %pushi/vec4 0, 0, 1;
    %store/vec4 v0x602ebb401650_0, 0, 1;
    %pushi/vec4 0, 0, 32;
    %store/vec4 v0x602ebb401210_0, 0, 32;
T_11.657 ;
    %load/vec4 v0x602ebb4012d0_0;
    %nor/r;
    %flag_set/vec4 9;
    %flag_get/vec4 9;
    %jmp/0 T_11.659, 9;
    %load/vec4 v0x602ebb401210_0;
    %cmpi/s 5000, 0, 32;
    %flag_get/vec4 5;
    %and;
T_11.659;
    %flag_set/vec4 8;
    %jmp/0xz T_11.658, 8;
    %fork TD_tb.tick, S_0x602ebb400e60;
    %join;
    %jmp T_11.657;
T_11.658 ;
    %vpi_call/w 5 1520 "$display", "BATCH_RESULT idx=131 prediction=%0d cycles=%0d halted=%0d", &A<v0x602ebb3fe380, 31>, v0x602ebb401210_0, v0x602ebb4012d0_0 {0 0 0};
    %pushi/vec4 0, 0, 32;
    %store/vec4 v0x602ebb401570_0, 0, 32;
T_11.660 ;
    %load/vec4 v0x602ebb401570_0;
    %cmpi/s 32, 0, 32;
    %jmp/0xz T_11.661, 5;
    %pushi/vec4 0, 0, 32;
    %ix/getv/s 4, v0x602ebb401570_0;
    %store/vec4a v0x602ebb3fe380, 4, 0;
    %load/vec4 v0x602ebb401570_0;
    %addi 1, 0, 32;
    %store/vec4 v0x602ebb401570_0, 0, 32;
    %jmp T_11.660;
T_11.661 ;
    %pushi/vec4 4286578835, 0, 32;
    %ix/load 4, 0, 0;
    %flag_set/imm 4, 0;
    %store/vec4a v0x602ebb3fcd50, 4, 0;
    %pushi/vec4 4267704595, 0, 32;
    %ix/load 4, 1, 0;
    %flag_set/imm 4, 0;
    %store/vec4a v0x602ebb3fcd50, 4, 0;
    %pushi/vec4 4285530515, 0, 32;
    %ix/load 4, 2, 0;
    %flag_set/imm 4, 0;
    %store/vec4a v0x602ebb3fcd50, 4, 0;
    %pushi/vec4 4285530643, 0, 32;
    %ix/load 4, 3, 0;
    %flag_set/imm 4, 0;
    %store/vec4a v0x602ebb3fcd50, 4, 0;
    %pushi/vec4 1, 0, 1;
    %store/vec4 v0x602ebb401650_0, 0, 1;
    %fork TD_tb.tick, S_0x602ebb400e60;
    %join;
    %pushi/vec4 0, 0, 1;
    %store/vec4 v0x602ebb401650_0, 0, 1;
    %pushi/vec4 0, 0, 32;
    %store/vec4 v0x602ebb401210_0, 0, 32;
T_11.662 ;
    %load/vec4 v0x602ebb4012d0_0;
    %nor/r;
    %flag_set/vec4 9;
    %flag_get/vec4 9;
    %jmp/0 T_11.664, 9;
    %load/vec4 v0x602ebb401210_0;
    %cmpi/s 5000, 0, 32;
    %flag_get/vec4 5;
    %and;
T_11.664;
    %flag_set/vec4 8;
    %jmp/0xz T_11.663, 8;
    %fork TD_tb.tick, S_0x602ebb400e60;
    %join;
    %jmp T_11.662;
T_11.663 ;
    %vpi_call/w 5 1529 "$display", "BATCH_RESULT idx=132 prediction=%0d cycles=%0d halted=%0d", &A<v0x602ebb3fe380, 31>, v0x602ebb401210_0, v0x602ebb4012d0_0 {0 0 0};
    %pushi/vec4 0, 0, 32;
    %store/vec4 v0x602ebb401570_0, 0, 32;
T_11.665 ;
    %load/vec4 v0x602ebb401570_0;
    %cmpi/s 32, 0, 32;
    %jmp/0xz T_11.666, 5;
    %pushi/vec4 0, 0, 32;
    %ix/getv/s 4, v0x602ebb401570_0;
    %store/vec4a v0x602ebb3fe380, 4, 0;
    %load/vec4 v0x602ebb401570_0;
    %addi 1, 0, 32;
    %store/vec4 v0x602ebb401570_0, 0, 32;
    %jmp T_11.665;
T_11.666 ;
    %pushi/vec4 147, 0, 32;
    %ix/load 4, 0, 0;
    %flag_set/imm 4, 0;
    %store/vec4a v0x602ebb3fcd50, 4, 0;
    %pushi/vec4 32506131, 0, 32;
    %ix/load 4, 1, 0;
    %flag_set/imm 4, 0;
    %store/vec4a v0x602ebb3fcd50, 4, 0;
    %pushi/vec4 403, 0, 32;
    %ix/load 4, 2, 0;
    %flag_set/imm 4, 0;
    %store/vec4a v0x602ebb3fcd50, 4, 0;
    %pushi/vec4 4292870675, 0, 32;
    %ix/load 4, 3, 0;
    %flag_set/imm 4, 0;
    %store/vec4a v0x602ebb3fcd50, 4, 0;
    %pushi/vec4 1, 0, 1;
    %store/vec4 v0x602ebb401650_0, 0, 1;
    %fork TD_tb.tick, S_0x602ebb400e60;
    %join;
    %pushi/vec4 0, 0, 1;
    %store/vec4 v0x602ebb401650_0, 0, 1;
    %pushi/vec4 0, 0, 32;
    %store/vec4 v0x602ebb401210_0, 0, 32;
T_11.667 ;
    %load/vec4 v0x602ebb4012d0_0;
    %nor/r;
    %flag_set/vec4 9;
    %flag_get/vec4 9;
    %jmp/0 T_11.669, 9;
    %load/vec4 v0x602ebb401210_0;
    %cmpi/s 5000, 0, 32;
    %flag_get/vec4 5;
    %and;
T_11.669;
    %flag_set/vec4 8;
    %jmp/0xz T_11.668, 8;
    %fork TD_tb.tick, S_0x602ebb400e60;
    %join;
    %jmp T_11.667;
T_11.668 ;
    %vpi_call/w 5 1538 "$display", "BATCH_RESULT idx=133 prediction=%0d cycles=%0d halted=%0d", &A<v0x602ebb3fe380, 31>, v0x602ebb401210_0, v0x602ebb4012d0_0 {0 0 0};
    %pushi/vec4 0, 0, 32;
    %store/vec4 v0x602ebb401570_0, 0, 32;
T_11.670 ;
    %load/vec4 v0x602ebb401570_0;
    %cmpi/s 32, 0, 32;
    %jmp/0xz T_11.671, 5;
    %pushi/vec4 0, 0, 32;
    %ix/getv/s 4, v0x602ebb401570_0;
    %store/vec4a v0x602ebb3fe380, 4, 0;
    %load/vec4 v0x602ebb401570_0;
    %addi 1, 0, 32;
    %store/vec4 v0x602ebb401570_0, 0, 32;
    %jmp T_11.670;
T_11.671 ;
    %pushi/vec4 4269801619, 0, 32;
    %ix/load 4, 0, 0;
    %flag_set/imm 4, 0;
    %store/vec4a v0x602ebb3fcd50, 4, 0;
    %pushi/vec4 10486035, 0, 32;
    %ix/load 4, 1, 0;
    %flag_set/imm 4, 0;
    %store/vec4a v0x602ebb3fcd50, 4, 0;
    %pushi/vec4 4269801875, 0, 32;
    %ix/load 4, 2, 0;
    %flag_set/imm 4, 0;
    %store/vec4a v0x602ebb3fcd50, 4, 0;
    %pushi/vec4 4273996307, 0, 32;
    %ix/load 4, 3, 0;
    %flag_set/imm 4, 0;
    %store/vec4a v0x602ebb3fcd50, 4, 0;
    %pushi/vec4 1, 0, 1;
    %store/vec4 v0x602ebb401650_0, 0, 1;
    %fork TD_tb.tick, S_0x602ebb400e60;
    %join;
    %pushi/vec4 0, 0, 1;
    %store/vec4 v0x602ebb401650_0, 0, 1;
    %pushi/vec4 0, 0, 32;
    %store/vec4 v0x602ebb401210_0, 0, 32;
T_11.672 ;
    %load/vec4 v0x602ebb4012d0_0;
    %nor/r;
    %flag_set/vec4 9;
    %flag_get/vec4 9;
    %jmp/0 T_11.674, 9;
    %load/vec4 v0x602ebb401210_0;
    %cmpi/s 5000, 0, 32;
    %flag_get/vec4 5;
    %and;
T_11.674;
    %flag_set/vec4 8;
    %jmp/0xz T_11.673, 8;
    %fork TD_tb.tick, S_0x602ebb400e60;
    %join;
    %jmp T_11.672;
T_11.673 ;
    %vpi_call/w 5 1547 "$display", "BATCH_RESULT idx=134 prediction=%0d cycles=%0d halted=%0d", &A<v0x602ebb3fe380, 31>, v0x602ebb401210_0, v0x602ebb4012d0_0 {0 0 0};
    %pushi/vec4 0, 0, 32;
    %store/vec4 v0x602ebb401570_0, 0, 32;
T_11.675 ;
    %load/vec4 v0x602ebb401570_0;
    %cmpi/s 32, 0, 32;
    %jmp/0xz T_11.676, 5;
    %pushi/vec4 0, 0, 32;
    %ix/getv/s 4, v0x602ebb401570_0;
    %store/vec4a v0x602ebb3fe380, 4, 0;
    %load/vec4 v0x602ebb401570_0;
    %addi 1, 0, 32;
    %store/vec4 v0x602ebb401570_0, 0, 32;
    %jmp T_11.675;
T_11.676 ;
    %pushi/vec4 4280287379, 0, 32;
    %ix/load 4, 0, 0;
    %flag_set/imm 4, 0;
    %store/vec4a v0x602ebb3fcd50, 4, 0;
    %pushi/vec4 2097427, 0, 32;
    %ix/load 4, 1, 0;
    %flag_set/imm 4, 0;
    %store/vec4a v0x602ebb3fcd50, 4, 0;
    %pushi/vec4 4280287635, 0, 32;
    %ix/load 4, 2, 0;
    %flag_set/imm 4, 0;
    %store/vec4a v0x602ebb3fcd50, 4, 0;
    %pushi/vec4 4281336339, 0, 32;
    %ix/load 4, 3, 0;
    %flag_set/imm 4, 0;
    %store/vec4a v0x602ebb3fcd50, 4, 0;
    %pushi/vec4 1, 0, 1;
    %store/vec4 v0x602ebb401650_0, 0, 1;
    %fork TD_tb.tick, S_0x602ebb400e60;
    %join;
    %pushi/vec4 0, 0, 1;
    %store/vec4 v0x602ebb401650_0, 0, 1;
    %pushi/vec4 0, 0, 32;
    %store/vec4 v0x602ebb401210_0, 0, 32;
T_11.677 ;
    %load/vec4 v0x602ebb4012d0_0;
    %nor/r;
    %flag_set/vec4 9;
    %flag_get/vec4 9;
    %jmp/0 T_11.679, 9;
    %load/vec4 v0x602ebb401210_0;
    %cmpi/s 5000, 0, 32;
    %flag_get/vec4 5;
    %and;
T_11.679;
    %flag_set/vec4 8;
    %jmp/0xz T_11.678, 8;
    %fork TD_tb.tick, S_0x602ebb400e60;
    %join;
    %jmp T_11.677;
T_11.678 ;
    %vpi_call/w 5 1556 "$display", "BATCH_RESULT idx=135 prediction=%0d cycles=%0d halted=%0d", &A<v0x602ebb3fe380, 31>, v0x602ebb401210_0, v0x602ebb4012d0_0 {0 0 0};
    %pushi/vec4 0, 0, 32;
    %store/vec4 v0x602ebb401570_0, 0, 32;
T_11.680 ;
    %load/vec4 v0x602ebb401570_0;
    %cmpi/s 32, 0, 32;
    %jmp/0xz T_11.681, 5;
    %pushi/vec4 0, 0, 32;
    %ix/getv/s 4, v0x602ebb401570_0;
    %store/vec4a v0x602ebb3fe380, 4, 0;
    %load/vec4 v0x602ebb401570_0;
    %addi 1, 0, 32;
    %store/vec4 v0x602ebb401570_0, 0, 32;
    %jmp T_11.680;
T_11.681 ;
    %pushi/vec4 4269801619, 0, 32;
    %ix/load 4, 0, 0;
    %flag_set/imm 4, 0;
    %store/vec4a v0x602ebb3fcd50, 4, 0;
    %pushi/vec4 9437459, 0, 32;
    %ix/load 4, 1, 0;
    %flag_set/imm 4, 0;
    %store/vec4a v0x602ebb3fcd50, 4, 0;
    %pushi/vec4 4269801875, 0, 32;
    %ix/load 4, 2, 0;
    %flag_set/imm 4, 0;
    %store/vec4a v0x602ebb3fcd50, 4, 0;
    %pushi/vec4 4273996307, 0, 32;
    %ix/load 4, 3, 0;
    %flag_set/imm 4, 0;
    %store/vec4a v0x602ebb3fcd50, 4, 0;
    %pushi/vec4 1, 0, 1;
    %store/vec4 v0x602ebb401650_0, 0, 1;
    %fork TD_tb.tick, S_0x602ebb400e60;
    %join;
    %pushi/vec4 0, 0, 1;
    %store/vec4 v0x602ebb401650_0, 0, 1;
    %pushi/vec4 0, 0, 32;
    %store/vec4 v0x602ebb401210_0, 0, 32;
T_11.682 ;
    %load/vec4 v0x602ebb4012d0_0;
    %nor/r;
    %flag_set/vec4 9;
    %flag_get/vec4 9;
    %jmp/0 T_11.684, 9;
    %load/vec4 v0x602ebb401210_0;
    %cmpi/s 5000, 0, 32;
    %flag_get/vec4 5;
    %and;
T_11.684;
    %flag_set/vec4 8;
    %jmp/0xz T_11.683, 8;
    %fork TD_tb.tick, S_0x602ebb400e60;
    %join;
    %jmp T_11.682;
T_11.683 ;
    %vpi_call/w 5 1565 "$display", "BATCH_RESULT idx=136 prediction=%0d cycles=%0d halted=%0d", &A<v0x602ebb3fe380, 31>, v0x602ebb401210_0, v0x602ebb4012d0_0 {0 0 0};
    %pushi/vec4 0, 0, 32;
    %store/vec4 v0x602ebb401570_0, 0, 32;
T_11.685 ;
    %load/vec4 v0x602ebb401570_0;
    %cmpi/s 32, 0, 32;
    %jmp/0xz T_11.686, 5;
    %pushi/vec4 0, 0, 32;
    %ix/getv/s 4, v0x602ebb401570_0;
    %store/vec4a v0x602ebb3fe380, 4, 0;
    %load/vec4 v0x602ebb401570_0;
    %addi 1, 0, 32;
    %store/vec4 v0x602ebb401570_0, 0, 32;
    %jmp T_11.685;
T_11.686 ;
    %pushi/vec4 4269801619, 0, 32;
    %ix/load 4, 0, 0;
    %flag_set/imm 4, 0;
    %store/vec4a v0x602ebb3fcd50, 4, 0;
    %pushi/vec4 4290773267, 0, 32;
    %ix/load 4, 1, 0;
    %flag_set/imm 4, 0;
    %store/vec4a v0x602ebb3fcd50, 4, 0;
    %pushi/vec4 4269801875, 0, 32;
    %ix/load 4, 2, 0;
    %flag_set/imm 4, 0;
    %store/vec4a v0x602ebb3fcd50, 4, 0;
    %pushi/vec4 4275044883, 0, 32;
    %ix/load 4, 3, 0;
    %flag_set/imm 4, 0;
    %store/vec4a v0x602ebb3fcd50, 4, 0;
    %pushi/vec4 1, 0, 1;
    %store/vec4 v0x602ebb401650_0, 0, 1;
    %fork TD_tb.tick, S_0x602ebb400e60;
    %join;
    %pushi/vec4 0, 0, 1;
    %store/vec4 v0x602ebb401650_0, 0, 1;
    %pushi/vec4 0, 0, 32;
    %store/vec4 v0x602ebb401210_0, 0, 32;
T_11.687 ;
    %load/vec4 v0x602ebb4012d0_0;
    %nor/r;
    %flag_set/vec4 9;
    %flag_get/vec4 9;
    %jmp/0 T_11.689, 9;
    %load/vec4 v0x602ebb401210_0;
    %cmpi/s 5000, 0, 32;
    %flag_get/vec4 5;
    %and;
T_11.689;
    %flag_set/vec4 8;
    %jmp/0xz T_11.688, 8;
    %fork TD_tb.tick, S_0x602ebb400e60;
    %join;
    %jmp T_11.687;
T_11.688 ;
    %vpi_call/w 5 1574 "$display", "BATCH_RESULT idx=137 prediction=%0d cycles=%0d halted=%0d", &A<v0x602ebb3fe380, 31>, v0x602ebb401210_0, v0x602ebb4012d0_0 {0 0 0};
    %pushi/vec4 0, 0, 32;
    %store/vec4 v0x602ebb401570_0, 0, 32;
T_11.690 ;
    %load/vec4 v0x602ebb401570_0;
    %cmpi/s 32, 0, 32;
    %jmp/0xz T_11.691, 5;
    %pushi/vec4 0, 0, 32;
    %ix/getv/s 4, v0x602ebb401570_0;
    %store/vec4a v0x602ebb3fe380, 4, 0;
    %load/vec4 v0x602ebb401570_0;
    %addi 1, 0, 32;
    %store/vec4 v0x602ebb401570_0, 0, 32;
    %jmp T_11.690;
T_11.691 ;
    %pushi/vec4 4292870291, 0, 32;
    %ix/load 4, 0, 0;
    %flag_set/imm 4, 0;
    %store/vec4a v0x602ebb3fcd50, 4, 0;
    %pushi/vec4 4282384659, 0, 32;
    %ix/load 4, 1, 0;
    %flag_set/imm 4, 0;
    %store/vec4a v0x602ebb3fcd50, 4, 0;
    %pushi/vec4 4292870547, 0, 32;
    %ix/load 4, 2, 0;
    %flag_set/imm 4, 0;
    %store/vec4a v0x602ebb3fcd50, 4, 0;
    %pushi/vec4 4291822099, 0, 32;
    %ix/load 4, 3, 0;
    %flag_set/imm 4, 0;
    %store/vec4a v0x602ebb3fcd50, 4, 0;
    %pushi/vec4 1, 0, 1;
    %store/vec4 v0x602ebb401650_0, 0, 1;
    %fork TD_tb.tick, S_0x602ebb400e60;
    %join;
    %pushi/vec4 0, 0, 1;
    %store/vec4 v0x602ebb401650_0, 0, 1;
    %pushi/vec4 0, 0, 32;
    %store/vec4 v0x602ebb401210_0, 0, 32;
T_11.692 ;
    %load/vec4 v0x602ebb4012d0_0;
    %nor/r;
    %flag_set/vec4 9;
    %flag_get/vec4 9;
    %jmp/0 T_11.694, 9;
    %load/vec4 v0x602ebb401210_0;
    %cmpi/s 5000, 0, 32;
    %flag_get/vec4 5;
    %and;
T_11.694;
    %flag_set/vec4 8;
    %jmp/0xz T_11.693, 8;
    %fork TD_tb.tick, S_0x602ebb400e60;
    %join;
    %jmp T_11.692;
T_11.693 ;
    %vpi_call/w 5 1583 "$display", "BATCH_RESULT idx=138 prediction=%0d cycles=%0d halted=%0d", &A<v0x602ebb3fe380, 31>, v0x602ebb401210_0, v0x602ebb4012d0_0 {0 0 0};
    %pushi/vec4 0, 0, 32;
    %store/vec4 v0x602ebb401570_0, 0, 32;
T_11.695 ;
    %load/vec4 v0x602ebb401570_0;
    %cmpi/s 32, 0, 32;
    %jmp/0xz T_11.696, 5;
    %pushi/vec4 0, 0, 32;
    %ix/getv/s 4, v0x602ebb401570_0;
    %store/vec4a v0x602ebb3fe380, 4, 0;
    %load/vec4 v0x602ebb401570_0;
    %addi 1, 0, 32;
    %store/vec4 v0x602ebb401570_0, 0, 32;
    %jmp T_11.695;
T_11.696 ;
    %pushi/vec4 5243027, 0, 32;
    %ix/load 4, 0, 0;
    %flag_set/imm 4, 0;
    %store/vec4a v0x602ebb3fcd50, 4, 0;
    %pushi/vec4 2097427, 0, 32;
    %ix/load 4, 1, 0;
    %flag_set/imm 4, 0;
    %store/vec4a v0x602ebb3fcd50, 4, 0;
    %pushi/vec4 4194707, 0, 32;
    %ix/load 4, 2, 0;
    %flag_set/imm 4, 0;
    %store/vec4a v0x602ebb3fcd50, 4, 0;
    %pushi/vec4 3146259, 0, 32;
    %ix/load 4, 3, 0;
    %flag_set/imm 4, 0;
    %store/vec4a v0x602ebb3fcd50, 4, 0;
    %pushi/vec4 1, 0, 1;
    %store/vec4 v0x602ebb401650_0, 0, 1;
    %fork TD_tb.tick, S_0x602ebb400e60;
    %join;
    %pushi/vec4 0, 0, 1;
    %store/vec4 v0x602ebb401650_0, 0, 1;
    %pushi/vec4 0, 0, 32;
    %store/vec4 v0x602ebb401210_0, 0, 32;
T_11.697 ;
    %load/vec4 v0x602ebb4012d0_0;
    %nor/r;
    %flag_set/vec4 9;
    %flag_get/vec4 9;
    %jmp/0 T_11.699, 9;
    %load/vec4 v0x602ebb401210_0;
    %cmpi/s 5000, 0, 32;
    %flag_get/vec4 5;
    %and;
T_11.699;
    %flag_set/vec4 8;
    %jmp/0xz T_11.698, 8;
    %fork TD_tb.tick, S_0x602ebb400e60;
    %join;
    %jmp T_11.697;
T_11.698 ;
    %vpi_call/w 5 1592 "$display", "BATCH_RESULT idx=139 prediction=%0d cycles=%0d halted=%0d", &A<v0x602ebb3fe380, 31>, v0x602ebb401210_0, v0x602ebb4012d0_0 {0 0 0};
    %pushi/vec4 0, 0, 32;
    %store/vec4 v0x602ebb401570_0, 0, 32;
T_11.700 ;
    %load/vec4 v0x602ebb401570_0;
    %cmpi/s 32, 0, 32;
    %jmp/0xz T_11.701, 5;
    %pushi/vec4 0, 0, 32;
    %ix/getv/s 4, v0x602ebb401570_0;
    %store/vec4a v0x602ebb3fe380, 4, 0;
    %load/vec4 v0x602ebb401570_0;
    %addi 1, 0, 32;
    %store/vec4 v0x602ebb401570_0, 0, 32;
    %jmp T_11.700;
T_11.701 ;
    %pushi/vec4 4281335955, 0, 32;
    %ix/load 4, 0, 0;
    %flag_set/imm 4, 0;
    %store/vec4a v0x602ebb3fcd50, 4, 0;
    %pushi/vec4 6291731, 0, 32;
    %ix/load 4, 1, 0;
    %flag_set/imm 4, 0;
    %store/vec4a v0x602ebb3fcd50, 4, 0;
    %pushi/vec4 4281336211, 0, 32;
    %ix/load 4, 2, 0;
    %flag_set/imm 4, 0;
    %store/vec4a v0x602ebb3fcd50, 4, 0;
    %pushi/vec4 4281336339, 0, 32;
    %ix/load 4, 3, 0;
    %flag_set/imm 4, 0;
    %store/vec4a v0x602ebb3fcd50, 4, 0;
    %pushi/vec4 1, 0, 1;
    %store/vec4 v0x602ebb401650_0, 0, 1;
    %fork TD_tb.tick, S_0x602ebb400e60;
    %join;
    %pushi/vec4 0, 0, 1;
    %store/vec4 v0x602ebb401650_0, 0, 1;
    %pushi/vec4 0, 0, 32;
    %store/vec4 v0x602ebb401210_0, 0, 32;
T_11.702 ;
    %load/vec4 v0x602ebb4012d0_0;
    %nor/r;
    %flag_set/vec4 9;
    %flag_get/vec4 9;
    %jmp/0 T_11.704, 9;
    %load/vec4 v0x602ebb401210_0;
    %cmpi/s 5000, 0, 32;
    %flag_get/vec4 5;
    %and;
T_11.704;
    %flag_set/vec4 8;
    %jmp/0xz T_11.703, 8;
    %fork TD_tb.tick, S_0x602ebb400e60;
    %join;
    %jmp T_11.702;
T_11.703 ;
    %vpi_call/w 5 1601 "$display", "BATCH_RESULT idx=140 prediction=%0d cycles=%0d halted=%0d", &A<v0x602ebb3fe380, 31>, v0x602ebb401210_0, v0x602ebb4012d0_0 {0 0 0};
    %pushi/vec4 0, 0, 32;
    %store/vec4 v0x602ebb401570_0, 0, 32;
T_11.705 ;
    %load/vec4 v0x602ebb401570_0;
    %cmpi/s 32, 0, 32;
    %jmp/0xz T_11.706, 5;
    %pushi/vec4 0, 0, 32;
    %ix/getv/s 4, v0x602ebb401570_0;
    %store/vec4a v0x602ebb3fe380, 4, 0;
    %load/vec4 v0x602ebb401570_0;
    %addi 1, 0, 32;
    %store/vec4 v0x602ebb401570_0, 0, 32;
    %jmp T_11.705;
T_11.706 ;
    %pushi/vec4 4268753043, 0, 32;
    %ix/load 4, 0, 0;
    %flag_set/imm 4, 0;
    %store/vec4a v0x602ebb3fcd50, 4, 0;
    %pushi/vec4 4271898899, 0, 32;
    %ix/load 4, 1, 0;
    %flag_set/imm 4, 0;
    %store/vec4a v0x602ebb3fcd50, 4, 0;
    %pushi/vec4 4269801875, 0, 32;
    %ix/load 4, 2, 0;
    %flag_set/imm 4, 0;
    %store/vec4a v0x602ebb3fcd50, 4, 0;
    %pushi/vec4 4273996307, 0, 32;
    %ix/load 4, 3, 0;
    %flag_set/imm 4, 0;
    %store/vec4a v0x602ebb3fcd50, 4, 0;
    %pushi/vec4 1, 0, 1;
    %store/vec4 v0x602ebb401650_0, 0, 1;
    %fork TD_tb.tick, S_0x602ebb400e60;
    %join;
    %pushi/vec4 0, 0, 1;
    %store/vec4 v0x602ebb401650_0, 0, 1;
    %pushi/vec4 0, 0, 32;
    %store/vec4 v0x602ebb401210_0, 0, 32;
T_11.707 ;
    %load/vec4 v0x602ebb4012d0_0;
    %nor/r;
    %flag_set/vec4 9;
    %flag_get/vec4 9;
    %jmp/0 T_11.709, 9;
    %load/vec4 v0x602ebb401210_0;
    %cmpi/s 5000, 0, 32;
    %flag_get/vec4 5;
    %and;
T_11.709;
    %flag_set/vec4 8;
    %jmp/0xz T_11.708, 8;
    %fork TD_tb.tick, S_0x602ebb400e60;
    %join;
    %jmp T_11.707;
T_11.708 ;
    %vpi_call/w 5 1610 "$display", "BATCH_RESULT idx=141 prediction=%0d cycles=%0d halted=%0d", &A<v0x602ebb3fe380, 31>, v0x602ebb401210_0, v0x602ebb4012d0_0 {0 0 0};
    %pushi/vec4 0, 0, 32;
    %store/vec4 v0x602ebb401570_0, 0, 32;
T_11.710 ;
    %load/vec4 v0x602ebb401570_0;
    %cmpi/s 32, 0, 32;
    %jmp/0xz T_11.711, 5;
    %pushi/vec4 0, 0, 32;
    %ix/getv/s 4, v0x602ebb401570_0;
    %store/vec4a v0x602ebb3fe380, 4, 0;
    %load/vec4 v0x602ebb401570_0;
    %addi 1, 0, 32;
    %store/vec4 v0x602ebb401570_0, 0, 32;
    %jmp T_11.710;
T_11.711 ;
    %pushi/vec4 4275044499, 0, 32;
    %ix/load 4, 0, 0;
    %flag_set/imm 4, 0;
    %store/vec4a v0x602ebb3fcd50, 4, 0;
    %pushi/vec4 34603283, 0, 32;
    %ix/load 4, 1, 0;
    %flag_set/imm 4, 0;
    %store/vec4a v0x602ebb3fcd50, 4, 0;
    %pushi/vec4 4275044755, 0, 32;
    %ix/load 4, 2, 0;
    %flag_set/imm 4, 0;
    %store/vec4a v0x602ebb3fcd50, 4, 0;
    %pushi/vec4 4277142035, 0, 32;
    %ix/load 4, 3, 0;
    %flag_set/imm 4, 0;
    %store/vec4a v0x602ebb3fcd50, 4, 0;
    %pushi/vec4 1, 0, 1;
    %store/vec4 v0x602ebb401650_0, 0, 1;
    %fork TD_tb.tick, S_0x602ebb400e60;
    %join;
    %pushi/vec4 0, 0, 1;
    %store/vec4 v0x602ebb401650_0, 0, 1;
    %pushi/vec4 0, 0, 32;
    %store/vec4 v0x602ebb401210_0, 0, 32;
T_11.712 ;
    %load/vec4 v0x602ebb4012d0_0;
    %nor/r;
    %flag_set/vec4 9;
    %flag_get/vec4 9;
    %jmp/0 T_11.714, 9;
    %load/vec4 v0x602ebb401210_0;
    %cmpi/s 5000, 0, 32;
    %flag_get/vec4 5;
    %and;
T_11.714;
    %flag_set/vec4 8;
    %jmp/0xz T_11.713, 8;
    %fork TD_tb.tick, S_0x602ebb400e60;
    %join;
    %jmp T_11.712;
T_11.713 ;
    %vpi_call/w 5 1619 "$display", "BATCH_RESULT idx=142 prediction=%0d cycles=%0d halted=%0d", &A<v0x602ebb3fe380, 31>, v0x602ebb401210_0, v0x602ebb4012d0_0 {0 0 0};
    %pushi/vec4 0, 0, 32;
    %store/vec4 v0x602ebb401570_0, 0, 32;
T_11.715 ;
    %load/vec4 v0x602ebb401570_0;
    %cmpi/s 32, 0, 32;
    %jmp/0xz T_11.716, 5;
    %pushi/vec4 0, 0, 32;
    %ix/getv/s 4, v0x602ebb401570_0;
    %store/vec4a v0x602ebb3fe380, 4, 0;
    %load/vec4 v0x602ebb401570_0;
    %addi 1, 0, 32;
    %store/vec4 v0x602ebb401570_0, 0, 32;
    %jmp T_11.715;
T_11.716 ;
    %pushi/vec4 4292870291, 0, 32;
    %ix/load 4, 0, 0;
    %flag_set/imm 4, 0;
    %store/vec4a v0x602ebb3fcd50, 4, 0;
    %pushi/vec4 4267704595, 0, 32;
    %ix/load 4, 1, 0;
    %flag_set/imm 4, 0;
    %store/vec4a v0x602ebb3fcd50, 4, 0;
    %pushi/vec4 4290773395, 0, 32;
    %ix/load 4, 2, 0;
    %flag_set/imm 4, 0;
    %store/vec4a v0x602ebb3fcd50, 4, 0;
    %pushi/vec4 4290773523, 0, 32;
    %ix/load 4, 3, 0;
    %flag_set/imm 4, 0;
    %store/vec4a v0x602ebb3fcd50, 4, 0;
    %pushi/vec4 1, 0, 1;
    %store/vec4 v0x602ebb401650_0, 0, 1;
    %fork TD_tb.tick, S_0x602ebb400e60;
    %join;
    %pushi/vec4 0, 0, 1;
    %store/vec4 v0x602ebb401650_0, 0, 1;
    %pushi/vec4 0, 0, 32;
    %store/vec4 v0x602ebb401210_0, 0, 32;
T_11.717 ;
    %load/vec4 v0x602ebb4012d0_0;
    %nor/r;
    %flag_set/vec4 9;
    %flag_get/vec4 9;
    %jmp/0 T_11.719, 9;
    %load/vec4 v0x602ebb401210_0;
    %cmpi/s 5000, 0, 32;
    %flag_get/vec4 5;
    %and;
T_11.719;
    %flag_set/vec4 8;
    %jmp/0xz T_11.718, 8;
    %fork TD_tb.tick, S_0x602ebb400e60;
    %join;
    %jmp T_11.717;
T_11.718 ;
    %vpi_call/w 5 1628 "$display", "BATCH_RESULT idx=143 prediction=%0d cycles=%0d halted=%0d", &A<v0x602ebb3fe380, 31>, v0x602ebb401210_0, v0x602ebb4012d0_0 {0 0 0};
    %pushi/vec4 0, 0, 32;
    %store/vec4 v0x602ebb401570_0, 0, 32;
T_11.720 ;
    %load/vec4 v0x602ebb401570_0;
    %cmpi/s 32, 0, 32;
    %jmp/0xz T_11.721, 5;
    %pushi/vec4 0, 0, 32;
    %ix/getv/s 4, v0x602ebb401570_0;
    %store/vec4a v0x602ebb3fe380, 4, 0;
    %load/vec4 v0x602ebb401570_0;
    %addi 1, 0, 32;
    %store/vec4 v0x602ebb401570_0, 0, 32;
    %jmp T_11.720;
T_11.721 ;
    %pushi/vec4 15728787, 0, 32;
    %ix/load 4, 0, 0;
    %flag_set/imm 4, 0;
    %store/vec4a v0x602ebb3fcd50, 4, 0;
    %pushi/vec4 1048851, 0, 32;
    %ix/load 4, 1, 0;
    %flag_set/imm 4, 0;
    %store/vec4a v0x602ebb3fcd50, 4, 0;
    %pushi/vec4 13631891, 0, 32;
    %ix/load 4, 2, 0;
    %flag_set/imm 4, 0;
    %store/vec4a v0x602ebb3fcd50, 4, 0;
    %pushi/vec4 13632019, 0, 32;
    %ix/load 4, 3, 0;
    %flag_set/imm 4, 0;
    %store/vec4a v0x602ebb3fcd50, 4, 0;
    %pushi/vec4 1, 0, 1;
    %store/vec4 v0x602ebb401650_0, 0, 1;
    %fork TD_tb.tick, S_0x602ebb400e60;
    %join;
    %pushi/vec4 0, 0, 1;
    %store/vec4 v0x602ebb401650_0, 0, 1;
    %pushi/vec4 0, 0, 32;
    %store/vec4 v0x602ebb401210_0, 0, 32;
T_11.722 ;
    %load/vec4 v0x602ebb4012d0_0;
    %nor/r;
    %flag_set/vec4 9;
    %flag_get/vec4 9;
    %jmp/0 T_11.724, 9;
    %load/vec4 v0x602ebb401210_0;
    %cmpi/s 5000, 0, 32;
    %flag_get/vec4 5;
    %and;
T_11.724;
    %flag_set/vec4 8;
    %jmp/0xz T_11.723, 8;
    %fork TD_tb.tick, S_0x602ebb400e60;
    %join;
    %jmp T_11.722;
T_11.723 ;
    %vpi_call/w 5 1637 "$display", "BATCH_RESULT idx=144 prediction=%0d cycles=%0d halted=%0d", &A<v0x602ebb3fe380, 31>, v0x602ebb401210_0, v0x602ebb4012d0_0 {0 0 0};
    %pushi/vec4 0, 0, 32;
    %store/vec4 v0x602ebb401570_0, 0, 32;
T_11.725 ;
    %load/vec4 v0x602ebb401570_0;
    %cmpi/s 32, 0, 32;
    %jmp/0xz T_11.726, 5;
    %pushi/vec4 0, 0, 32;
    %ix/getv/s 4, v0x602ebb401570_0;
    %store/vec4a v0x602ebb3fe380, 4, 0;
    %load/vec4 v0x602ebb401570_0;
    %addi 1, 0, 32;
    %store/vec4 v0x602ebb401570_0, 0, 32;
    %jmp T_11.725;
T_11.726 ;
    %pushi/vec4 4263510163, 0, 32;
    %ix/load 4, 0, 0;
    %flag_set/imm 4, 0;
    %store/vec4a v0x602ebb3fcd50, 4, 0;
    %pushi/vec4 5243155, 0, 32;
    %ix/load 4, 1, 0;
    %flag_set/imm 4, 0;
    %store/vec4a v0x602ebb3fcd50, 4, 0;
    %pushi/vec4 4264558995, 0, 32;
    %ix/load 4, 2, 0;
    %flag_set/imm 4, 0;
    %store/vec4a v0x602ebb3fcd50, 4, 0;
    %pushi/vec4 4270850579, 0, 32;
    %ix/load 4, 3, 0;
    %flag_set/imm 4, 0;
    %store/vec4a v0x602ebb3fcd50, 4, 0;
    %pushi/vec4 1, 0, 1;
    %store/vec4 v0x602ebb401650_0, 0, 1;
    %fork TD_tb.tick, S_0x602ebb400e60;
    %join;
    %pushi/vec4 0, 0, 1;
    %store/vec4 v0x602ebb401650_0, 0, 1;
    %pushi/vec4 0, 0, 32;
    %store/vec4 v0x602ebb401210_0, 0, 32;
T_11.727 ;
    %load/vec4 v0x602ebb4012d0_0;
    %nor/r;
    %flag_set/vec4 9;
    %flag_get/vec4 9;
    %jmp/0 T_11.729, 9;
    %load/vec4 v0x602ebb401210_0;
    %cmpi/s 5000, 0, 32;
    %flag_get/vec4 5;
    %and;
T_11.729;
    %flag_set/vec4 8;
    %jmp/0xz T_11.728, 8;
    %fork TD_tb.tick, S_0x602ebb400e60;
    %join;
    %jmp T_11.727;
T_11.728 ;
    %vpi_call/w 5 1646 "$display", "BATCH_RESULT idx=145 prediction=%0d cycles=%0d halted=%0d", &A<v0x602ebb3fe380, 31>, v0x602ebb401210_0, v0x602ebb4012d0_0 {0 0 0};
    %pushi/vec4 0, 0, 32;
    %store/vec4 v0x602ebb401570_0, 0, 32;
T_11.730 ;
    %load/vec4 v0x602ebb401570_0;
    %cmpi/s 32, 0, 32;
    %jmp/0xz T_11.731, 5;
    %pushi/vec4 0, 0, 32;
    %ix/getv/s 4, v0x602ebb401570_0;
    %store/vec4a v0x602ebb3fe380, 4, 0;
    %load/vec4 v0x602ebb401570_0;
    %addi 1, 0, 32;
    %store/vec4 v0x602ebb401570_0, 0, 32;
    %jmp T_11.730;
T_11.731 ;
    %pushi/vec4 4287627411, 0, 32;
    %ix/load 4, 0, 0;
    %flag_set/imm 4, 0;
    %store/vec4a v0x602ebb3fcd50, 4, 0;
    %pushi/vec4 4265607443, 0, 32;
    %ix/load 4, 1, 0;
    %flag_set/imm 4, 0;
    %store/vec4a v0x602ebb3fcd50, 4, 0;
    %pushi/vec4 4286579091, 0, 32;
    %ix/load 4, 2, 0;
    %flag_set/imm 4, 0;
    %store/vec4a v0x602ebb3fcd50, 4, 0;
    %pushi/vec4 4286579219, 0, 32;
    %ix/load 4, 3, 0;
    %flag_set/imm 4, 0;
    %store/vec4a v0x602ebb3fcd50, 4, 0;
    %pushi/vec4 1, 0, 1;
    %store/vec4 v0x602ebb401650_0, 0, 1;
    %fork TD_tb.tick, S_0x602ebb400e60;
    %join;
    %pushi/vec4 0, 0, 1;
    %store/vec4 v0x602ebb401650_0, 0, 1;
    %pushi/vec4 0, 0, 32;
    %store/vec4 v0x602ebb401210_0, 0, 32;
T_11.732 ;
    %load/vec4 v0x602ebb4012d0_0;
    %nor/r;
    %flag_set/vec4 9;
    %flag_get/vec4 9;
    %jmp/0 T_11.734, 9;
    %load/vec4 v0x602ebb401210_0;
    %cmpi/s 5000, 0, 32;
    %flag_get/vec4 5;
    %and;
T_11.734;
    %flag_set/vec4 8;
    %jmp/0xz T_11.733, 8;
    %fork TD_tb.tick, S_0x602ebb400e60;
    %join;
    %jmp T_11.732;
T_11.733 ;
    %vpi_call/w 5 1655 "$display", "BATCH_RESULT idx=146 prediction=%0d cycles=%0d halted=%0d", &A<v0x602ebb3fe380, 31>, v0x602ebb401210_0, v0x602ebb4012d0_0 {0 0 0};
    %pushi/vec4 0, 0, 32;
    %store/vec4 v0x602ebb401570_0, 0, 32;
T_11.735 ;
    %load/vec4 v0x602ebb401570_0;
    %cmpi/s 32, 0, 32;
    %jmp/0xz T_11.736, 5;
    %pushi/vec4 0, 0, 32;
    %ix/getv/s 4, v0x602ebb401570_0;
    %store/vec4a v0x602ebb3fe380, 4, 0;
    %load/vec4 v0x602ebb401570_0;
    %addi 1, 0, 32;
    %store/vec4 v0x602ebb401570_0, 0, 32;
    %jmp T_11.735;
T_11.736 ;
    %pushi/vec4 2097299, 0, 32;
    %ix/load 4, 0, 0;
    %flag_set/imm 4, 0;
    %store/vec4a v0x602ebb3fcd50, 4, 0;
    %pushi/vec4 4289724691, 0, 32;
    %ix/load 4, 1, 0;
    %flag_set/imm 4, 0;
    %store/vec4a v0x602ebb3fcd50, 4, 0;
    %pushi/vec4 403, 0, 32;
    %ix/load 4, 2, 0;
    %flag_set/imm 4, 0;
    %store/vec4a v0x602ebb3fcd50, 4, 0;
    %pushi/vec4 531, 0, 32;
    %ix/load 4, 3, 0;
    %flag_set/imm 4, 0;
    %store/vec4a v0x602ebb3fcd50, 4, 0;
    %pushi/vec4 1, 0, 1;
    %store/vec4 v0x602ebb401650_0, 0, 1;
    %fork TD_tb.tick, S_0x602ebb400e60;
    %join;
    %pushi/vec4 0, 0, 1;
    %store/vec4 v0x602ebb401650_0, 0, 1;
    %pushi/vec4 0, 0, 32;
    %store/vec4 v0x602ebb401210_0, 0, 32;
T_11.737 ;
    %load/vec4 v0x602ebb4012d0_0;
    %nor/r;
    %flag_set/vec4 9;
    %flag_get/vec4 9;
    %jmp/0 T_11.739, 9;
    %load/vec4 v0x602ebb401210_0;
    %cmpi/s 5000, 0, 32;
    %flag_get/vec4 5;
    %and;
T_11.739;
    %flag_set/vec4 8;
    %jmp/0xz T_11.738, 8;
    %fork TD_tb.tick, S_0x602ebb400e60;
    %join;
    %jmp T_11.737;
T_11.738 ;
    %vpi_call/w 5 1664 "$display", "BATCH_RESULT idx=147 prediction=%0d cycles=%0d halted=%0d", &A<v0x602ebb3fe380, 31>, v0x602ebb401210_0, v0x602ebb4012d0_0 {0 0 0};
    %pushi/vec4 0, 0, 32;
    %store/vec4 v0x602ebb401570_0, 0, 32;
T_11.740 ;
    %load/vec4 v0x602ebb401570_0;
    %cmpi/s 32, 0, 32;
    %jmp/0xz T_11.741, 5;
    %pushi/vec4 0, 0, 32;
    %ix/getv/s 4, v0x602ebb401570_0;
    %store/vec4a v0x602ebb3fe380, 4, 0;
    %load/vec4 v0x602ebb401570_0;
    %addi 1, 0, 32;
    %store/vec4 v0x602ebb401570_0, 0, 32;
    %jmp T_11.740;
T_11.741 ;
    %pushi/vec4 4283433107, 0, 32;
    %ix/load 4, 0, 0;
    %flag_set/imm 4, 0;
    %store/vec4a v0x602ebb3fcd50, 4, 0;
    %pushi/vec4 4286578963, 0, 32;
    %ix/load 4, 1, 0;
    %flag_set/imm 4, 0;
    %store/vec4a v0x602ebb3fcd50, 4, 0;
    %pushi/vec4 4282384787, 0, 32;
    %ix/load 4, 2, 0;
    %flag_set/imm 4, 0;
    %store/vec4a v0x602ebb3fcd50, 4, 0;
    %pushi/vec4 4283433491, 0, 32;
    %ix/load 4, 3, 0;
    %flag_set/imm 4, 0;
    %store/vec4a v0x602ebb3fcd50, 4, 0;
    %pushi/vec4 1, 0, 1;
    %store/vec4 v0x602ebb401650_0, 0, 1;
    %fork TD_tb.tick, S_0x602ebb400e60;
    %join;
    %pushi/vec4 0, 0, 1;
    %store/vec4 v0x602ebb401650_0, 0, 1;
    %pushi/vec4 0, 0, 32;
    %store/vec4 v0x602ebb401210_0, 0, 32;
T_11.742 ;
    %load/vec4 v0x602ebb4012d0_0;
    %nor/r;
    %flag_set/vec4 9;
    %flag_get/vec4 9;
    %jmp/0 T_11.744, 9;
    %load/vec4 v0x602ebb401210_0;
    %cmpi/s 5000, 0, 32;
    %flag_get/vec4 5;
    %and;
T_11.744;
    %flag_set/vec4 8;
    %jmp/0xz T_11.743, 8;
    %fork TD_tb.tick, S_0x602ebb400e60;
    %join;
    %jmp T_11.742;
T_11.743 ;
    %vpi_call/w 5 1673 "$display", "BATCH_RESULT idx=148 prediction=%0d cycles=%0d halted=%0d", &A<v0x602ebb3fe380, 31>, v0x602ebb401210_0, v0x602ebb4012d0_0 {0 0 0};
    %pushi/vec4 0, 0, 32;
    %store/vec4 v0x602ebb401570_0, 0, 32;
T_11.745 ;
    %load/vec4 v0x602ebb401570_0;
    %cmpi/s 32, 0, 32;
    %jmp/0xz T_11.746, 5;
    %pushi/vec4 0, 0, 32;
    %ix/getv/s 4, v0x602ebb401570_0;
    %store/vec4a v0x602ebb3fe380, 4, 0;
    %load/vec4 v0x602ebb401570_0;
    %addi 1, 0, 32;
    %store/vec4 v0x602ebb401570_0, 0, 32;
    %jmp T_11.745;
T_11.746 ;
    %pushi/vec4 4289724563, 0, 32;
    %ix/load 4, 0, 0;
    %flag_set/imm 4, 0;
    %store/vec4a v0x602ebb3fcd50, 4, 0;
    %pushi/vec4 4291821843, 0, 32;
    %ix/load 4, 1, 0;
    %flag_set/imm 4, 0;
    %store/vec4a v0x602ebb3fcd50, 4, 0;
    %pushi/vec4 4290773395, 0, 32;
    %ix/load 4, 2, 0;
    %flag_set/imm 4, 0;
    %store/vec4a v0x602ebb3fcd50, 4, 0;
    %pushi/vec4 4287627795, 0, 32;
    %ix/load 4, 3, 0;
    %flag_set/imm 4, 0;
    %store/vec4a v0x602ebb3fcd50, 4, 0;
    %pushi/vec4 1, 0, 1;
    %store/vec4 v0x602ebb401650_0, 0, 1;
    %fork TD_tb.tick, S_0x602ebb400e60;
    %join;
    %pushi/vec4 0, 0, 1;
    %store/vec4 v0x602ebb401650_0, 0, 1;
    %pushi/vec4 0, 0, 32;
    %store/vec4 v0x602ebb401210_0, 0, 32;
T_11.747 ;
    %load/vec4 v0x602ebb4012d0_0;
    %nor/r;
    %flag_set/vec4 9;
    %flag_get/vec4 9;
    %jmp/0 T_11.749, 9;
    %load/vec4 v0x602ebb401210_0;
    %cmpi/s 5000, 0, 32;
    %flag_get/vec4 5;
    %and;
T_11.749;
    %flag_set/vec4 8;
    %jmp/0xz T_11.748, 8;
    %fork TD_tb.tick, S_0x602ebb400e60;
    %join;
    %jmp T_11.747;
T_11.748 ;
    %vpi_call/w 5 1682 "$display", "BATCH_RESULT idx=149 prediction=%0d cycles=%0d halted=%0d", &A<v0x602ebb3fe380, 31>, v0x602ebb401210_0, v0x602ebb4012d0_0 {0 0 0};
    %pushi/vec4 0, 0, 32;
    %store/vec4 v0x602ebb401570_0, 0, 32;
T_11.750 ;
    %load/vec4 v0x602ebb401570_0;
    %cmpi/s 32, 0, 32;
    %jmp/0xz T_11.751, 5;
    %pushi/vec4 0, 0, 32;
    %ix/getv/s 4, v0x602ebb401570_0;
    %store/vec4a v0x602ebb3fe380, 4, 0;
    %load/vec4 v0x602ebb401570_0;
    %addi 1, 0, 32;
    %store/vec4 v0x602ebb401570_0, 0, 32;
    %jmp T_11.750;
T_11.751 ;
    %pushi/vec4 12583059, 0, 32;
    %ix/load 4, 0, 0;
    %flag_set/imm 4, 0;
    %store/vec4a v0x602ebb3fcd50, 4, 0;
    %pushi/vec4 4281336083, 0, 32;
    %ix/load 4, 1, 0;
    %flag_set/imm 4, 0;
    %store/vec4a v0x602ebb3fcd50, 4, 0;
    %pushi/vec4 12583315, 0, 32;
    %ix/load 4, 2, 0;
    %flag_set/imm 4, 0;
    %store/vec4a v0x602ebb3fcd50, 4, 0;
    %pushi/vec4 8389139, 0, 32;
    %ix/load 4, 3, 0;
    %flag_set/imm 4, 0;
    %store/vec4a v0x602ebb3fcd50, 4, 0;
    %pushi/vec4 1, 0, 1;
    %store/vec4 v0x602ebb401650_0, 0, 1;
    %fork TD_tb.tick, S_0x602ebb400e60;
    %join;
    %pushi/vec4 0, 0, 1;
    %store/vec4 v0x602ebb401650_0, 0, 1;
    %pushi/vec4 0, 0, 32;
    %store/vec4 v0x602ebb401210_0, 0, 32;
T_11.752 ;
    %load/vec4 v0x602ebb4012d0_0;
    %nor/r;
    %flag_set/vec4 9;
    %flag_get/vec4 9;
    %jmp/0 T_11.754, 9;
    %load/vec4 v0x602ebb401210_0;
    %cmpi/s 5000, 0, 32;
    %flag_get/vec4 5;
    %and;
T_11.754;
    %flag_set/vec4 8;
    %jmp/0xz T_11.753, 8;
    %fork TD_tb.tick, S_0x602ebb400e60;
    %join;
    %jmp T_11.752;
T_11.753 ;
    %vpi_call/w 5 1691 "$display", "BATCH_RESULT idx=150 prediction=%0d cycles=%0d halted=%0d", &A<v0x602ebb3fe380, 31>, v0x602ebb401210_0, v0x602ebb4012d0_0 {0 0 0};
    %pushi/vec4 0, 0, 32;
    %store/vec4 v0x602ebb401570_0, 0, 32;
T_11.755 ;
    %load/vec4 v0x602ebb401570_0;
    %cmpi/s 32, 0, 32;
    %jmp/0xz T_11.756, 5;
    %pushi/vec4 0, 0, 32;
    %ix/getv/s 4, v0x602ebb401570_0;
    %store/vec4a v0x602ebb3fe380, 4, 0;
    %load/vec4 v0x602ebb401570_0;
    %addi 1, 0, 32;
    %store/vec4 v0x602ebb401570_0, 0, 32;
    %jmp T_11.755;
T_11.756 ;
    %pushi/vec4 4285530259, 0, 32;
    %ix/load 4, 0, 0;
    %flag_set/imm 4, 0;
    %store/vec4a v0x602ebb3fcd50, 4, 0;
    %pushi/vec4 4281336083, 0, 32;
    %ix/load 4, 1, 0;
    %flag_set/imm 4, 0;
    %store/vec4a v0x602ebb3fcd50, 4, 0;
    %pushi/vec4 4285530515, 0, 32;
    %ix/load 4, 2, 0;
    %flag_set/imm 4, 0;
    %store/vec4a v0x602ebb3fcd50, 4, 0;
    %pushi/vec4 4285530643, 0, 32;
    %ix/load 4, 3, 0;
    %flag_set/imm 4, 0;
    %store/vec4a v0x602ebb3fcd50, 4, 0;
    %pushi/vec4 1, 0, 1;
    %store/vec4 v0x602ebb401650_0, 0, 1;
    %fork TD_tb.tick, S_0x602ebb400e60;
    %join;
    %pushi/vec4 0, 0, 1;
    %store/vec4 v0x602ebb401650_0, 0, 1;
    %pushi/vec4 0, 0, 32;
    %store/vec4 v0x602ebb401210_0, 0, 32;
T_11.757 ;
    %load/vec4 v0x602ebb4012d0_0;
    %nor/r;
    %flag_set/vec4 9;
    %flag_get/vec4 9;
    %jmp/0 T_11.759, 9;
    %load/vec4 v0x602ebb401210_0;
    %cmpi/s 5000, 0, 32;
    %flag_get/vec4 5;
    %and;
T_11.759;
    %flag_set/vec4 8;
    %jmp/0xz T_11.758, 8;
    %fork TD_tb.tick, S_0x602ebb400e60;
    %join;
    %jmp T_11.757;
T_11.758 ;
    %vpi_call/w 5 1700 "$display", "BATCH_RESULT idx=151 prediction=%0d cycles=%0d halted=%0d", &A<v0x602ebb3fe380, 31>, v0x602ebb401210_0, v0x602ebb4012d0_0 {0 0 0};
    %pushi/vec4 0, 0, 32;
    %store/vec4 v0x602ebb401570_0, 0, 32;
T_11.760 ;
    %load/vec4 v0x602ebb401570_0;
    %cmpi/s 32, 0, 32;
    %jmp/0xz T_11.761, 5;
    %pushi/vec4 0, 0, 32;
    %ix/getv/s 4, v0x602ebb401570_0;
    %store/vec4a v0x602ebb3fe380, 4, 0;
    %load/vec4 v0x602ebb401570_0;
    %addi 1, 0, 32;
    %store/vec4 v0x602ebb401570_0, 0, 32;
    %jmp T_11.760;
T_11.761 ;
    %pushi/vec4 4273995923, 0, 32;
    %ix/load 4, 0, 0;
    %flag_set/imm 4, 0;
    %store/vec4a v0x602ebb3fcd50, 4, 0;
    %pushi/vec4 4287627539, 0, 32;
    %ix/load 4, 1, 0;
    %flag_set/imm 4, 0;
    %store/vec4a v0x602ebb3fcd50, 4, 0;
    %pushi/vec4 4273996179, 0, 32;
    %ix/load 4, 2, 0;
    %flag_set/imm 4, 0;
    %store/vec4a v0x602ebb3fcd50, 4, 0;
    %pushi/vec4 4277142035, 0, 32;
    %ix/load 4, 3, 0;
    %flag_set/imm 4, 0;
    %store/vec4a v0x602ebb3fcd50, 4, 0;
    %pushi/vec4 1, 0, 1;
    %store/vec4 v0x602ebb401650_0, 0, 1;
    %fork TD_tb.tick, S_0x602ebb400e60;
    %join;
    %pushi/vec4 0, 0, 1;
    %store/vec4 v0x602ebb401650_0, 0, 1;
    %pushi/vec4 0, 0, 32;
    %store/vec4 v0x602ebb401210_0, 0, 32;
T_11.762 ;
    %load/vec4 v0x602ebb4012d0_0;
    %nor/r;
    %flag_set/vec4 9;
    %flag_get/vec4 9;
    %jmp/0 T_11.764, 9;
    %load/vec4 v0x602ebb401210_0;
    %cmpi/s 5000, 0, 32;
    %flag_get/vec4 5;
    %and;
T_11.764;
    %flag_set/vec4 8;
    %jmp/0xz T_11.763, 8;
    %fork TD_tb.tick, S_0x602ebb400e60;
    %join;
    %jmp T_11.762;
T_11.763 ;
    %vpi_call/w 5 1709 "$display", "BATCH_RESULT idx=152 prediction=%0d cycles=%0d halted=%0d", &A<v0x602ebb3fe380, 31>, v0x602ebb401210_0, v0x602ebb4012d0_0 {0 0 0};
    %pushi/vec4 0, 0, 32;
    %store/vec4 v0x602ebb401570_0, 0, 32;
T_11.765 ;
    %load/vec4 v0x602ebb401570_0;
    %cmpi/s 32, 0, 32;
    %jmp/0xz T_11.766, 5;
    %pushi/vec4 0, 0, 32;
    %ix/getv/s 4, v0x602ebb401570_0;
    %store/vec4a v0x602ebb3fe380, 4, 0;
    %load/vec4 v0x602ebb401570_0;
    %addi 1, 0, 32;
    %store/vec4 v0x602ebb401570_0, 0, 32;
    %jmp T_11.765;
T_11.766 ;
    %pushi/vec4 4292870291, 0, 32;
    %ix/load 4, 0, 0;
    %flag_set/imm 4, 0;
    %store/vec4a v0x602ebb3fcd50, 4, 0;
    %pushi/vec4 4292870419, 0, 32;
    %ix/load 4, 1, 0;
    %flag_set/imm 4, 0;
    %store/vec4a v0x602ebb3fcd50, 4, 0;
    %pushi/vec4 4292870547, 0, 32;
    %ix/load 4, 2, 0;
    %flag_set/imm 4, 0;
    %store/vec4a v0x602ebb3fcd50, 4, 0;
    %pushi/vec4 4290773523, 0, 32;
    %ix/load 4, 3, 0;
    %flag_set/imm 4, 0;
    %store/vec4a v0x602ebb3fcd50, 4, 0;
    %pushi/vec4 1, 0, 1;
    %store/vec4 v0x602ebb401650_0, 0, 1;
    %fork TD_tb.tick, S_0x602ebb400e60;
    %join;
    %pushi/vec4 0, 0, 1;
    %store/vec4 v0x602ebb401650_0, 0, 1;
    %pushi/vec4 0, 0, 32;
    %store/vec4 v0x602ebb401210_0, 0, 32;
T_11.767 ;
    %load/vec4 v0x602ebb4012d0_0;
    %nor/r;
    %flag_set/vec4 9;
    %flag_get/vec4 9;
    %jmp/0 T_11.769, 9;
    %load/vec4 v0x602ebb401210_0;
    %cmpi/s 5000, 0, 32;
    %flag_get/vec4 5;
    %and;
T_11.769;
    %flag_set/vec4 8;
    %jmp/0xz T_11.768, 8;
    %fork TD_tb.tick, S_0x602ebb400e60;
    %join;
    %jmp T_11.767;
T_11.768 ;
    %vpi_call/w 5 1718 "$display", "BATCH_RESULT idx=153 prediction=%0d cycles=%0d halted=%0d", &A<v0x602ebb3fe380, 31>, v0x602ebb401210_0, v0x602ebb4012d0_0 {0 0 0};
    %pushi/vec4 0, 0, 32;
    %store/vec4 v0x602ebb401570_0, 0, 32;
T_11.770 ;
    %load/vec4 v0x602ebb401570_0;
    %cmpi/s 32, 0, 32;
    %jmp/0xz T_11.771, 5;
    %pushi/vec4 0, 0, 32;
    %ix/getv/s 4, v0x602ebb401570_0;
    %store/vec4a v0x602ebb3fe380, 4, 0;
    %load/vec4 v0x602ebb401570_0;
    %addi 1, 0, 32;
    %store/vec4 v0x602ebb401570_0, 0, 32;
    %jmp T_11.770;
T_11.771 ;
    %pushi/vec4 4293918867, 0, 32;
    %ix/load 4, 0, 0;
    %flag_set/imm 4, 0;
    %store/vec4a v0x602ebb3fcd50, 4, 0;
    %pushi/vec4 4280287507, 0, 32;
    %ix/load 4, 1, 0;
    %flag_set/imm 4, 0;
    %store/vec4a v0x602ebb3fcd50, 4, 0;
    %pushi/vec4 4292870547, 0, 32;
    %ix/load 4, 2, 0;
    %flag_set/imm 4, 0;
    %store/vec4a v0x602ebb3fcd50, 4, 0;
    %pushi/vec4 4291822099, 0, 32;
    %ix/load 4, 3, 0;
    %flag_set/imm 4, 0;
    %store/vec4a v0x602ebb3fcd50, 4, 0;
    %pushi/vec4 1, 0, 1;
    %store/vec4 v0x602ebb401650_0, 0, 1;
    %fork TD_tb.tick, S_0x602ebb400e60;
    %join;
    %pushi/vec4 0, 0, 1;
    %store/vec4 v0x602ebb401650_0, 0, 1;
    %pushi/vec4 0, 0, 32;
    %store/vec4 v0x602ebb401210_0, 0, 32;
T_11.772 ;
    %load/vec4 v0x602ebb4012d0_0;
    %nor/r;
    %flag_set/vec4 9;
    %flag_get/vec4 9;
    %jmp/0 T_11.774, 9;
    %load/vec4 v0x602ebb401210_0;
    %cmpi/s 5000, 0, 32;
    %flag_get/vec4 5;
    %and;
T_11.774;
    %flag_set/vec4 8;
    %jmp/0xz T_11.773, 8;
    %fork TD_tb.tick, S_0x602ebb400e60;
    %join;
    %jmp T_11.772;
T_11.773 ;
    %vpi_call/w 5 1727 "$display", "BATCH_RESULT idx=154 prediction=%0d cycles=%0d halted=%0d", &A<v0x602ebb3fe380, 31>, v0x602ebb401210_0, v0x602ebb4012d0_0 {0 0 0};
    %pushi/vec4 0, 0, 32;
    %store/vec4 v0x602ebb401570_0, 0, 32;
T_11.775 ;
    %load/vec4 v0x602ebb401570_0;
    %cmpi/s 32, 0, 32;
    %jmp/0xz T_11.776, 5;
    %pushi/vec4 0, 0, 32;
    %ix/getv/s 4, v0x602ebb401570_0;
    %store/vec4a v0x602ebb3fe380, 4, 0;
    %load/vec4 v0x602ebb401570_0;
    %addi 1, 0, 32;
    %store/vec4 v0x602ebb401570_0, 0, 32;
    %jmp T_11.775;
T_11.776 ;
    %pushi/vec4 3145875, 0, 32;
    %ix/load 4, 0, 0;
    %flag_set/imm 4, 0;
    %store/vec4a v0x602ebb3fcd50, 4, 0;
    %pushi/vec4 4280287507, 0, 32;
    %ix/load 4, 1, 0;
    %flag_set/imm 4, 0;
    %store/vec4a v0x602ebb3fcd50, 4, 0;
    %pushi/vec4 1048979, 0, 32;
    %ix/load 4, 2, 0;
    %flag_set/imm 4, 0;
    %store/vec4a v0x602ebb3fcd50, 4, 0;
    %pushi/vec4 1049107, 0, 32;
    %ix/load 4, 3, 0;
    %flag_set/imm 4, 0;
    %store/vec4a v0x602ebb3fcd50, 4, 0;
    %pushi/vec4 1, 0, 1;
    %store/vec4 v0x602ebb401650_0, 0, 1;
    %fork TD_tb.tick, S_0x602ebb400e60;
    %join;
    %pushi/vec4 0, 0, 1;
    %store/vec4 v0x602ebb401650_0, 0, 1;
    %pushi/vec4 0, 0, 32;
    %store/vec4 v0x602ebb401210_0, 0, 32;
T_11.777 ;
    %load/vec4 v0x602ebb4012d0_0;
    %nor/r;
    %flag_set/vec4 9;
    %flag_get/vec4 9;
    %jmp/0 T_11.779, 9;
    %load/vec4 v0x602ebb401210_0;
    %cmpi/s 5000, 0, 32;
    %flag_get/vec4 5;
    %and;
T_11.779;
    %flag_set/vec4 8;
    %jmp/0xz T_11.778, 8;
    %fork TD_tb.tick, S_0x602ebb400e60;
    %join;
    %jmp T_11.777;
T_11.778 ;
    %vpi_call/w 5 1736 "$display", "BATCH_RESULT idx=155 prediction=%0d cycles=%0d halted=%0d", &A<v0x602ebb3fe380, 31>, v0x602ebb401210_0, v0x602ebb4012d0_0 {0 0 0};
    %pushi/vec4 0, 0, 32;
    %store/vec4 v0x602ebb401570_0, 0, 32;
T_11.780 ;
    %load/vec4 v0x602ebb401570_0;
    %cmpi/s 32, 0, 32;
    %jmp/0xz T_11.781, 5;
    %pushi/vec4 0, 0, 32;
    %ix/getv/s 4, v0x602ebb401570_0;
    %store/vec4a v0x602ebb3fe380, 4, 0;
    %load/vec4 v0x602ebb401570_0;
    %addi 1, 0, 32;
    %store/vec4 v0x602ebb401570_0, 0, 32;
    %jmp T_11.780;
T_11.781 ;
    %pushi/vec4 4285530259, 0, 32;
    %ix/load 4, 0, 0;
    %flag_set/imm 4, 0;
    %store/vec4a v0x602ebb3fcd50, 4, 0;
    %pushi/vec4 4266656019, 0, 32;
    %ix/load 4, 1, 0;
    %flag_set/imm 4, 0;
    %store/vec4a v0x602ebb3fcd50, 4, 0;
    %pushi/vec4 4285530515, 0, 32;
    %ix/load 4, 2, 0;
    %flag_set/imm 4, 0;
    %store/vec4a v0x602ebb3fcd50, 4, 0;
    %pushi/vec4 4285530643, 0, 32;
    %ix/load 4, 3, 0;
    %flag_set/imm 4, 0;
    %store/vec4a v0x602ebb3fcd50, 4, 0;
    %pushi/vec4 1, 0, 1;
    %store/vec4 v0x602ebb401650_0, 0, 1;
    %fork TD_tb.tick, S_0x602ebb400e60;
    %join;
    %pushi/vec4 0, 0, 1;
    %store/vec4 v0x602ebb401650_0, 0, 1;
    %pushi/vec4 0, 0, 32;
    %store/vec4 v0x602ebb401210_0, 0, 32;
T_11.782 ;
    %load/vec4 v0x602ebb4012d0_0;
    %nor/r;
    %flag_set/vec4 9;
    %flag_get/vec4 9;
    %jmp/0 T_11.784, 9;
    %load/vec4 v0x602ebb401210_0;
    %cmpi/s 5000, 0, 32;
    %flag_get/vec4 5;
    %and;
T_11.784;
    %flag_set/vec4 8;
    %jmp/0xz T_11.783, 8;
    %fork TD_tb.tick, S_0x602ebb400e60;
    %join;
    %jmp T_11.782;
T_11.783 ;
    %vpi_call/w 5 1745 "$display", "BATCH_RESULT idx=156 prediction=%0d cycles=%0d halted=%0d", &A<v0x602ebb3fe380, 31>, v0x602ebb401210_0, v0x602ebb4012d0_0 {0 0 0};
    %pushi/vec4 0, 0, 32;
    %store/vec4 v0x602ebb401570_0, 0, 32;
T_11.785 ;
    %load/vec4 v0x602ebb401570_0;
    %cmpi/s 32, 0, 32;
    %jmp/0xz T_11.786, 5;
    %pushi/vec4 0, 0, 32;
    %ix/getv/s 4, v0x602ebb401570_0;
    %store/vec4a v0x602ebb3fe380, 4, 0;
    %load/vec4 v0x602ebb401570_0;
    %addi 1, 0, 32;
    %store/vec4 v0x602ebb401570_0, 0, 32;
    %jmp T_11.785;
T_11.786 ;
    %pushi/vec4 4292870291, 0, 32;
    %ix/load 4, 0, 0;
    %flag_set/imm 4, 0;
    %store/vec4a v0x602ebb3fcd50, 4, 0;
    %pushi/vec4 4269801747, 0, 32;
    %ix/load 4, 1, 0;
    %flag_set/imm 4, 0;
    %store/vec4a v0x602ebb3fcd50, 4, 0;
    %pushi/vec4 4292870547, 0, 32;
    %ix/load 4, 2, 0;
    %flag_set/imm 4, 0;
    %store/vec4a v0x602ebb3fcd50, 4, 0;
    %pushi/vec4 4290773523, 0, 32;
    %ix/load 4, 3, 0;
    %flag_set/imm 4, 0;
    %store/vec4a v0x602ebb3fcd50, 4, 0;
    %pushi/vec4 1, 0, 1;
    %store/vec4 v0x602ebb401650_0, 0, 1;
    %fork TD_tb.tick, S_0x602ebb400e60;
    %join;
    %pushi/vec4 0, 0, 1;
    %store/vec4 v0x602ebb401650_0, 0, 1;
    %pushi/vec4 0, 0, 32;
    %store/vec4 v0x602ebb401210_0, 0, 32;
T_11.787 ;
    %load/vec4 v0x602ebb4012d0_0;
    %nor/r;
    %flag_set/vec4 9;
    %flag_get/vec4 9;
    %jmp/0 T_11.789, 9;
    %load/vec4 v0x602ebb401210_0;
    %cmpi/s 5000, 0, 32;
    %flag_get/vec4 5;
    %and;
T_11.789;
    %flag_set/vec4 8;
    %jmp/0xz T_11.788, 8;
    %fork TD_tb.tick, S_0x602ebb400e60;
    %join;
    %jmp T_11.787;
T_11.788 ;
    %vpi_call/w 5 1754 "$display", "BATCH_RESULT idx=157 prediction=%0d cycles=%0d halted=%0d", &A<v0x602ebb3fe380, 31>, v0x602ebb401210_0, v0x602ebb4012d0_0 {0 0 0};
    %pushi/vec4 0, 0, 32;
    %store/vec4 v0x602ebb401570_0, 0, 32;
T_11.790 ;
    %load/vec4 v0x602ebb401570_0;
    %cmpi/s 32, 0, 32;
    %jmp/0xz T_11.791, 5;
    %pushi/vec4 0, 0, 32;
    %ix/getv/s 4, v0x602ebb401570_0;
    %store/vec4a v0x602ebb3fe380, 4, 0;
    %load/vec4 v0x602ebb401570_0;
    %addi 1, 0, 32;
    %store/vec4 v0x602ebb401570_0, 0, 32;
    %jmp T_11.790;
T_11.791 ;
    %pushi/vec4 4280287379, 0, 32;
    %ix/load 4, 0, 0;
    %flag_set/imm 4, 0;
    %store/vec4a v0x602ebb3fcd50, 4, 0;
    %pushi/vec4 4273996051, 0, 32;
    %ix/load 4, 1, 0;
    %flag_set/imm 4, 0;
    %store/vec4a v0x602ebb3fcd50, 4, 0;
    %pushi/vec4 4279239059, 0, 32;
    %ix/load 4, 2, 0;
    %flag_set/imm 4, 0;
    %store/vec4a v0x602ebb3fcd50, 4, 0;
    %pushi/vec4 4281336339, 0, 32;
    %ix/load 4, 3, 0;
    %flag_set/imm 4, 0;
    %store/vec4a v0x602ebb3fcd50, 4, 0;
    %pushi/vec4 1, 0, 1;
    %store/vec4 v0x602ebb401650_0, 0, 1;
    %fork TD_tb.tick, S_0x602ebb400e60;
    %join;
    %pushi/vec4 0, 0, 1;
    %store/vec4 v0x602ebb401650_0, 0, 1;
    %pushi/vec4 0, 0, 32;
    %store/vec4 v0x602ebb401210_0, 0, 32;
T_11.792 ;
    %load/vec4 v0x602ebb4012d0_0;
    %nor/r;
    %flag_set/vec4 9;
    %flag_get/vec4 9;
    %jmp/0 T_11.794, 9;
    %load/vec4 v0x602ebb401210_0;
    %cmpi/s 5000, 0, 32;
    %flag_get/vec4 5;
    %and;
T_11.794;
    %flag_set/vec4 8;
    %jmp/0xz T_11.793, 8;
    %fork TD_tb.tick, S_0x602ebb400e60;
    %join;
    %jmp T_11.792;
T_11.793 ;
    %vpi_call/w 5 1763 "$display", "BATCH_RESULT idx=158 prediction=%0d cycles=%0d halted=%0d", &A<v0x602ebb3fe380, 31>, v0x602ebb401210_0, v0x602ebb4012d0_0 {0 0 0};
    %pushi/vec4 0, 0, 32;
    %store/vec4 v0x602ebb401570_0, 0, 32;
T_11.795 ;
    %load/vec4 v0x602ebb401570_0;
    %cmpi/s 32, 0, 32;
    %jmp/0xz T_11.796, 5;
    %pushi/vec4 0, 0, 32;
    %ix/getv/s 4, v0x602ebb401570_0;
    %store/vec4a v0x602ebb3fe380, 4, 0;
    %load/vec4 v0x602ebb401570_0;
    %addi 1, 0, 32;
    %store/vec4 v0x602ebb401570_0, 0, 32;
    %jmp T_11.795;
T_11.796 ;
    %pushi/vec4 4285530259, 0, 32;
    %ix/load 4, 0, 0;
    %flag_set/imm 4, 0;
    %store/vec4a v0x602ebb3fcd50, 4, 0;
    %pushi/vec4 4293918995, 0, 32;
    %ix/load 4, 1, 0;
    %flag_set/imm 4, 0;
    %store/vec4a v0x602ebb3fcd50, 4, 0;
    %pushi/vec4 4284481939, 0, 32;
    %ix/load 4, 2, 0;
    %flag_set/imm 4, 0;
    %store/vec4a v0x602ebb3fcd50, 4, 0;
    %pushi/vec4 4285530643, 0, 32;
    %ix/load 4, 3, 0;
    %flag_set/imm 4, 0;
    %store/vec4a v0x602ebb3fcd50, 4, 0;
    %pushi/vec4 1, 0, 1;
    %store/vec4 v0x602ebb401650_0, 0, 1;
    %fork TD_tb.tick, S_0x602ebb400e60;
    %join;
    %pushi/vec4 0, 0, 1;
    %store/vec4 v0x602ebb401650_0, 0, 1;
    %pushi/vec4 0, 0, 32;
    %store/vec4 v0x602ebb401210_0, 0, 32;
T_11.797 ;
    %load/vec4 v0x602ebb4012d0_0;
    %nor/r;
    %flag_set/vec4 9;
    %flag_get/vec4 9;
    %jmp/0 T_11.799, 9;
    %load/vec4 v0x602ebb401210_0;
    %cmpi/s 5000, 0, 32;
    %flag_get/vec4 5;
    %and;
T_11.799;
    %flag_set/vec4 8;
    %jmp/0xz T_11.798, 8;
    %fork TD_tb.tick, S_0x602ebb400e60;
    %join;
    %jmp T_11.797;
T_11.798 ;
    %vpi_call/w 5 1772 "$display", "BATCH_RESULT idx=159 prediction=%0d cycles=%0d halted=%0d", &A<v0x602ebb3fe380, 31>, v0x602ebb401210_0, v0x602ebb4012d0_0 {0 0 0};
    %pushi/vec4 0, 0, 32;
    %store/vec4 v0x602ebb401570_0, 0, 32;
T_11.800 ;
    %load/vec4 v0x602ebb401570_0;
    %cmpi/s 32, 0, 32;
    %jmp/0xz T_11.801, 5;
    %pushi/vec4 0, 0, 32;
    %ix/getv/s 4, v0x602ebb401570_0;
    %store/vec4a v0x602ebb3fe380, 4, 0;
    %load/vec4 v0x602ebb401570_0;
    %addi 1, 0, 32;
    %store/vec4 v0x602ebb401570_0, 0, 32;
    %jmp T_11.800;
T_11.801 ;
    %pushi/vec4 4280287379, 0, 32;
    %ix/load 4, 0, 0;
    %flag_set/imm 4, 0;
    %store/vec4a v0x602ebb3fcd50, 4, 0;
    %pushi/vec4 4291821843, 0, 32;
    %ix/load 4, 1, 0;
    %flag_set/imm 4, 0;
    %store/vec4a v0x602ebb3fcd50, 4, 0;
    %pushi/vec4 4280287635, 0, 32;
    %ix/load 4, 2, 0;
    %flag_set/imm 4, 0;
    %store/vec4a v0x602ebb3fcd50, 4, 0;
    %pushi/vec4 4281336339, 0, 32;
    %ix/load 4, 3, 0;
    %flag_set/imm 4, 0;
    %store/vec4a v0x602ebb3fcd50, 4, 0;
    %pushi/vec4 1, 0, 1;
    %store/vec4 v0x602ebb401650_0, 0, 1;
    %fork TD_tb.tick, S_0x602ebb400e60;
    %join;
    %pushi/vec4 0, 0, 1;
    %store/vec4 v0x602ebb401650_0, 0, 1;
    %pushi/vec4 0, 0, 32;
    %store/vec4 v0x602ebb401210_0, 0, 32;
T_11.802 ;
    %load/vec4 v0x602ebb4012d0_0;
    %nor/r;
    %flag_set/vec4 9;
    %flag_get/vec4 9;
    %jmp/0 T_11.804, 9;
    %load/vec4 v0x602ebb401210_0;
    %cmpi/s 5000, 0, 32;
    %flag_get/vec4 5;
    %and;
T_11.804;
    %flag_set/vec4 8;
    %jmp/0xz T_11.803, 8;
    %fork TD_tb.tick, S_0x602ebb400e60;
    %join;
    %jmp T_11.802;
T_11.803 ;
    %vpi_call/w 5 1781 "$display", "BATCH_RESULT idx=160 prediction=%0d cycles=%0d halted=%0d", &A<v0x602ebb3fe380, 31>, v0x602ebb401210_0, v0x602ebb4012d0_0 {0 0 0};
    %pushi/vec4 0, 0, 32;
    %store/vec4 v0x602ebb401570_0, 0, 32;
T_11.805 ;
    %load/vec4 v0x602ebb401570_0;
    %cmpi/s 32, 0, 32;
    %jmp/0xz T_11.806, 5;
    %pushi/vec4 0, 0, 32;
    %ix/getv/s 4, v0x602ebb401570_0;
    %store/vec4a v0x602ebb3fe380, 4, 0;
    %load/vec4 v0x602ebb401570_0;
    %addi 1, 0, 32;
    %store/vec4 v0x602ebb401570_0, 0, 32;
    %jmp T_11.805;
T_11.806 ;
    %pushi/vec4 4194451, 0, 32;
    %ix/load 4, 0, 0;
    %flag_set/imm 4, 0;
    %store/vec4a v0x602ebb3fcd50, 4, 0;
    %pushi/vec4 4287627539, 0, 32;
    %ix/load 4, 1, 0;
    %flag_set/imm 4, 0;
    %store/vec4a v0x602ebb3fcd50, 4, 0;
    %pushi/vec4 4194707, 0, 32;
    %ix/load 4, 2, 0;
    %flag_set/imm 4, 0;
    %store/vec4a v0x602ebb3fcd50, 4, 0;
    %pushi/vec4 2097683, 0, 32;
    %ix/load 4, 3, 0;
    %flag_set/imm 4, 0;
    %store/vec4a v0x602ebb3fcd50, 4, 0;
    %pushi/vec4 1, 0, 1;
    %store/vec4 v0x602ebb401650_0, 0, 1;
    %fork TD_tb.tick, S_0x602ebb400e60;
    %join;
    %pushi/vec4 0, 0, 1;
    %store/vec4 v0x602ebb401650_0, 0, 1;
    %pushi/vec4 0, 0, 32;
    %store/vec4 v0x602ebb401210_0, 0, 32;
T_11.807 ;
    %load/vec4 v0x602ebb4012d0_0;
    %nor/r;
    %flag_set/vec4 9;
    %flag_get/vec4 9;
    %jmp/0 T_11.809, 9;
    %load/vec4 v0x602ebb401210_0;
    %cmpi/s 5000, 0, 32;
    %flag_get/vec4 5;
    %and;
T_11.809;
    %flag_set/vec4 8;
    %jmp/0xz T_11.808, 8;
    %fork TD_tb.tick, S_0x602ebb400e60;
    %join;
    %jmp T_11.807;
T_11.808 ;
    %vpi_call/w 5 1790 "$display", "BATCH_RESULT idx=161 prediction=%0d cycles=%0d halted=%0d", &A<v0x602ebb3fe380, 31>, v0x602ebb401210_0, v0x602ebb4012d0_0 {0 0 0};
    %pushi/vec4 0, 0, 32;
    %store/vec4 v0x602ebb401570_0, 0, 32;
T_11.810 ;
    %load/vec4 v0x602ebb401570_0;
    %cmpi/s 32, 0, 32;
    %jmp/0xz T_11.811, 5;
    %pushi/vec4 0, 0, 32;
    %ix/getv/s 4, v0x602ebb401570_0;
    %store/vec4a v0x602ebb3fe380, 4, 0;
    %load/vec4 v0x602ebb401570_0;
    %addi 1, 0, 32;
    %store/vec4 v0x602ebb401570_0, 0, 32;
    %jmp T_11.810;
T_11.811 ;
    %pushi/vec4 4260364435, 0, 32;
    %ix/load 4, 0, 0;
    %flag_set/imm 4, 0;
    %store/vec4a v0x602ebb3fcd50, 4, 0;
    %pushi/vec4 22020371, 0, 32;
    %ix/load 4, 1, 0;
    %flag_set/imm 4, 0;
    %store/vec4a v0x602ebb3fcd50, 4, 0;
    %pushi/vec4 4260364691, 0, 32;
    %ix/load 4, 2, 0;
    %flag_set/imm 4, 0;
    %store/vec4a v0x602ebb3fcd50, 4, 0;
    %pushi/vec4 4268753427, 0, 32;
    %ix/load 4, 3, 0;
    %flag_set/imm 4, 0;
    %store/vec4a v0x602ebb3fcd50, 4, 0;
    %pushi/vec4 1, 0, 1;
    %store/vec4 v0x602ebb401650_0, 0, 1;
    %fork TD_tb.tick, S_0x602ebb400e60;
    %join;
    %pushi/vec4 0, 0, 1;
    %store/vec4 v0x602ebb401650_0, 0, 1;
    %pushi/vec4 0, 0, 32;
    %store/vec4 v0x602ebb401210_0, 0, 32;
T_11.812 ;
    %load/vec4 v0x602ebb4012d0_0;
    %nor/r;
    %flag_set/vec4 9;
    %flag_get/vec4 9;
    %jmp/0 T_11.814, 9;
    %load/vec4 v0x602ebb401210_0;
    %cmpi/s 5000, 0, 32;
    %flag_get/vec4 5;
    %and;
T_11.814;
    %flag_set/vec4 8;
    %jmp/0xz T_11.813, 8;
    %fork TD_tb.tick, S_0x602ebb400e60;
    %join;
    %jmp T_11.812;
T_11.813 ;
    %vpi_call/w 5 1799 "$display", "BATCH_RESULT idx=162 prediction=%0d cycles=%0d halted=%0d", &A<v0x602ebb3fe380, 31>, v0x602ebb401210_0, v0x602ebb4012d0_0 {0 0 0};
    %pushi/vec4 0, 0, 32;
    %store/vec4 v0x602ebb401570_0, 0, 32;
T_11.815 ;
    %load/vec4 v0x602ebb401570_0;
    %cmpi/s 32, 0, 32;
    %jmp/0xz T_11.816, 5;
    %pushi/vec4 0, 0, 32;
    %ix/getv/s 4, v0x602ebb401570_0;
    %store/vec4a v0x602ebb3fe380, 4, 0;
    %load/vec4 v0x602ebb401570_0;
    %addi 1, 0, 32;
    %store/vec4 v0x602ebb401570_0, 0, 32;
    %jmp T_11.815;
T_11.816 ;
    %pushi/vec4 4271898771, 0, 32;
    %ix/load 4, 0, 0;
    %flag_set/imm 4, 0;
    %store/vec4a v0x602ebb3fcd50, 4, 0;
    %pushi/vec4 4278190355, 0, 32;
    %ix/load 4, 1, 0;
    %flag_set/imm 4, 0;
    %store/vec4a v0x602ebb3fcd50, 4, 0;
    %pushi/vec4 4272947603, 0, 32;
    %ix/load 4, 2, 0;
    %flag_set/imm 4, 0;
    %store/vec4a v0x602ebb3fcd50, 4, 0;
    %pushi/vec4 4276093459, 0, 32;
    %ix/load 4, 3, 0;
    %flag_set/imm 4, 0;
    %store/vec4a v0x602ebb3fcd50, 4, 0;
    %pushi/vec4 1, 0, 1;
    %store/vec4 v0x602ebb401650_0, 0, 1;
    %fork TD_tb.tick, S_0x602ebb400e60;
    %join;
    %pushi/vec4 0, 0, 1;
    %store/vec4 v0x602ebb401650_0, 0, 1;
    %pushi/vec4 0, 0, 32;
    %store/vec4 v0x602ebb401210_0, 0, 32;
T_11.817 ;
    %load/vec4 v0x602ebb4012d0_0;
    %nor/r;
    %flag_set/vec4 9;
    %flag_get/vec4 9;
    %jmp/0 T_11.819, 9;
    %load/vec4 v0x602ebb401210_0;
    %cmpi/s 5000, 0, 32;
    %flag_get/vec4 5;
    %and;
T_11.819;
    %flag_set/vec4 8;
    %jmp/0xz T_11.818, 8;
    %fork TD_tb.tick, S_0x602ebb400e60;
    %join;
    %jmp T_11.817;
T_11.818 ;
    %vpi_call/w 5 1808 "$display", "BATCH_RESULT idx=163 prediction=%0d cycles=%0d halted=%0d", &A<v0x602ebb3fe380, 31>, v0x602ebb401210_0, v0x602ebb4012d0_0 {0 0 0};
    %vpi_call/w 5 1810 "$finish" {0 0 0};
    %end;
    .thread T_11;
# The file index is used to find the file name in the following table.
:file_names 12;
    "N/A";
    "<interactive>";
    "-";
    "/app/rtl/counter.sv";
    "/app/rtl/register.sv";
    "/app/generated/batch_random_forest_tb.sv";
    "/app/rtl/cpu.sv";
    "/app/rtl/ai_accelerator.sv";
    "/app/rtl/alu.sv";
    "/app/rtl/decoder.sv";
    "/app/rtl/instruction_memory.sv";
    "/app/rtl/register_file.sv";
